{
  "기본정보": {
    "항목_0": "1 / 2",
    "항목_1": "전북대학교 강의계획서 (2025년 1학기)",
    "항목_2": "교과목 코드",
    "항목_3": "E-mail",
    "항목_4": "kykwak@jbnu.ac.kr",
    "항목_5": "전공선택",
    "항목_6": "연구실",
    "항목_7": "공과대학 1호관 311호",
    "항목_8": "담당교수명",
    "항목_9": "연락처",
    "항목_10": "곽기영",
    "항목_11": "010-4590-8630",
    "항목_12": "1",
    "항목_13": "3",
    "항목_14": "0000120696",
    "항목_15": "학점",
    "항목_16": "분반",
    "항목_17": "교과목 구분",
    "항목_18": "교과목명",
    "항목_19": "3D구조해석및실습",
    "항목_20": "학과/학년",
    "항목_21": "바이오(헬스케어기기) 4",
    "항목_22": "상담가능시간",
    "항목_23": "이메일 혹은 문자로 먼저 연락주세요.",
    "항목_24": "1. 강의 기본정보",
    "항목_25": "강의실",
    "전주": "공과대학 8호관 402",
    "항목_27": "요일/시간",
    "항목_28": "수 4-A,수 4-B,수 5-A,수 5-B,금 3-A,금 3-B,금 4-A,금 4-B",
    "항목_29": "수업목표",
    "항목_30": "수업목표\n- CAE 및 유한요소해석의 기본 원리부터 시작하여 다양한 적용 예를 따라하면서 기계구조의 3차원 모델링 및 물리적 해석 방법을 학습.\n- CAE 및 유한요소해석에 대한 이해와 응용, 현업에서 바로 활용할 수 있는 컴퓨터를 이용한 CAE 능력 배양\n\n수업설명\n- CAE 및 유한요소해석에 대한 이론 강의.\n- 상용 CAD 소프트웨어인 CATIA V5의 기능 중, Generative Structural Analysis에서 수행할 수 있는 Statics Analysis, Normal Mode, Buckling 해석 및 온도 효과를 고려한 유한요소해석.\n- 특히, 다양한 Linear Statics Analysis 해석 예를 실제 제품을 분석하는 것처럼 결과 분석에 대한 접근 방식을 학습하고 실습."
  },
  "평가방법": {
    "항목_0": "A(%)",
    "항목_1": "A+B(%)",
    "항목_2": "C이하(%)",
    "항목_3": "총비율",
    "항목_4": "50",
    "항목_5": "80",
    "항목_6": "20",
    "항목_7": "100%",
    "항목_8": "절대평가 기준",
    "항목_9": "상대평가 비율",
    "항목_10": "상대평가Ⅱ",
    "항목_11": "- 강의",
    "항목_12": "√",
    "항목_13": "√",
    "기타": "",
    "항목_15": "- 과제",
    "항목_16": "√",
    "항목_17": "* 장애학생 교수학습지원 사항",
    "항목_18": "- 평가",
    "항목_19": "√",
    "항목_20": "참고\n사항",
    "항목_21": "강의 파일, 자료 등 제공",
    "항목_22": "좌석배치(지정좌석) 조정",
    "항목_23": "과제 제출기한 연장",
    "항목_24": "대안적 과제 제시",
    "항목_25": "시험시간 연장",
    "항목_26": "별도의 시험 장소 제공",
    "항목_27": "※ 위 지원사항 등을 포함한 강의, 과제, 시험 등 학습과정에서 장애로 인하여 추가 지원이\n     필요한 경우 개강전 담당강사 및 장애학습 지원센터를 통해 문의 바랍니다.",
    "그 외(필요시 자유로이 추가 기술)": "",
    "항목_29": "주별",
    "항목_30": "수업목표",
    "항목_31": "수업내용",
    "항목_32": "수업방식",
    "항목_33": "주별 강의내용",
    "항목_34": "자료, 과제 및\n기타 참고사항",
    "항목_35": "온라인",
    "항목_36": "오프라인",
    "항목_37": "수업방식별시간"
  },
  "핵심역량": {
    "항목_0": "직전강의평가\n및\nCQI반영사항",
    "항목_1": "없음",
    "항목_2": "구분",
    "항목_3": "소통역량",
    "항목_4": "창의역량",
    "항목_5": "인성역량",
    "항목_6": "실무역량",
    "항목_7": "도전역량",
    "항목_8": "문화역량",
    "항목_9": "합계",
    "항목_10": "대표역량",
    "항목_11": "비율(%)",
    "항목_12": "0",
    "항목_13": "30",
    "항목_14": "0",
    "항목_15": "40",
    "항목_16": "30",
    "항목_17": "0",
    "항목_18": "100",
    "항목_19": "교과목간의\n연계성",
    "항목_20": "주교재",
    "항목_21": "CATIA V5 유한요소 해석법 상황별 실용 예제 따라하기 (고재철 외 3명/(주)온솔루션인티그레이션/2018)",
    "항목_22": "저자",
    "항목_23": "참고자료",
    "CATIA를 이용한 구조해석": "STRUCTURAL ANALYSIS (김동주 외 2명/청담북스/2016)",
    "항목_25": "고재철 외 3명",
    "항목_26": "출판사",
    "항목_27": "온솔루션인티그레이션",
    "항목_28": "출판년도",
    "항목_29": "2018",
    "항목_30": "교재언어",
    "항목_31": "권장 선수과목",
    "항목_32": "한국어",
    "항목_33": "강의언어",
    "항목_34": "한국어",
    "항목_35": "필요 기자재",
    "항목_36": "PC/Notebook/Projector/CATIA V5 Licence",
    "항목_37": "3D 설계기법 및 실습",
    "항목_38": "권장 후수과목",
    "항목_39": "DA",
    "항목_40": "수업방식\n(복수가능√)",
    "항목_41": "강의",
    "항목_42": "발표/토론",
    "항목_43": "PBL",
    "항목_44": "플립러닝",
    "항목_45": "LMS활용",
    "항목_46": "실험실습",
    "항목_47": "기타",
    "항목_48": "√",
    "항목_49": "√",
    "항목_50": "수업운영방향",
    "항목_51": "평가계획\n(100%)",
    "항목_52": "중간",
    "항목_53": "기말",
    "항목_54": "출석",
    "항목_55": "과제물",
    "항목_56": "안전교육",
    "항목_57": "발표/토론",
    "항목_58": "수업태도",
    "항목_59": "기타",
    "항목_60": "30%",
    "항목_61": "30%",
    "항목_62": "10%",
    "항목_63": "20%",
    "항목_64": "0%",
    "항목_65": "0%",
    "항목_66": "5%",
    "항목_67": "5%",
    "항목_68": "평가참고사항"
  }
}