{
  "기본정보": {
    "항목_0": "1 / 2",
    "항목_1": "전북대학교 강의계획서 (2025년 1학기)",
    "항목_2": "교과목 코드",
    "항목_3": "E-mail",
    "항목_4": "scnah@nate.com",
    "항목_5": "전공선택",
    "항목_6": "연구실",
    "항목_7": "담당교수명",
    "항목_8": "연락처",
    "항목_9": "나석찬",
    "항목_10": "010-7156-3922",
    "항목_11": "2",
    "항목_12": "3",
    "항목_13": "0000123696",
    "항목_14": "학점",
    "항목_15": "분반",
    "항목_16": "교과목 구분",
    "항목_17": "교과목명",
    "항목_18": "CATIA및실습",
    "항목_19": "학과/학년",
    "항목_20": "융합기술공학부(IT융합기전공학)(재) 3",
    "항목_21": "상담가능시간",
    "항목_22": "사전연락",
    "항목_23": "1. 강의 기본정보",
    "항목_24": "강의실",
    "새만금": "캠퍼스관 102",
    "항목_26": "요일/시간",
    "항목_27": "토 5-A,토 5-B,토 6-A,토 6-B,토 7-A,토 7-B,토 8-A,토 8-B",
    "항목_28": "수업목표",
    "항목_29": "본 강의는 3차원 설계 능력을 학습하기 위하여 컴퓨터를 활용한 기본적인 3D 설계의 원리를 학습하고 또한, 다양한 3차원 형상 모델링을 실습하여 3D 설계에 대한 이해와 사용 능력을 함양한다.\n이를 위하여 개인용 PC 사용을 기반으로 하는 사용 소프트웨어인 CATIA V5의 2D Sketcher 및 3D Part Design Workbench 등의 여러가지 CATIA 기능을 학습을 통하여\n3D Solid Model의 설계를 수행할 수 있는 능력을 갖추는 것을 목표로 한다."
  },
  "평가방법": {
    "항목_0": "A(%)",
    "항목_1": "A+B(%)",
    "항목_2": "C이하(%)",
    "항목_3": "총비율",
    "항목_4": "0",
    "항목_5": "0",
    "항목_6": "0",
    "항목_7": "100%",
    "항목_8": "절대평가 기준",
    "항목_9": "상대평가 비율",
    "항목_10": "상대평가Ⅰ(A40%)",
    "항목_11": "- 강의",
    "항목_12": "√",
    "기타": "",
    "항목_14": "- 과제",
    "항목_15": "√",
    "항목_16": "* 장애학생 교수학습지원 사항",
    "항목_17": "- 평가",
    "항목_18": "√",
    "항목_19": "참고\n사항",
    "항목_20": "강의 파일, 자료 등 제공",
    "항목_21": "좌석배치(지정좌석) 조정",
    "항목_22": "과제 제출기한 연장",
    "항목_23": "대안적 과제 제시",
    "항목_24": "시험시간 연장",
    "항목_25": "별도의 시험 장소 제공",
    "항목_26": "※ 위 지원사항 등을 포함한 강의, 과제, 시험 등 학습과정에서 장애로 인하여 추가 지원이\n     필요한 경우 개강전 담당강사 및 장애학습 지원센터를 통해 문의 바랍니다.",
    "그 외(필요시 자유로이 추가 기술)": "",
    "항목_28": "주별",
    "항목_29": "수업목표",
    "항목_30": "수업내용",
    "항목_31": "수업방식",
    "항목_32": "주별 강의내용",
    "항목_33": "자료, 과제 및\n기타 참고사항",
    "항목_34": "온라인",
    "항목_35": "오프라인",
    "항목_36": "수업방식별시간"
  },
  "핵심역량": {
    "항목_0": "직전강의평가\n및\nCQI반영사항",
    "항목_1": "학생들의 본 강의에 대한 이해도와 수준을 빠르고 정확하게 파악하여 학습 진도의 난이도를 조절한다. 또한, 3D 설계 능력의 향상을 위하여 다양한 분야의 예제들을 다루어보고자 한다.",
    "항목_2": "구분",
    "항목_3": "소통역량",
    "항목_4": "창의역량",
    "항목_5": "인성역량",
    "항목_6": "실무역량",
    "항목_7": "도전역량",
    "항목_8": "문화역량",
    "항목_9": "합계",
    "항목_10": "대표역량",
    "항목_11": "비율(%)",
    "항목_12": "20",
    "항목_13": "30",
    "항목_14": "10",
    "항목_15": "30",
    "항목_16": "5",
    "항목_17": "5",
    "항목_18": "100",
    "항목_19": "교과목간의\n연계성",
    "항목_20": "주교재",
    "항목_21": "제2판 CATIA V5R20",
    "항목_22": "저자",
    "항목_23": "참고자료",
    "항목_24": "CATIA V5-3D 실기 실무 (이영숙·박종건 / 예문사 / 2021년 9월 30일)",
    "항목_25": "김광석·정시영",
    "항목_26": "출판사",
    "항목_27": "문운당",
    "항목_28": "출판년도",
    "항목_29": "2019년",
    "항목_30": "교재언어",
    "항목_31": "권장 선수과목",
    "항목_32": "한국어",
    "항목_33": "강의언어",
    "항목_34": "한국어",
    "항목_35": "필요 기자재",
    "항목_36": "권장 후수과목",
    "항목_37": "DA",
    "항목_38": "수업방식\n(복수가능√)",
    "항목_39": "강의",
    "항목_40": "발표/토론",
    "항목_41": "PBL",
    "항목_42": "플립러닝",
    "항목_43": "LMS활용",
    "항목_44": "실험실습",
    "항목_45": "기타",
    "항목_46": "√",
    "항목_47": "√",
    "항목_48": "수업운영방향",
    "항목_49": "평가계획\n(100%)",
    "항목_50": "중간",
    "항목_51": "기말",
    "항목_52": "출석",
    "항목_53": "과제물",
    "항목_54": "안전교육",
    "항목_55": "발표/토론",
    "항목_56": "수업태도",
    "항목_57": "기타",
    "항목_58": "30%",
    "항목_59": "30%",
    "항목_60": "10%",
    "항목_61": "20%",
    "항목_62": "0%",
    "항목_63": "0%",
    "항목_64": "10%",
    "항목_65": "0%",
    "항목_66": "평가참고사항",
    "항목_67": "출석(지각)과 수업 태도에 주의하시기 바람."
  }
}