{
  "기본정보": {
    "항목_0": "1 / 2",
    "항목_1": "전북대학교 강의계획서 (2025년 1학기)",
    "항목_2": "교과목 코드",
    "항목_3": "E-mail",
    "항목_4": "yoonjy@jbnu.ac.kr",
    "항목_5": "전공선택",
    "항목_6": "연구실",
    "항목_7": "공대3호관206-1호",
    "항목_8": "담당교수명",
    "항목_9": "연락처",
    "항목_10": "윤재영",
    "항목_11": "01066460852",
    "항목_12": "1",
    "항목_13": "3",
    "항목_14": "0000125282",
    "항목_15": "학점",
    "항목_16": "분반",
    "항목_17": "교과목 구분",
    "항목_18": "교과목명",
    "항목_19": "CNC가공시스템",
    "항목_20": "학과/학년",
    "항목_21": "기계시스템 4,기계시스템(응용기계) 4,기계시스템(정밀기계) 4",
    "항목_22": "상담가능시간",
    "항목_23": "화1~8",
    "항목_24": "1. 강의 기본정보",
    "항목_25": "강의실",
    "전주": "공과대학 4호관 126",
    "항목_27": "요일/시간",
    "항목_28": "월 3-A,월 3-B,월 4-A,월 4-B,수 3-A,수 3-B",
    "항목_29": "수업목표",
    "항목_30": "산업사회가 다양화. 다원화 되어가면서 국가간에 치열한 경쟁력을 극복하기 위하여 생산성 향상과 품질향상을 위한 방안으로 생산자동화, 공장자동화가 활발히 진행되고 있다. 기계공업에 있어서 CNC 기술은 제품생산의 합리화와 성력화에 필수적이며, FMS와 FA의 핵심기술이다.\nCNC란 Computerized Numerical Control의 약어로 컴퓨터를 이용한 수치제어를 의미한다. 즉, CNC공작시스템이란 컴퓨터를 이용하여 수치제어를 해서 가공물을 자동으로 가공하는 시스템을 의미한다.\n본 수업에서는 CNC공작기계를 합리적이고 능률적으로 운용하기 위해 강공프로그램을 작성하는법을 교육한다."
  },
  "평가방법": {
    "항목_0": "A(%)",
    "항목_1": "A+B(%)",
    "항목_2": "C이하(%)",
    "항목_3": "총비율",
    "항목_4": "30",
    "항목_5": "90",
    "항목_6": "10",
    "항목_7": "100%",
    "항목_8": "절대평가 기준",
    "항목_9": "상대평가 비율",
    "항목_10": "상대평가Ⅱ",
    "항목_11": "- 강의",
    "항목_12": "√",
    "기타": "",
    "항목_14": "- 과제",
    "항목_15": "√",
    "항목_16": "* 장애학생 교수학습지원 사항",
    "항목_17": "- 평가",
    "항목_18": "√",
    "항목_19": "참고\n사항",
    "항목_20": "강의 파일, 자료 등 제공",
    "항목_21": "좌석배치(지정좌석) 조정",
    "항목_22": "과제 제출기한 연장",
    "항목_23": "대안적 과제 제시",
    "항목_24": "시험시간 연장",
    "항목_25": "별도의 시험 장소 제공",
    "항목_26": "※ 위 지원사항 등을 포함한 강의, 과제, 시험 등 학습과정에서 장애로 인하여 추가 지원이\n     필요한 경우 개강전 담당강사 및 장애학습 지원센터를 통해 문의 바랍니다.",
    "그 외(필요시 자유로이 추가 기술)": "",
    "항목_28": "주별",
    "항목_29": "수업목표",
    "항목_30": "수업내용",
    "항목_31": "수업방식",
    "항목_32": "주별 강의내용",
    "항목_33": "자료, 과제 및\n기타 참고사항",
    "항목_34": "온라인",
    "항목_35": "오프라인",
    "항목_36": "수업방식별시간"
  },
  "핵심역량": {
    "항목_0": "직전강의평가\n및\nCQI반영사항",
    "항목_1": "없음",
    "항목_2": "구분",
    "항목_3": "소통역량",
    "항목_4": "창의역량",
    "항목_5": "인성역량",
    "항목_6": "실무역량",
    "항목_7": "도전역량",
    "항목_8": "문화역량",
    "항목_9": "합계",
    "항목_10": "대표역량",
    "항목_11": "비율(%)",
    "항목_12": "10",
    "항목_13": "40",
    "항목_14": "0",
    "항목_15": "40",
    "항목_16": "10",
    "항목_17": "0",
    "항목_18": "100",
    "항목_19": "교과목간의\n연계성",
    "항목_20": "주교재",
    "항목_21": "저자",
    "항목_22": "참고자료",
    "항목_23": "윤재영",
    "항목_24": "출판사",
    "항목_25": ".",
    "항목_26": "출판년도",
    "항목_27": "0",
    "항목_28": "교재언어",
    "항목_29": "권장 선수과목",
    "항목_30": "한국어",
    "항목_31": "강의언어",
    "항목_32": "한국어",
    "항목_33": "필요 기자재",
    "항목_34": "기계공작법, 기계재료",
    "항목_35": "권장 후수과목",
    "항목_36": "DA",
    "항목_37": "수업방식\n(복수가능√)",
    "항목_38": "강의",
    "항목_39": "발표/토론",
    "항목_40": "PBL",
    "항목_41": "플립러닝",
    "항목_42": "LMS활용",
    "항목_43": "실험실습",
    "항목_44": "기타",
    "항목_45": "√",
    "항목_46": "수업운영방향",
    "항목_47": "평가계획\n(100%)",
    "항목_48": "중간",
    "항목_49": "기말",
    "항목_50": "출석",
    "항목_51": "과제물",
    "항목_52": "안전교육",
    "항목_53": "발표/토론",
    "항목_54": "수업태도",
    "항목_55": "기타",
    "항목_56": "40%",
    "항목_57": "40%",
    "항목_58": "10%",
    "항목_59": "10%",
    "항목_60": "0%",
    "항목_61": "%",
    "항목_62": "%",
    "항목_63": "%",
    "항목_64": "평가참고사항"
  }
}