{
  "기본정보": {
    "항목_0": "1 / 2",
    "항목_1": "전북대학교 강의계획서 (2025년 1학기)",
    "항목_2": "교과목 코드",
    "항목_3": "E-mail",
    "항목_4": "kbaek@jbnu.ac.kr",
    "항목_5": "전공필수",
    "항목_6": "연구실",
    "항목_7": "공대 6호관 323호",
    "항목_8": "담당교수명",
    "항목_9": "연락처",
    "항목_10": "백기태",
    "항목_11": "270-2437",
    "항목_12": "1",
    "항목_13": "3",
    "항목_14": "0000106670",
    "항목_15": "학점",
    "항목_16": "분반",
    "항목_17": "교과목 구분",
    "항목_18": "교과목명",
    "항목_19": "환경화학",
    "항목_20": "학과/학년",
    "항목_21": "토목/환경/자원.에너지공학부(환경공학) 2",
    "항목_22": "상담가능시간",
    "항목_23": "월요일 4시-6시",
    "항목_24": "1. 강의 기본정보",
    "항목_25": "강의실",
    "전주": "공과대학 6호관 516",
    "항목_27": "요일/시간",
    "항목_28": "월 3-A,월 3-B,수 2-A,수 2-B,수 3-A,수 3-B",
    "항목_29": "수업목표",
    "항목_30": "1. Student could establish mass balance equation for the given system\n2. Student could explain the event using physical chemistry\n3. Student could explain the equilibrium in our enviroment"
  },
  "평가방법": {
    "항목_0": "A(%)",
    "항목_1": "A+B(%)",
    "항목_2": "C이하(%)",
    "항목_3": "총비율",
    "항목_4": "0",
    "항목_5": "0",
    "항목_6": "0",
    "항목_7": "100%",
    "항목_8": "절대평가 기준",
    "항목_9": "상대평가 비율",
    "항목_10": "상대평가Ⅰ(A30%)",
    "항목_11": "- 강의",
    "항목_12": "√",
    "항목_13": "√",
    "기타": "",
    "항목_15": "- 과제",
    "항목_16": "√",
    "항목_17": "* 장애학생 교수학습지원 사항",
    "항목_18": "- 평가",
    "항목_19": "√",
    "항목_20": "참고\n사항",
    "항목_21": "강의 파일, 자료 등 제공",
    "항목_22": "좌석배치(지정좌석) 조정",
    "항목_23": "과제 제출기한 연장",
    "항목_24": "대안적 과제 제시",
    "항목_25": "시험시간 연장",
    "항목_26": "별도의 시험 장소 제공",
    "항목_27": "※ 위 지원사항 등을 포함한 강의, 과제, 시험 등 학습과정에서 장애로 인하여 추가 지원이\n     필요한 경우 개강전 담당강사 및 장애학습 지원센터를 통해 문의 바랍니다.",
    "그 외(필요시 자유로이 추가 기술)": "",
    "항목_29": "주별",
    "항목_30": "수업목표",
    "항목_31": "수업내용",
    "항목_32": "수업방식",
    "항목_33": "주별 강의내용",
    "항목_34": "자료, 과제 및\n기타 참고사항",
    "항목_35": "온라인",
    "항목_36": "오프라인",
    "항목_37": "수업방식별시간",
    "항목_38": "1주",
    "항목_39": "Overall course outline\nCourse policy and evaluation",
    "항목_40": "Lecture"
  },
  "핵심역량": {
    "항목_0": "직전강의평가\n및\nCQI반영사항",
    "항목_1": "1. Take more time on mass balance and unit conversion\n2. Show more examples on physical chemistry parts",
    "항목_2": "구분",
    "항목_3": "소통역량",
    "항목_4": "창의역량",
    "항목_5": "인성역량",
    "항목_6": "실무역량",
    "항목_7": "도전역량",
    "항목_8": "문화역량",
    "항목_9": "합계",
    "항목_10": "대표역량",
    "항목_11": "비율(%)",
    "항목_12": "0",
    "항목_13": "40",
    "항목_14": "0",
    "항목_15": "40",
    "항목_16": "0",
    "항목_17": "20",
    "항목_18": "100",
    "항목_19": "교과목간의\n연계성",
    "항목_20": "주교재",
    "항목_21": "저자",
    "항목_22": "참고자료",
    "항목_23": "Ronald A. Hites",
    "항목_24": "출판사",
    "항목_25": "Wiley",
    "항목_26": "출판년도",
    "항목_27": "2007",
    "항목_28": "교재언어",
    "항목_29": "권장 선수과목",
    "항목_30": "강의언어",
    "항목_31": "영어",
    "항목_32": "필요 기자재",
    "항목_33": "일반화학 1 & 일반화학 2",
    "항목_34": "권장 후수과목",
    "항목_35": "DA",
    "항목_36": "수업방식\n(복수가능√)",
    "항목_37": "강의",
    "항목_38": "발표/토론",
    "항목_39": "PBL",
    "항목_40": "플립러닝",
    "항목_41": "LMS활용",
    "항목_42": "실험실습",
    "항목_43": "기타",
    "항목_44": "√",
    "항목_45": "수업운영방향",
    "항목_46": "평가계획\n(100%)",
    "항목_47": "중간",
    "항목_48": "기말",
    "항목_49": "출석",
    "항목_50": "과제물",
    "항목_51": "안전교육",
    "항목_52": "발표/토론",
    "항목_53": "수업태도",
    "항목_54": "기타",
    "항목_55": "50%",
    "항목_56": "20%",
    "항목_57": "10%",
    "항목_58": "20%",
    "항목_59": "%",
    "항목_60": "%",
    "항목_61": "%",
    "항목_62": "%",
    "항목_63": "평가참고사항"
  }
}