{
  "기본정보": {
    "항목_0": "1 / 2",
    "항목_1": "전북대학교 강의계획서 (2025년 1학기)",
    "항목_2": "교과목 코드",
    "항목_3": "E-mail",
    "항목_4": "carisis@jbnu.ac.kr",
    "항목_5": "전공선택",
    "항목_6": "연구실",
    "항목_7": "7호관 527호",
    "항목_8": "담당교수명",
    "항목_9": "연락처",
    "항목_10": "김찬기",
    "항목_11": "4659",
    "항목_12": "2",
    "항목_13": "3",
    "항목_14": "0000105748",
    "항목_15": "학점",
    "항목_16": "분반",
    "항목_17": "교과목 구분",
    "항목_18": "교과목명",
    "항목_19": "컴퓨터네트워크",
    "항목_20": "학과/학년",
    "항목_21": "컴퓨터공학부 3,IT정보공학과 3,컴퓨터공학부(컴퓨터) 3,컴퓨터인공지능",
    "항목_22": "상담가능시간",
    "항목_23": "월요일 오후 2시-6시(상담 전 반드시 연락 요망)",
    "항목_24": "1. 강의 기본정보",
    "항목_25": "강의실",
    "전주": "공과대학 7호관 301",
    "항목_27": "요일/시간",
    "항목_28": "수 9-A,수 9-B,금 8-A,금 8-B,금 9-A,금 9-B",
    "항목_29": "수업목표",
    "항목_30": "본 과목은 데이터통신과 연계되는 과목으로 지난 학기에 이어 TCP/IP 계층 구조 중 네트워크 계층 , 전송계층 , 그리고 응용 계층에 대해서 다룬다. \n이론을 중심으로 오늘날 인터넷 및 네트워크 구축 및 운용에 활용되는 핵심적인 개념을 이해하고, 해당 기능 중 일부를 컴퓨터 시뮬레이션을 통해 실습하는 것을 목적으로 한다"
  },
  "평가방법": {
    "항목_0": "A(%)",
    "항목_1": "A+B(%)",
    "항목_2": "C이하(%)",
    "항목_3": "총비율",
    "항목_4": "40",
    "항목_5": "80",
    "항목_6": "20",
    "항목_7": "100%",
    "항목_8": "절대평가 기준",
    "항목_9": "상대평가 비율",
    "항목_10": "상대평가Ⅱ",
    "항목_11": "- 강의",
    "항목_12": "√",
    "항목_13": "√",
    "기타": "",
    "항목_15": "- 과제",
    "항목_16": "* 장애학생 교수학습지원 사항",
    "항목_17": "- 평가",
    "항목_18": "참고\n사항",
    "항목_19": "강의 파일, 자료 등 제공",
    "항목_20": "좌석배치(지정좌석) 조정",
    "항목_21": "과제 제출기한 연장",
    "항목_22": "대안적 과제 제시",
    "항목_23": "시험시간 연장",
    "항목_24": "별도의 시험 장소 제공",
    "항목_25": "※ 위 지원사항 등을 포함한 강의, 과제, 시험 등 학습과정에서 장애로 인하여 추가 지원이\n     필요한 경우 개강전 담당강사 및 장애학습 지원센터를 통해 문의 바랍니다.",
    "그 외(필요시 자유로이 추가 기술)": "",
    "항목_27": "주별",
    "항목_28": "수업목표",
    "항목_29": "수업내용",
    "항목_30": "수업방식",
    "항목_31": "주별 강의내용",
    "항목_32": "자료, 과제 및\n기타 참고사항",
    "항목_33": "온라인",
    "항목_34": "오프라인",
    "항목_35": "수업방식별시간",
    "항목_36": "1주",
    "항목_37": "강의 개요",
    "항목_38": "강의 개요",
    "항목_39": "대면 강의"
  },
  "핵심역량": {
    "항목_0": "직전강의평가\n및\nCQI반영사항",
    "항목_1": "해당 사항 없음",
    "항목_2": "구분",
    "항목_3": "소통역량",
    "항목_4": "창의역량",
    "항목_5": "인성역량",
    "항목_6": "실무역량",
    "항목_7": "도전역량",
    "항목_8": "문화역량",
    "항목_9": "합계",
    "항목_10": "대표역량",
    "항목_11": "비율(%)",
    "항목_12": "0",
    "항목_13": "40",
    "항목_14": "0",
    "항목_15": "40",
    "항목_16": "20",
    "항목_17": "0",
    "항목_18": "100",
    "항목_19": "교과목간의\n연계성",
    "항목_20": "주교재",
    "항목_21": "데이터통신과 네트워킹(6 판)",
    "항목_22": "저자",
    "항목_23": "참고자료",
    "항목_24": "추가 강의 내용 및 실습을 위해 책에 포함되지 않는 내용에 대해서는 추가적인 슬라이드로 제공 예정",
    "항목_25": "Behrouz A. Forouzan",
    "항목_26": "출판사",
    "항목_27": "McGrawHill",
    "항목_28": "출판년도",
    "항목_29": "2021년도",
    "항목_30": "교재언어",
    "항목_31": "권장 선수과목",
    "항목_32": "한국어",
    "항목_33": "강의언어",
    "항목_34": "한국어",
    "항목_35": "필요 기자재",
    "항목_36": "데이터 통신",
    "항목_37": "권장 후수과목",
    "항목_38": "DA",
    "항목_39": "수업방식\n(복수가능√)",
    "항목_40": "강의",
    "항목_41": "발표/토론",
    "항목_42": "PBL",
    "항목_43": "플립러닝",
    "항목_44": "LMS활용",
    "항목_45": "실험실습",
    "항목_46": "기타",
    "항목_47": "√",
    "항목_48": "√",
    "항목_49": "수업운영방향",
    "항목_50": "평가계획\n(100%)",
    "항목_51": "중간",
    "항목_52": "기말",
    "항목_53": "출석",
    "항목_54": "과제물",
    "항목_55": "안전교육",
    "항목_56": "발표/토론",
    "항목_57": "수업태도",
    "항목_58": "기타",
    "항목_59": "30%",
    "항목_60": "30%",
    "항목_61": "10%",
    "항목_62": "30%",
    "항목_63": "0%",
    "항목_64": "0%",
    "항목_65": "0%",
    "항목_66": "0%",
    "항목_67": "평가참고사항",
    "항목_68": "과제물 중 SW 실습이 포함될 수 있으며, 따라서 코딩이 가능한 컴퓨터 활용 환경을 갖추기를 요망"
  }
}