{
  "기본정보": {
    "항목_0": "1 / 2",
    "항목_1": "전북대학교 강의계획서 (2025년 1학기)",
    "항목_2": "교과목 코드",
    "항목_3": "E-mail",
    "항목_4": "seongseopkim@jbnu.ac.kr",
    "항목_5": "전공선택",
    "항목_6": "연구실",
    "항목_7": "공대 6호관 128호",
    "항목_8": "담당교수명",
    "항목_9": "연락처",
    "항목_10": "김성섭",
    "항목_11": "063-270-4975",
    "항목_12": "3",
    "항목_13": "3",
    "항목_14": "0000108133",
    "항목_15": "학점",
    "항목_16": "분반",
    "항목_17": "교과목 구분",
    "항목_18": "교과목명",
    "항목_19": "화학공학실험 1",
    "항목_20": "학과/학년",
    "항목_21": "화학공학부 3,화공부(생명) 3,화공부(나노) 3,화공부(에너지) 3",
    "항목_22": "상담가능시간",
    "항목_23": "1. 강의 기본정보",
    "항목_24": "강의실",
    "전주": "공과대학 부속공장 103",
    "항목_26": "요일/시간",
    "항목_27": "금 6-A,금 6-B,금 7-A,금 7-B,금 8-A,금 8-B,금 9-A,금 9-B",
    "항목_28": "수업목표",
    "항목_29": "화학공학에 기본적으로 필요한 요소 중 구비된 실험을 통하여 공학적인 설계능력을 기른다"
  },
  "평가방법": {
    "항목_0": "구분",
    "항목_1": "소통역량",
    "항목_2": "창의역량",
    "항목_3": "인성역량",
    "항목_4": "실무역량",
    "항목_5": "도전역량",
    "항목_6": "문화역량",
    "항목_7": "합계",
    "항목_8": "대표역량",
    "항목_9": "비율(%)",
    "항목_10": "10",
    "항목_11": "30",
    "항목_12": "0",
    "항목_13": "50",
    "항목_14": "10",
    "항목_15": "0",
    "항목_16": "100",
    "항목_17": "교과목간의\n연계성",
    "항목_18": "주교재",
    "항목_19": "저자",
    "항목_20": "참고자료",
    "항목_21": "전북대학교 화학공학부",
    "항목_22": "출판사",
    "항목_23": "전북대학교 화학공학부",
    "항목_24": "출판년도",
    "항목_25": "2021",
    "항목_26": "교재언어",
    "항목_27": "권장 선수과목",
    "항목_28": "강의언어",
    "항목_29": "한국어",
    "항목_30": "필요 기자재",
    "항목_31": "화학공학기초실험2",
    "항목_32": "권장 후수과목",
    "항목_33": "DA",
    "항목_34": "수업방식\n(복수가능√)",
    "항목_35": "강의",
    "항목_36": "발표/토론",
    "항목_37": "PBL",
    "항목_38": "플립러닝",
    "항목_39": "LMS활용",
    "항목_40": "실험실습",
    "항목_41": "기타",
    "항목_42": "√",
    "항목_43": "√",
    "항목_44": "수업운영방향",
    "항목_45": "평가계획\n(100%)",
    "항목_46": "중간",
    "항목_47": "기말",
    "항목_48": "출석",
    "항목_49": "과제물",
    "항목_50": "안전교육",
    "항목_51": "발표/토론",
    "항목_52": "수업태도",
    "항목_53": "기타",
    "항목_54": "%",
    "항목_55": "20%",
    "항목_56": "10%",
    "항목_57": "50%",
    "항목_58": "5%",
    "항목_59": "%",
    "항목_60": "%",
    "항목_61": "%",
    "항목_62": "평가참고사항",
    "항목_63": "A(%)",
    "항목_64": "A+B(%)",
    "항목_65": "C이하(%)",
    "항목_66": "총비율",
    "항목_67": "0",
    "항목_68": "0",
    "항목_69": "0",
    "항목_70": "100%",
    "항목_71": "절대평가 기준",
    "항목_72": "상대평가 비율",
    "항목_73": ".",
    "항목_74": "절대평가",
    "항목_75": "- 강의",
    "항목_76": "√",
    "항목_77": "√",
    "기타": "",
    "항목_79": "- 과제",
    "항목_80": "√",
    "항목_81": "* 장애학생 교수학습지원 사항",
    "항목_82": "- 평가",
    "항목_83": "√",
    "항목_84": "√",
    "항목_85": "참고\n사항",
    "항목_86": "강의 파일, 자료 등 제공",
    "항목_87": "좌석배치(지정좌석) 조정",
    "항목_88": "과제 제출기한 연장",
    "항목_89": "대안적 과제 제시",
    "항목_90": "시험시간 연장",
    "항목_91": "별도의 시험 장소 제공",
    "항목_92": "※ 위 지원사항 등을 포함한 강의, 과제, 시험 등 학습과정에서 장애로 인하여 추가 지원이\n     필요한 경우 개강전 담당강사 및 장애학습 지원센터를 통해 문의 바랍니다.",
    "그 외(필요시 자유로이 추가 기술)": "",
    "항목_94": "주별",
    "항목_95": "수업목표",
    "항목_96": "수업내용",
    "항목_97": "수업방식",
    "항목_98": "주별 강의내용",
    "항목_99": "자료, 과제 및\n기타 참고사항",
    "항목_100": "온라인",
    "항목_101": "오프라인",
    "항목_102": "수업방식별시간",
    "항목_103": "1주",
    "항목_104": "실험 이론강의/오리엔테이션",
    "항목_105": "강의"
  },
  "핵심역량": {
    "항목_0": "직전강의평가\n및\nCQI반영사항"
  }
}