{
  "기본정보": {
    "항목_0": "1 / 2",
    "항목_1": "전북대학교 강의계획서 (2025년 1학기)",
    "항목_2": "교과목 코드",
    "항목_3": "E-mail",
    "항목_4": "sunsstory@daum.net",
    "항목_5": "전공선택",
    "항목_6": "연구실",
    "항목_7": "담당교수명",
    "항목_8": "연락처",
    "항목_9": "신재선",
    "항목_10": "-",
    "항목_11": "2",
    "항목_12": "3",
    "항목_13": "0000102745",
    "항목_14": "학점",
    "항목_15": "분반",
    "항목_16": "교과목 구분",
    "항목_17": "교과목명",
    "항목_18": "서양건축사",
    "항목_19": "학과/학년",
    "항목_20": "건축공 3",
    "항목_21": "상담가능시간",
    "항목_22": "1. 강의 기본정보",
    "항목_23": "강의실",
    "전주": "공과대학 1호관 130-1",
    "항목_25": "요일/시간",
    "항목_26": "월 6-A,월 6-B,월 7-A,월 7-B,월 8-A,월 8-B",
    "항목_27": "수업목표",
    "항목_28": "현대건축의 기본이 되는 서양건축의 사실적인 내용을 파악하고 그 역사를 인식하므로서 현대건축의 원리를 이해\n시대별 건축물의 형태, 양식과 건축기술, 그리고 건축술의 배경이 되는 역사를 함께 이해"
  },
  "평가방법": {
    "항목_0": "A(%)",
    "항목_1": "A+B(%)",
    "항목_2": "C이하(%)",
    "항목_3": "총비율",
    "항목_4": "0",
    "항목_5": "0",
    "항목_6": "0",
    "항목_7": "100%",
    "항목_8": "절대평가 기준",
    "항목_9": "상대평가 비율",
    "항목_10": "상대평가Ⅰ(A30%)",
    "항목_11": "- 강의",
    "항목_12": "√",
    "기타": "",
    "항목_14": "- 과제",
    "항목_15": "√",
    "항목_16": "* 장애학생 교수학습지원 사항",
    "항목_17": "- 평가",
    "항목_18": "√",
    "항목_19": "참고\n사항",
    "항목_20": "강의 파일, 자료 등 제공",
    "항목_21": "좌석배치(지정좌석) 조정",
    "항목_22": "과제 제출기한 연장",
    "항목_23": "대안적 과제 제시",
    "항목_24": "시험시간 연장",
    "항목_25": "별도의 시험 장소 제공",
    "항목_26": "※ 위 지원사항 등을 포함한 강의, 과제, 시험 등 학습과정에서 장애로 인하여 추가 지원이\n     필요한 경우 개강전 담당강사 및 장애학습 지원센터를 통해 문의 바랍니다.",
    "그 외(필요시 자유로이 추가 기술)": "",
    "항목_28": "주별",
    "항목_29": "수업목표",
    "항목_30": "수업내용",
    "항목_31": "수업방식",
    "항목_32": "주별 강의내용",
    "항목_33": "자료, 과제 및\n기타 참고사항",
    "항목_34": "온라인",
    "항목_35": "오프라인",
    "항목_36": "수업방식별시간",
    "항목_37": "1주",
    "항목_38": "강의개요\n -서양건축의 개관 소개,강의진행방식, 강의의 구성\n -서양건축을 공부하는 이유",
    "항목_39": "이론"
  },
  "핵심역량": {
    "항목_0": "직전강의평가\n및\nCQI반영사항",
    "항목_1": "시청각 자료의 확충 및 역사이해를 위한 자료수집 및 자기주도적 발표기회 확대; slide-show형식을 토대로 2인1조로 구성하여 소개 형식으로 진행(대면수업 진행 시)",
    "항목_2": "구분",
    "항목_3": "소통역량",
    "항목_4": "창의역량",
    "항목_5": "인성역량",
    "항목_6": "실무역량",
    "항목_7": "도전역량",
    "항목_8": "문화역량",
    "항목_9": "합계",
    "항목_10": "대표역량",
    "항목_11": "비율(%)",
    "항목_12": "20",
    "항목_13": "40",
    "항목_14": "20",
    "항목_15": "0",
    "항목_16": "0",
    "항목_17": "20",
    "항목_18": "100",
    "항목_19": "교과목간의\n연계성",
    "항목_20": "주교재",
    "항목_21": "저자",
    "항목_22": "참고자료",
    "항목_23": "출판사",
    "항목_24": "출판년도",
    "항목_25": "교재언어",
    "항목_26": "권장 선수과목",
    "항목_27": "한국어",
    "항목_28": "강의언어",
    "항목_29": "한국어",
    "항목_30": "필요 기자재",
    "항목_31": "권장 후수과목",
    "항목_32": "DA",
    "항목_33": "수업방식\n(복수가능√)",
    "항목_34": "강의",
    "항목_35": "발표/토론",
    "항목_36": "PBL",
    "항목_37": "플립러닝",
    "항목_38": "LMS활용",
    "항목_39": "실험실습",
    "항목_40": "기타",
    "항목_41": "√",
    "항목_42": "수업운영방향",
    "항목_43": "평가계획\n(100%)",
    "항목_44": "중간",
    "항목_45": "기말",
    "항목_46": "출석",
    "항목_47": "과제물",
    "항목_48": "안전교육",
    "항목_49": "발표/토론",
    "항목_50": "수업태도",
    "항목_51": "기타",
    "항목_52": "40%",
    "항목_53": "40%",
    "항목_54": "10%",
    "항목_55": "0%",
    "항목_56": "0%",
    "항목_57": "%",
    "항목_58": "%",
    "항목_59": "%",
    "항목_60": "평가참고사항"
  }
}