{
  "기본정보": {
    "항목_0": "1 / 2",
    "항목_1": "전북대학교 강의계획서 (2025년 1학기)",
    "항목_2": "교과목 코드",
    "항목_3": "E-mail",
    "항목_4": "andrew153@nate.com",
    "항목_5": "전공필수",
    "항목_6": "연구실",
    "항목_7": "담당교수명",
    "항목_8": "연락처",
    "항목_9": "2702367",
    "항목_10": "1",
    "항목_11": "3",
    "항목_12": "0000100474",
    "항목_13": "학점",
    "항목_14": "분반",
    "항목_15": "교과목 구분",
    "항목_16": "교과목명",
    "항목_17": "고체역학 1",
    "항목_18": "학과/학년",
    "항목_19": "기계시스템 2,기계시스템(응용기계) 2,기계시스템(정밀기계) 2",
    "항목_20": "상담가능시간",
    "항목_21": "수1,2,3",
    "항목_22": "1. 강의 기본정보",
    "항목_23": "강의실",
    "전주": "공과대학 4호관 315",
    "항목_25": "요일/시간",
    "항목_26": "수 2-A,수 2-B,금 1-A,금 1-B,금 2-A,금 2-B",
    "항목_27": "수업목표",
    "항목_28": "재료역학이란 기본적으로 재료의 성질을 이해하고 알려진 재료의 물성을 이용하여 기계, 조선, 항공, 건축, 토목 구조물 뿐만아니라 화공설비 등과 같은 실용공학의 설계에 널리 활용되는 학문이다. 따라서 공학 전반에 걸처 기본이 되는 학문이라 할수있다. 고체역학 1에서는 주어진 재료를 변형체라고 가정하고 변형체해석에 필요한 힘, 모멘트 그리고 평형방정식의 개념을 이해하여 구조물의 평형상태 문제의 해를 구할수 있는데 수업목표를 둔다."
  },
  "평가방법": {
    "항목_0": "A(%)",
    "항목_1": "A+B(%)",
    "항목_2": "C이하(%)",
    "항목_3": "총비율",
    "항목_4": "0",
    "항목_5": "0",
    "항목_6": "0",
    "항목_7": "100%",
    "항목_8": "절대평가 기준",
    "항목_9": "상대평가 비율",
    "항목_10": "상대평가Ⅰ(A30%)",
    "항목_11": "- 강의",
    "항목_12": "√",
    "기타": "",
    "항목_14": "- 과제",
    "항목_15": "√",
    "항목_16": "* 장애학생 교수학습지원 사항",
    "항목_17": "- 평가",
    "항목_18": "√",
    "항목_19": "참고\n사항",
    "항목_20": "강의 파일, 자료 등 제공",
    "항목_21": "좌석배치(지정좌석) 조정",
    "항목_22": "과제 제출기한 연장",
    "항목_23": "대안적 과제 제시",
    "항목_24": "시험시간 연장",
    "항목_25": "별도의 시험 장소 제공",
    "항목_26": "※ 위 지원사항 등을 포함한 강의, 과제, 시험 등 학습과정에서 장애로 인하여 추가 지원이\n     필요한 경우 개강전 담당강사 및 장애학습 지원센터를 통해 문의 바랍니다.",
    "그 외(필요시 자유로이 추가 기술)": "",
    "항목_28": "주별",
    "항목_29": "수업목표",
    "항목_30": "수업내용",
    "항목_31": "수업방식",
    "항목_32": "주별 강의내용",
    "항목_33": "자료, 과제 및\n기타 참고사항",
    "항목_34": "온라인",
    "항목_35": "오프라인",
    "항목_36": "수업방식별시간",
    "항목_37": "1주",
    "선수과목 달성도 테스트": "공업수학(미분, 적분, 벡터, 행렬 등) \n응력과 변형률의 개요 - 고체역학의 개요, 단축수직응력, 허용하중",
    "항목_39": "평가/강의"
  },
  "핵심역량": {
    "항목_0": "직전강의평가\n및\nCQI반영사항",
    "항목_1": "없음",
    "항목_2": "구분",
    "항목_3": "소통역량",
    "항목_4": "창의역량",
    "항목_5": "인성역량",
    "항목_6": "실무역량",
    "항목_7": "도전역량",
    "항목_8": "문화역량",
    "항목_9": "합계",
    "항목_10": "대표역량",
    "항목_11": "비율(%)",
    "항목_12": "10",
    "항목_13": "75",
    "항목_14": "0",
    "항목_15": "15",
    "항목_16": "0",
    "항목_17": "0",
    "항목_18": "100",
    "항목_19": "교과목간의\n연계성",
    "항목_20": "주교재",
    "항목_21": "저자",
    "항목_22": "참고자료",
    "항목_23": "출판사",
    "항목_24": "출판년도",
    "항목_25": "교재언어",
    "항목_26": "권장 선수과목",
    "항목_27": "강의언어",
    "항목_28": "한국어",
    "항목_29": "필요 기자재",
    "항목_30": "일반물리학 1,수학 1",
    "항목_31": "권장 후수과목",
    "항목_32": "DA",
    "항목_33": "수업방식\n(복수가능√)",
    "항목_34": "강의",
    "항목_35": "발표/토론",
    "항목_36": "PBL",
    "항목_37": "플립러닝",
    "항목_38": "LMS활용",
    "항목_39": "실험실습",
    "항목_40": "기타",
    "항목_41": "√",
    "항목_42": "√",
    "항목_43": "수업운영방향",
    "항목_44": "평가계획\n(100%)",
    "항목_45": "중간",
    "항목_46": "기말",
    "항목_47": "출석",
    "항목_48": "과제물",
    "항목_49": "안전교육",
    "항목_50": "발표/토론",
    "항목_51": "수업태도",
    "항목_52": "기타",
    "항목_53": "30%",
    "항목_54": "30%",
    "항목_55": "10%",
    "항목_56": "20%",
    "항목_57": "%",
    "항목_58": "%",
    "항목_59": "10%",
    "항목_60": "%",
    "항목_61": "평가참고사항"
  }
}