{
  "기본정보": {
    "항목_0": "1 / 2",
    "항목_1": "전북대학교 강의계획서 (2025년 1학기)",
    "항목_2": "교과목 코드",
    "항목_3": "E-mail",
    "항목_4": "esshin@jbnu.ac.kr",
    "항목_5": "전공필수",
    "항목_6": "연구실",
    "항목_7": "담당교수명",
    "항목_8": "연락처",
    "항목_9": "조해성",
    "항목_10": "063-270-3995",
    "항목_11": "1",
    "항목_12": "3",
    "항목_13": "0000118849",
    "항목_14": "학점",
    "항목_15": "분반",
    "항목_16": "교과목 구분",
    "항목_17": "교과목명",
    "항목_18": "항공우주구조역학",
    "항목_19": "학과/학년",
    "항목_20": "항공우주공 3",
    "항목_21": "상담가능시간",
    "항목_22": "상시",
    "항목_23": "1. 강의 기본정보",
    "항목_24": "강의실",
    "전주": "공과대학 9호관 303",
    "항목_26": "요일/시간",
    "항목_27": "화 6-A,화 6-B,화 7-A,화 7-B,목 6-A,목 6-B",
    "항목_28": "수업목표",
    "항목_29": "◎ 항공기와 인공위성과 같은 비행체 구조물에는 보, 기둥, 박판 등의 부재가 주로 사용된다. 본 강의에서는 각종 설계 요구 조건과 외부 환경에 따른 비행체 구조물의 변위, 변형, 응력, 에너지, 재료 특성에 관한 기초 이론을 학습한다.\n◎ 실용적인 관점에서는 기본적으로 항공우주 비행체에 대한 구조 해석과 설계 능력의 향상에 중점을 두며, 자동차 또는 로봇과 같은 다양한 기계 장치의 구조적 문제 해결을 위한 응용 능력도 동시에 배양한다."
  },
  "평가방법": {
    "항목_0": "A(%)",
    "항목_1": "A+B(%)",
    "항목_2": "C이하(%)",
    "항목_3": "총비율",
    "항목_4": "100%",
    "항목_5": "절대평가 기준",
    "항목_6": "상대평가 비율",
    "항목_7": "상대평가Ⅰ(A30%)",
    "항목_8": "- 강의",
    "항목_9": "√",
    "기타": "",
    "항목_11": "- 과제",
    "항목_12": "* 장애학생 교수학습지원 사항",
    "항목_13": "- 평가",
    "항목_14": "참고\n사항",
    "항목_15": "강의 파일, 자료 등 제공",
    "항목_16": "좌석배치(지정좌석) 조정",
    "항목_17": "과제 제출기한 연장",
    "항목_18": "대안적 과제 제시",
    "항목_19": "시험시간 연장",
    "항목_20": "별도의 시험 장소 제공",
    "항목_21": "※ 위 지원사항 등을 포함한 강의, 과제, 시험 등 학습과정에서 장애로 인하여 추가 지원이\n     필요한 경우 개강전 담당강사 및 장애학습 지원센터를 통해 문의 바랍니다.",
    "항목_22": "√",
    "그 외(필요시 자유로이 추가 기술)": "",
    "항목_24": "주별",
    "항목_25": "수업목표",
    "항목_26": "수업내용",
    "항목_27": "수업방식",
    "항목_28": "주별 강의내용",
    "항목_29": "자료, 과제 및\n기타 참고사항",
    "항목_30": "온라인",
    "항목_31": "오프라인",
    "항목_32": "수업방식별시간",
    "항목_33": "1주",
    "항목_34": "Introduction",
    "항목_35": "강의"
  },
  "핵심역량": {
    "항목_0": "직전강의평가\n및\nCQI반영사항",
    "항목_1": "특이 사항 없음",
    "항목_2": "구분",
    "항목_3": "소통역량",
    "항목_4": "창의역량",
    "항목_5": "인성역량",
    "항목_6": "실무역량",
    "항목_7": "도전역량",
    "항목_8": "문화역량",
    "항목_9": "합계",
    "항목_10": "대표역량",
    "항목_11": "비율(%)",
    "항목_12": "50",
    "항목_13": "30",
    "항목_14": "0",
    "항목_15": "20",
    "항목_16": "0",
    "항목_17": "0",
    "항목_18": "100",
    "항목_19": "교과목간의\n연계성",
    "항목_20": "주교재",
    "항목_21": "저자",
    "항목_22": "참고자료",
    "항목_23": "출판사",
    "항목_24": "출판년도",
    "항목_25": "교재언어",
    "항목_26": "권장 선수과목",
    "항목_27": "강의언어",
    "항목_28": "한국어",
    "항목_29": "필요 기자재",
    "항목_30": "- 항공우주공학개론및기초설계, 창의적공학설계입문\n- 변형체역학",
    "항목_31": "권장 후수과목",
    "항목_32": "DA",
    "항목_33": "수업방식\n(복수가능√)",
    "항목_34": "강의",
    "항목_35": "발표/토론",
    "항목_36": "PBL",
    "항목_37": "플립러닝",
    "항목_38": "LMS활용",
    "항목_39": "실험실습",
    "항목_40": "기타",
    "항목_41": "√",
    "항목_42": "수업운영방향",
    "항목_43": "평가계획\n(100%)",
    "항목_44": "중간",
    "항목_45": "기말",
    "항목_46": "출석",
    "항목_47": "과제물",
    "항목_48": "안전교육",
    "항목_49": "발표/토론",
    "항목_50": "수업태도",
    "항목_51": "기타",
    "항목_52": "40%",
    "항목_53": "40%",
    "항목_54": "0%",
    "항목_55": "0%",
    "항목_56": "0%",
    "항목_57": "%",
    "항목_58": "0%",
    "항목_59": "20%",
    "항목_60": "평가참고사항"
  }
}