{
  "기본정보": {
    "항목_0": "1 / 2",
    "항목_1": "전북대학교 강의계획서 (2025년 1학기)",
    "항목_2": "교과목 코드",
    "항목_3": "E-mail",
    "항목_4": "ikmann@hanmail.net",
    "항목_5": "전공선택",
    "항목_6": "연구실",
    "항목_7": "담당교수명",
    "항목_8": "연락처",
    "항목_9": "임규만",
    "항목_10": "4",
    "항목_11": "3",
    "항목_12": "0000115875",
    "항목_13": "학점",
    "항목_14": "분반",
    "항목_15": "교과목 구분",
    "항목_16": "교과목명",
    "항목_17": "디지털공학",
    "항목_18": "학과/학년",
    "항목_19": "융합기술공학부(IT융합기전공학)(재) 2",
    "항목_20": "상담가능시간",
    "항목_21": "1. 강의 기본정보",
    "항목_22": "강의실",
    "새만금": "캠퍼스관 309",
    "항목_24": "요일/시간",
    "항목_25": "토 6-A,토 6-B,토 7-A,토 7-B,토 8-A,토 8-B",
    "항목_26": "수업목표",
    "항목_27": "최근 디지털 시스템 설계에 관한 연구는 반도체 산업과 컴퓨터 기술의 발달로 인해 비약적인 발전을 해왔다. 디지털 시스템 설계에 있어서 마이크로프로세서는 공장 자동화, 각종 산업용 기기의 제어장치, 각종 통신회로 설계 등과 같은 분야에 널리 사용되고 있다. 따라서 마이크로프로세서를 활용한 각종 응용에 대해서 설명하고 선택한 응용에 대해서 설계하고 검증하고자 한다."
  },
  "평가방법": {
    "항목_0": "A(%)",
    "항목_1": "A+B(%)",
    "항목_2": "C이하(%)",
    "항목_3": "총비율",
    "항목_4": "0",
    "항목_5": "0",
    "항목_6": "0",
    "항목_7": "100%",
    "항목_8": "절대평가 기준",
    "항목_9": "상대평가 비율",
    "항목_10": "상대평가Ⅰ(A40%)",
    "항목_11": "- 강의",
    "항목_12": "√",
    "항목_13": "√",
    "기타": "",
    "항목_15": "- 과제",
    "항목_16": "√",
    "항목_17": "* 장애학생 교수학습지원 사항",
    "항목_18": "- 평가",
    "항목_19": "√",
    "항목_20": "참고\n사항",
    "항목_21": "강의 파일, 자료 등 제공",
    "항목_22": "좌석배치(지정좌석) 조정",
    "항목_23": "과제 제출기한 연장",
    "항목_24": "대안적 과제 제시",
    "항목_25": "시험시간 연장",
    "항목_26": "별도의 시험 장소 제공",
    "항목_27": "※ 위 지원사항 등을 포함한 강의, 과제, 시험 등 학습과정에서 장애로 인하여 추가 지원이\n     필요한 경우 개강전 담당강사 및 장애학습 지원센터를 통해 문의 바랍니다.",
    "그 외(필요시 자유로이 추가 기술)": "",
    "항목_29": "주별",
    "항목_30": "수업목표",
    "항목_31": "수업내용",
    "항목_32": "수업방식",
    "항목_33": "주별 강의내용",
    "항목_34": "자료, 과제 및\n기타 참고사항",
    "항목_35": "온라인",
    "항목_36": "오프라인",
    "항목_37": "수업방식별시간",
    "항목_38": "1주",
    "항목_39": "종합설계 대한에 대한 소개",
    "항목_40": "종합설계에 대한 각 주제에 대한 설명",
    "항목_41": "대면"
  },
  "핵심역량": {
    "항목_0": "직전강의평가\n및\nCQI반영사항",
    "항목_1": "프로그램 사용법 설명",
    "항목_2": "구분",
    "항목_3": "소통역량",
    "항목_4": "창의역량",
    "항목_5": "인성역량",
    "항목_6": "실무역량",
    "항목_7": "도전역량",
    "항목_8": "문화역량",
    "항목_9": "합계",
    "항목_10": "대표역량",
    "항목_11": "비율(%)",
    "항목_12": "10",
    "항목_13": "30",
    "항목_14": "10",
    "항목_15": "30",
    "항목_16": "10",
    "항목_17": "10",
    "항목_18": "100",
    "항목_19": "교과목간의\n연계성",
    "항목_20": "주교재",
    "항목_21": "다양한 실습이 가능한 ATmega128 기초와 응용",
    "항목_22": "저자",
    "항목_23": "참고자료",
    "항목_24": "각종 응용에 필용한 데이터 쉬트",
    "항목_25": "신동욱",
    "항목_26": "출판사",
    "항목_27": "Ohm 사",
    "항목_28": "출판년도",
    "항목_29": "2018",
    "항목_30": "교재언어",
    "항목_31": "권장 선수과목",
    "항목_32": "한국어",
    "항목_33": "강의언어",
    "항목_34": "한국어",
    "항목_35": "필요 기자재",
    "항목_36": "빔 프로젝트",
    "항목_37": "디지털공학, 마이크로프로세서",
    "항목_38": "권장 후수과목",
    "항목_39": "DA",
    "항목_40": "수업방식\n(복수가능√)",
    "항목_41": "강의",
    "항목_42": "발표/토론",
    "항목_43": "PBL",
    "항목_44": "플립러닝",
    "항목_45": "LMS활용",
    "항목_46": "실험실습",
    "항목_47": "기타",
    "항목_48": "√",
    "항목_49": "√",
    "항목_50": "√",
    "항목_51": "√",
    "항목_52": "√",
    "항목_53": "수업운영방향",
    "항목_54": "평가계획\n(100%)",
    "항목_55": "중간",
    "항목_56": "기말",
    "항목_57": "출석",
    "항목_58": "과제물",
    "항목_59": "안전교육",
    "항목_60": "발표/토론",
    "항목_61": "수업태도",
    "항목_62": "기타",
    "항목_63": "40%",
    "항목_64": "40%",
    "항목_65": "10%",
    "항목_66": "10%",
    "항목_67": "0%",
    "항목_68": "0%",
    "항목_69": "0%",
    "항목_70": "0%",
    "항목_71": "평가참고사항"
  }
}