{
  "기본정보": {
    "항목_0": "1 / 2",
    "항목_1": "전북대학교 강의계획서 (2025년 1학기)",
    "항목_2": "교과목 코드",
    "항목_3": "E-mail",
    "항목_4": "shinjh@jbnu.ac.kr",
    "항목_5": "전공필수",
    "항목_6": "연구실",
    "항목_7": "공대 5호관 113호",
    "항목_8": "담당교수명",
    "항목_9": "연락처",
    "항목_10": "신정훈",
    "항목_11": "270-4541",
    "항목_12": "2",
    "항목_13": "3",
    "항목_14": "0000104479",
    "항목_15": "학점",
    "항목_16": "분반",
    "항목_17": "교과목 구분",
    "항목_18": "교과목명",
    "항목_19": "자료구조",
    "항목_20": "학과/학년",
    "항목_21": "소프트웨어공학과(재) 2",
    "항목_22": "상담가능시간",
    "항목_23": "금요일 오후",
    "항목_24": "1. 강의 기본정보",
    "항목_25": "강의실",
    "전주": "공과대학 5호관 312",
    "항목_27": "요일/시간",
    "항목_28": "금 11-A,금 11-B,금 12-A,금 12-B,금 13-A,금 13-B",
    "항목_29": "수업목표",
    "항목_30": "소프트웨어 시스템을 설계 구현하는데 필요한 여러 자료구조의 기본 개념과 이를 효율적으로 처리하는 방법에 대해 학습한다. 학습의 이해를 높이기 위해 C 언어를 이용한 실습 및 과제를 활용한다. 강의, 실습 및 과제를 통하여 리스트, 스택, 큐, 트리, 그래프, 정렬, 해싱, 탐색 등의 기본적인 자료구조의 이해, 설계 및 분석 방법을 숙지하여 실무에 적용할 수 있는 프로그래밍 능력 함양을 목표로 한다."
  },
  "평가방법": {
    "항목_0": "A(%)",
    "항목_1": "A+B(%)",
    "항목_2": "C이하(%)",
    "항목_3": "총비율",
    "항목_4": "0",
    "항목_5": "0",
    "항목_6": "0",
    "항목_7": "100%",
    "항목_8": "절대평가 기준",
    "항목_9": "상대평가 비율",
    "항목_10": "상대평가Ⅰ(A40%)",
    "항목_11": "- 강의",
    "항목_12": "√",
    "기타": "",
    "항목_14": "- 과제",
    "항목_15": "√",
    "항목_16": "* 장애학생 교수학습지원 사항",
    "항목_17": "- 평가",
    "항목_18": "√",
    "항목_19": "참고\n사항",
    "항목_20": "강의 파일, 자료 등 제공",
    "항목_21": "좌석배치(지정좌석) 조정",
    "항목_22": "과제 제출기한 연장",
    "항목_23": "대안적 과제 제시",
    "항목_24": "시험시간 연장",
    "항목_25": "별도의 시험 장소 제공",
    "항목_26": "※ 위 지원사항 등을 포함한 강의, 과제, 시험 등 학습과정에서 장애로 인하여 추가 지원이\n     필요한 경우 개강전 담당강사 및 장애학습 지원센터를 통해 문의 바랍니다.",
    "항목_27": "√",
    "그 외(필요시 자유로이 추가 기술)": "",
    "항목_29": "주별",
    "항목_30": "수업목표",
    "항목_31": "수업내용",
    "항목_32": "수업방식",
    "항목_33": "주별 강의내용",
    "항목_34": "자료, 과제 및\n기타 참고사항",
    "항목_35": "온라인",
    "항목_36": "오프라인",
    "항목_37": "수업방식별시간",
    "항목_38": "1주",
    "항목_39": "자료구조와 알고리즘의 개념, 시간 복잡도의 개념, 알고리즘 분석 기법, 자료구조 표기법을 이해",
    "항목_40": "자료구조와 알고리즘, 추상자료형, 알고리즘의 성능 분석",
    "항목_41": "대면(PPT)"
  },
  "핵심역량": {
    "항목_0": "직전강의평가\n및\nCQI반영사항",
    "항목_1": "해당사항 없음",
    "항목_2": "구분",
    "항목_3": "소통역량",
    "항목_4": "창의역량",
    "항목_5": "인성역량",
    "항목_6": "실무역량",
    "항목_7": "도전역량",
    "항목_8": "문화역량",
    "항목_9": "합계",
    "항목_10": "대표역량",
    "항목_11": "비율(%)",
    "항목_12": "20",
    "항목_13": "30",
    "항목_14": "10",
    "항목_15": "20",
    "항목_16": "10",
    "항목_17": "10",
    "항목_18": "100",
    "항목_19": "교과목간의\n연계성",
    "항목_20": "주교재",
    "항목_21": "C언어로 쉽게 풀어쓴 자료구조(개정3판)",
    "항목_22": "저자",
    "항목_23": "참고자료",
    "항목_24": "C로 배우는 쉬운 자료구조, 이지영, 한빛미디어, 2016",
    "항목_25": "천인국, 공용해, 하상호",
    "항목_26": "출판사",
    "항목_27": "생능출판사",
    "항목_28": "출판년도",
    "항목_29": "2019",
    "항목_30": "교재언어",
    "항목_31": "권장 선수과목",
    "항목_32": "한국어",
    "항목_33": "강의언어",
    "항목_34": "한국어",
    "항목_35": "필요 기자재",
    "항목_36": "컴퓨터, 프로젝터",
    "항목_37": "C언어기초",
    "항목_38": "권장 후수과목",
    "항목_39": "DA",
    "항목_40": "수업방식\n(복수가능√)",
    "항목_41": "강의",
    "항목_42": "발표/토론",
    "항목_43": "PBL",
    "항목_44": "플립러닝",
    "항목_45": "LMS활용",
    "항목_46": "실험실습",
    "항목_47": "기타",
    "항목_48": "√",
    "항목_49": "√",
    "항목_50": "수업운영방향",
    "항목_51": "평가계획\n(100%)",
    "항목_52": "중간",
    "항목_53": "기말",
    "항목_54": "출석",
    "항목_55": "과제물",
    "항목_56": "안전교육",
    "항목_57": "발표/토론",
    "항목_58": "수업태도",
    "항목_59": "기타",
    "항목_60": "40%",
    "항목_61": "40%",
    "항목_62": "10%",
    "항목_63": "10%",
    "항목_64": "0%",
    "항목_65": "0%",
    "항목_66": "0%",
    "항목_67": "0%",
    "항목_68": "평가참고사항"
  }
}