{
  "기본정보": {
    "항목_0": "1 / 2",
    "항목_1": "전북대학교 강의계획서 (2025년 1학기)",
    "항목_2": "교과목 코드",
    "항목_3": "E-mail",
    "항목_4": "msong@jbnu.ac.kr",
    "항목_5": "전공필수",
    "항목_6": "연구실",
    "항목_7": "공대7호관422호",
    "항목_8": "담당교수명",
    "항목_9": "연락처",
    "항목_10": "송민호",
    "항목_11": "270-4285",
    "항목_12": "4",
    "항목_13": "3",
    "항목_14": "0000104817",
    "항목_15": "학점",
    "항목_16": "분반",
    "항목_17": "교과목 구분",
    "항목_18": "교과목명",
    "항목_19": "전자기학 1",
    "항목_20": "학과/학년",
    "항목_21": "전자공학부 2",
    "항목_22": "상담가능시간",
    "화 10": "30~11:30",
    "항목_24": "1. 강의 기본정보",
    "항목_25": "강의실",
    "전주": "공과대학 7호관 227",
    "항목_27": "요일/시간",
    "항목_28": "화 6-B,화 7-A,화 7-B,목 8-A,목 8-B,목 9-A",
    "항목_29": "수업목표",
    "항목_30": "전자기학은 전기력과 자기력 현상을 수학적으로 기술하고 이에 대한 이해를 다루는 과목으로, \n전자기학 1은 그 중 전기력 현상을, 그리고 전자기학 2에서는 자기력 현상 및 전자기파 관련한 부분을 공부한다. \n\n전자기학 1의 주요 수업목표는 다음과 같다.\n\n1. 수학적인 툴(벡터, 좌표계, 적분, 미분방정식 등)을 이용하여 전기력 현상을 수학식으로 표현하고 그 식을 풀어 해를 얻을 수 있도록 연습한다.\n2. 전기력, 전기장, 전위, 전기력에너지에 대한 이해와 이들을 구하는 방법을 중심으로 전기력 현상(전기장)에 대한 이해를 쌓는다.\n3. 전자기력 현상을 기존의 유무선통신, 회로, 센서 및 광학적 응용과 연관시켜 이해할 수 있는 능력을 기른다."
  },
  "평가방법": {
    "항목_0": "A(%)",
    "항목_1": "A+B(%)",
    "항목_2": "C이하(%)",
    "항목_3": "총비율",
    "항목_4": "40",
    "항목_5": "80",
    "항목_6": "20",
    "항목_7": "100%",
    "항목_8": "절대평가 기준",
    "항목_9": "상대평가 비율",
    "항목_10": "상대평가Ⅱ",
    "항목_11": "- 강의",
    "항목_12": "√",
    "항목_13": "√",
    "기타": "",
    "항목_15": "- 과제",
    "항목_16": "√",
    "항목_17": "* 장애학생 교수학습지원 사항",
    "항목_18": "- 평가",
    "항목_19": "√",
    "항목_20": "√",
    "항목_21": "참고\n사항",
    "항목_22": "강의 파일, 자료 등 제공",
    "항목_23": "좌석배치(지정좌석) 조정",
    "항목_24": "과제 제출기한 연장",
    "항목_25": "대안적 과제 제시",
    "항목_26": "시험시간 연장",
    "항목_27": "별도의 시험 장소 제공",
    "항목_28": "※ 위 지원사항 등을 포함한 강의, 과제, 시험 등 학습과정에서 장애로 인하여 추가 지원이\n     필요한 경우 개강전 담당강사 및 장애학습 지원센터를 통해 문의 바랍니다.",
    "그 외(필요시 자유로이 추가 기술)": "",
    "항목_30": "주별",
    "항목_31": "수업목표",
    "항목_32": "수업내용",
    "항목_33": "수업방식",
    "항목_34": "주별 강의내용",
    "항목_35": "자료, 과제 및\n기타 참고사항",
    "항목_36": "온라인",
    "항목_37": "오프라인",
    "항목_38": "수업방식별시간"
  },
  "핵심역량": {
    "항목_0": "직전강의평가\n및\nCQI반영사항",
    "항목_1": "- 문제풀이 비중을 확대 -> 수업 중 연습문제 등의 풀이를 확대",
    "항목_2": "구분",
    "항목_3": "소통역량",
    "항목_4": "창의역량",
    "항목_5": "인성역량",
    "항목_6": "실무역량",
    "항목_7": "도전역량",
    "항목_8": "문화역량",
    "항목_9": "합계",
    "항목_10": "대표역량",
    "항목_11": "비율(%)",
    "항목_12": "0",
    "항목_13": "80",
    "항목_14": "0",
    "항목_15": "20",
    "항목_16": "0",
    "항목_17": "0",
    "항목_18": "100",
    "항목_19": "교과목간의\n연계성",
    "항목_20": "주교재",
    "항목_21": "ABLE 전자기학 2판-송민호-텍스트북스-2017",
    "항목_22": "저자",
    "항목_23": "참고자료",
    "항목_24": "송민호",
    "항목_25": "출판사",
    "항목_26": "텍스트북스",
    "항목_27": "출판년도",
    "항목_28": "2017",
    "항목_29": "교재언어",
    "항목_30": "권장 선수과목",
    "항목_31": "한국어",
    "항목_32": "강의언어",
    "항목_33": "한국어",
    "항목_34": "필요 기자재",
    "항목_35": "일반물리학",
    "항목_36": "권장 후수과목",
    "항목_37": "DA",
    "항목_38": "수업방식\n(복수가능√)",
    "항목_39": "강의",
    "항목_40": "발표/토론",
    "항목_41": "PBL",
    "항목_42": "플립러닝",
    "항목_43": "LMS활용",
    "항목_44": "실험실습",
    "항목_45": "기타",
    "항목_46": "√",
    "항목_47": "√",
    "항목_48": "수업운영방향",
    "항목_49": "평가계획\n(100%)",
    "항목_50": "중간",
    "항목_51": "기말",
    "항목_52": "출석",
    "항목_53": "과제물",
    "항목_54": "안전교육",
    "항목_55": "발표/토론",
    "항목_56": "수업태도",
    "항목_57": "기타",
    "항목_58": "33%",
    "항목_59": "33%",
    "항목_60": "10%",
    "항목_61": "17%",
    "항목_62": "0%",
    "항목_63": "0%",
    "항목_64": "7%",
    "항목_65": "0%",
    "항목_66": "평가참고사항"
  }
}