{
  "기본정보": {
    "항목_0": "1 / 2",
    "항목_1": "전북대학교 강의계획서 (2025년 1학기)",
    "항목_2": "교과목 코드",
    "항목_3": "E-mail",
    "항목_4": "shinjh@jbnu.ac.kr",
    "항목_5": "전공필수",
    "항목_6": "연구실",
    "항목_7": "공대5호관 113호",
    "항목_8": "담당교수명",
    "항목_9": "연락처",
    "항목_10": "신정훈",
    "항목_11": "270-4541",
    "항목_12": "3",
    "항목_13": "3",
    "항목_14": "0000103861",
    "항목_15": "학점",
    "항목_16": "분반",
    "항목_17": "교과목 구분",
    "항목_18": "교과목명",
    "항목_19": "운영체제",
    "항목_20": "학과/학년",
    "항목_21": "소프트웨어공학과(재) 3",
    "항목_22": "상담가능시간",
    "항목_23": "목요일 오후",
    "항목_24": "1. 강의 기본정보",
    "항목_25": "강의실",
    "전주": "공과대학 5호관 312",
    "항목_27": "요일/시간",
    "항목_28": "목 11-A,목 11-B,목 12-A,목 12-B,목 13-A,목 13-B",
    "항목_29": "수업목표",
    "항목_30": "컴퓨터 사용자와 컴퓨터 하드웨어 간의 중재자로서 동작하는 프로그램인 운영체제의 개념에 대해 자세히 알아본다. 특히 운영체제의 4대 요소인 프로세스 경영, 메모리 경영, 파일 시스템 그리고 입출력 경영에 대해 자세히 학습하고, 이를 바탕으로 운영체제의 기본적인 작동원리와 개념을 이해한다."
  },
  "평가방법": {
    "항목_0": "A(%)",
    "항목_1": "A+B(%)",
    "항목_2": "C이하(%)",
    "항목_3": "총비율",
    "항목_4": "0",
    "항목_5": "0",
    "항목_6": "0",
    "항목_7": "100%",
    "항목_8": "절대평가 기준",
    "항목_9": "상대평가 비율",
    "항목_10": "상대평가Ⅰ(A40%)",
    "항목_11": "- 강의",
    "항목_12": "√",
    "기타": "",
    "항목_14": "- 과제",
    "항목_15": "√",
    "항목_16": "* 장애학생 교수학습지원 사항",
    "항목_17": "- 평가",
    "항목_18": "√",
    "항목_19": "참고\n사항",
    "항목_20": "강의 파일, 자료 등 제공",
    "항목_21": "좌석배치(지정좌석) 조정",
    "항목_22": "과제 제출기한 연장",
    "항목_23": "대안적 과제 제시",
    "항목_24": "시험시간 연장",
    "항목_25": "별도의 시험 장소 제공",
    "항목_26": "※ 위 지원사항 등을 포함한 강의, 과제, 시험 등 학습과정에서 장애로 인하여 추가 지원이\n     필요한 경우 개강전 담당강사 및 장애학습 지원센터를 통해 문의 바랍니다.",
    "그 외(필요시 자유로이 추가 기술)": "",
    "항목_28": "주별",
    "항목_29": "수업목표",
    "항목_30": "수업내용",
    "항목_31": "수업방식",
    "항목_32": "주별 강의내용",
    "항목_33": "자료, 과제 및\n기타 참고사항",
    "항목_34": "온라인",
    "항목_35": "오프라인",
    "항목_36": "수업방식별시간",
    "항목_37": "1주",
    "항목_38": "운영체제의 필요성과 정의, 역할, 목표를 이해하고, 운영체제의 발전과정과 현쟈의 컴퓨팅 환경을 파악",
    "항목_39": "운영체제 소개, 운영체제의 발전, 운영체제의 구성",
    "항목_40": "대면(PPT)"
  },
  "핵심역량": {
    "항목_0": "직전강의평가\n및\nCQI반영사항",
    "항목_1": "해당사항 없음",
    "항목_2": "구분",
    "항목_3": "소통역량",
    "항목_4": "창의역량",
    "항목_5": "인성역량",
    "항목_6": "실무역량",
    "항목_7": "도전역량",
    "항목_8": "문화역량",
    "항목_9": "합계",
    "항목_10": "대표역량",
    "항목_11": "비율(%)",
    "항목_12": "10",
    "항목_13": "30",
    "항목_14": "10",
    "항목_15": "30",
    "항목_16": "10",
    "항목_17": "10",
    "항목_18": "100",
    "항목_19": "교과목간의\n연계성",
    "항목_20": "주교재",
    "항목_21": "쉽게 배우는 운영체제 2판",
    "항목_22": "저자",
    "항목_23": "참고자료",
    "항목_24": "조성호",
    "항목_25": "출판사",
    "항목_26": "한빛아카데미",
    "항목_27": "출판년도",
    "항목_28": "2023",
    "항목_29": "교재언어",
    "항목_30": "권장 선수과목",
    "항목_31": "한국어",
    "항목_32": "강의언어",
    "항목_33": "한국어",
    "항목_34": "필요 기자재",
    "항목_35": "컴퓨터, 프로젝터",
    "항목_36": "없음",
    "항목_37": "권장 후수과목",
    "항목_38": "DA",
    "항목_39": "수업방식\n(복수가능√)",
    "항목_40": "강의",
    "항목_41": "발표/토론",
    "항목_42": "PBL",
    "항목_43": "플립러닝",
    "항목_44": "LMS활용",
    "항목_45": "실험실습",
    "항목_46": "기타",
    "항목_47": "√",
    "항목_48": "√",
    "항목_49": "수업운영방향",
    "항목_50": "평가계획\n(100%)",
    "항목_51": "중간",
    "항목_52": "기말",
    "항목_53": "출석",
    "항목_54": "과제물",
    "항목_55": "안전교육",
    "항목_56": "발표/토론",
    "항목_57": "수업태도",
    "항목_58": "기타",
    "항목_59": "40%",
    "항목_60": "40%",
    "항목_61": "10%",
    "항목_62": "10%",
    "항목_63": "0%",
    "항목_64": "0%",
    "항목_65": "0%",
    "항목_66": "0%",
    "항목_67": "평가참고사항"
  }
}