{
  "기본정보": {
    "항목_0": "1 / 2",
    "항목_1": "전북대학교 강의계획서 (2025년 1학기)",
    "항목_2": "교과목 코드",
    "항목_3": "E-mail",
    "항목_4": "hygijo@jbnu.ac.kr",
    "항목_5": "전공선택",
    "항목_6": "연구실",
    "항목_7": "공대7호관 417호",
    "항목_8": "담당교수명",
    "항목_9": "연락처",
    "항목_10": "조형기",
    "항목_11": "063-270-2467",
    "항목_12": "1",
    "항목_13": "3",
    "항목_14": "0000125716",
    "항목_15": "학점",
    "항목_16": "분반",
    "항목_17": "교과목 구분",
    "항목_18": "교과목명",
    "항목_19": "전자시스템설계및실험",
    "항목_20": "학과/학년",
    "항목_21": "전자공학부 3",
    "항목_22": "상담가능시간",
    "항목_23": "1. 강의 기본정보",
    "항목_24": "강의실",
    "전주": "공과대학 8호관 403",
    "항목_26": "요일/시간",
    "항목_27": "월 8-A,월 8-B,월 9-A,월 9-B,월 10-A,월 10-B,수 8-A,수 8-B",
    "항목_28": "수업목표",
    "항목_29": "본 교과목은 Raspberry Pi를 활용하여 임베디드 시스템과 IoT(사물인터넷) 기반의 전자 시스템을 설계하고 실험하는 과정이다. 센서, 액추에이터, 디스플레이, 네트워크 모듈 등 다양한 전자 부품과 Raspberry Pi를 연동하여 실제 응용 가능한 시스템을 개발하는 능력을 기르는 것을 목표로 한다. 또한, 프로그래밍(Python), 데이터 처리, 네트워크 통신 등의 기술을 학습하고, 팀 프로젝트를 통해 창의적인 전자 시스템을 설계하고 구현한다.\n\n1. Raspberry Pi의 기본 환경 설정과 프로그래밍 기초를 익힌다.\n2. 다양한 센서 및 디바이스와의 인터페이스 기술을 학습한다.\n3. GPIO, PWM, I2C, SPI, UART 등의 통신 방식과 활용법을 익힌다.\n4. IoT 시스템 설계를 위한 네트워크 통신 및 데이터 저장 기법을 실습한다.\n5. 전자 시스템의 설계 및 구현을 위한 프로젝트 기반 학습을 수행한다.\n6. 팀 프로젝트를 통해 문제 해결 능력과 협업 능력을 강화한다."
  },
  "평가방법": {
    "항목_0": "A(%)",
    "항목_1": "A+B(%)",
    "항목_2": "C이하(%)",
    "항목_3": "총비율",
    "항목_4": "40",
    "항목_5": "80",
    "항목_6": "20",
    "항목_7": "100%",
    "항목_8": "절대평가 기준",
    "항목_9": "상대평가 비율",
    "항목_10": "상대평가Ⅱ",
    "항목_11": "- 강의",
    "항목_12": "√",
    "항목_13": "√",
    "기타": "",
    "항목_15": "- 과제",
    "항목_16": "* 장애학생 교수학습지원 사항",
    "항목_17": "- 평가",
    "항목_18": "참고\n사항",
    "항목_19": "강의 파일, 자료 등 제공",
    "항목_20": "좌석배치(지정좌석) 조정",
    "항목_21": "과제 제출기한 연장",
    "항목_22": "대안적 과제 제시",
    "항목_23": "시험시간 연장",
    "항목_24": "별도의 시험 장소 제공",
    "항목_25": "※ 위 지원사항 등을 포함한 강의, 과제, 시험 등 학습과정에서 장애로 인하여 추가 지원이\n     필요한 경우 개강전 담당강사 및 장애학습 지원센터를 통해 문의 바랍니다.",
    "그 외(필요시 자유로이 추가 기술)": ""
  },
  "핵심역량": {
    "항목_0": "직전강의평가\n및\nCQI반영사항",
    "항목_1": "None",
    "항목_2": "구분",
    "항목_3": "소통역량",
    "항목_4": "창의역량",
    "항목_5": "인성역량",
    "항목_6": "실무역량",
    "항목_7": "도전역량",
    "항목_8": "문화역량",
    "항목_9": "합계",
    "항목_10": "대표역량",
    "항목_11": "비율(%)",
    "항목_12": "30",
    "항목_13": "30",
    "항목_14": "0",
    "항목_15": "30",
    "항목_16": "10",
    "항목_17": "0",
    "항목_18": "100",
    "항목_19": "교과목간의\n연계성",
    "항목_20": "주교재",
    "항목_21": "저자",
    "항목_22": "참고자료",
    "항목_23": "출판사",
    "항목_24": "출판년도",
    "항목_25": "교재언어",
    "항목_26": "권장 선수과목",
    "항목_27": "한국어",
    "항목_28": "강의언어",
    "항목_29": "한국어",
    "항목_30": "필요 기자재",
    "항목_31": "권장 후수과목",
    "항목_32": "DA",
    "항목_33": "수업방식\n(복수가능√)",
    "항목_34": "강의",
    "항목_35": "발표/토론",
    "항목_36": "PBL",
    "항목_37": "플립러닝",
    "항목_38": "LMS활용",
    "항목_39": "실험실습",
    "항목_40": "기타",
    "항목_41": "√",
    "항목_42": "√",
    "항목_43": "√",
    "항목_44": "수업운영방향",
    "항목_45": "평가계획\n(100%)",
    "항목_46": "중간",
    "항목_47": "기말",
    "항목_48": "출석",
    "항목_49": "과제물",
    "항목_50": "안전교육",
    "항목_51": "발표/토론",
    "항목_52": "수업태도",
    "항목_53": "기타",
    "항목_54": "20%",
    "항목_55": "20%",
    "항목_56": "10%",
    "항목_57": "30%",
    "항목_58": "0%",
    "항목_59": "20%",
    "항목_60": "0%",
    "항목_61": "0%",
    "항목_62": "평가참고사항"
  }
}