{
  "기본정보": {
    "항목_0": "1 / 2",
    "항목_1": "전북대학교 강의계획서 (2025년 1학기)",
    "항목_2": "교과목 코드",
    "항목_3": "E-mail",
    "항목_4": "cuhong@jbnu.ac.kr",
    "항목_5": "전공선택",
    "항목_6": "연구실",
    "항목_7": "담당교수명",
    "항목_8": "연락처",
    "항목_9": "홍철운",
    "항목_10": "1",
    "항목_11": "3",
    "항목_12": "0000119903",
    "항목_13": "학점",
    "항목_14": "분반",
    "항목_15": "교과목 구분",
    "항목_16": "교과목명",
    "항목_17": "의료기기학 1",
    "항목_18": "학과/학년",
    "항목_19": "바이오(헬스케어기기) 3,바이오(메디컬AI) 3,바이오(헬스케어정보) 3",
    "항목_20": "상담가능시간",
    "항목_21": "1. 강의 기본정보",
    "항목_22": "강의실",
    "전주": "공과대학 1호관 147",
    "항목_24": "요일/시간",
    "항목_25": "월 6-A,월 6-B,월 7-A,월 7-B,수 6-A,수 6-B",
    "항목_26": "수업목표",
    "항목_27": "다양한 의료기기들에 대해 정확한 원리를 학습하며, 의학적 지식을 적용하고 계측할 대상에 따라 어떻게 의료기기를 활용하는지에 대하여 학습한다."
  },
  "평가방법": {
    "항목_0": "구분",
    "항목_1": "소통역량",
    "항목_2": "창의역량",
    "항목_3": "인성역량",
    "항목_4": "실무역량",
    "항목_5": "도전역량",
    "항목_6": "문화역량",
    "항목_7": "합계",
    "항목_8": "대표역량",
    "항목_9": "비율(%)",
    "항목_10": "50",
    "항목_11": "30",
    "항목_12": "0",
    "항목_13": "20",
    "항목_14": "0",
    "항목_15": "0",
    "항목_16": "100",
    "항목_17": "교과목간의\n연계성",
    "항목_18": "주교재",
    "항목_19": "의료기기학 개론",
    "항목_20": "저자",
    "항목_21": "참고자료",
    "항목_22": "s",
    "항목_23": "김경호",
    "항목_24": "출판사",
    "항목_25": "문운당",
    "항목_26": "출판년도",
    "항목_27": "2007",
    "항목_28": "교재언어",
    "항목_29": "권장 선수과목",
    "항목_30": "한국어",
    "항목_31": "강의언어",
    "항목_32": "한국어",
    "항목_33": "필요 기자재",
    "항목_34": "s",
    "항목_35": "물리학",
    "항목_36": "권장 후수과목",
    "항목_37": "DA",
    "항목_38": "수업방식\n(복수가능√)",
    "항목_39": "강의",
    "항목_40": "발표/토론",
    "항목_41": "PBL",
    "항목_42": "플립러닝",
    "항목_43": "LMS활용",
    "항목_44": "실험실습",
    "항목_45": "기타",
    "항목_46": "√",
    "항목_47": "√",
    "항목_48": "√",
    "항목_49": "√",
    "항목_50": "수업운영방향",
    "항목_51": "평가계획\n(100%)",
    "항목_52": "중간",
    "항목_53": "기말",
    "항목_54": "출석",
    "항목_55": "과제물",
    "항목_56": "안전교육",
    "항목_57": "발표/토론",
    "항목_58": "수업태도",
    "항목_59": "기타",
    "항목_60": "30%",
    "항목_61": "40%",
    "항목_62": "10%",
    "항목_63": "20%",
    "항목_64": "0%",
    "항목_65": "0%",
    "항목_66": "0%",
    "항목_67": "0%",
    "항목_68": "평가참고사항",
    "항목_69": "중간평가는 온라인 과제물 제출로 평가를 실시함. 중간고사 이후는 비대면과 대면을 상황에 맞게 평가할 예정임.",
    "항목_70": "A(%)",
    "항목_71": "A+B(%)",
    "항목_72": "C이하(%)",
    "항목_73": "총비율",
    "항목_74": "50",
    "항목_75": "80",
    "항목_76": "20",
    "항목_77": "100%",
    "항목_78": "절대평가 기준",
    "항목_79": "상대평가 비율",
    "항목_80": "상대평가Ⅱ",
    "항목_81": "- 강의",
    "항목_82": "√",
    "항목_83": "√",
    "기타": "",
    "항목_85": "- 과제",
    "항목_86": "√",
    "항목_87": "* 장애학생 교수학습지원 사항",
    "항목_88": "- 평가",
    "항목_89": "√",
    "항목_90": "참고\n사항",
    "항목_91": "강의 파일, 자료 등 제공",
    "항목_92": "좌석배치(지정좌석) 조정",
    "항목_93": "과제 제출기한 연장",
    "항목_94": "대안적 과제 제시",
    "항목_95": "시험시간 연장",
    "항목_96": "별도의 시험 장소 제공",
    "항목_97": "※ 위 지원사항 등을 포함한 강의, 과제, 시험 등 학습과정에서 장애로 인하여 추가 지원이\n     필요한 경우 개강전 담당강사 및 장애학습 지원센터를 통해 문의 바랍니다.",
    "그 외(필요시 자유로이 추가 기술)": "",
    "항목_99": "주별",
    "항목_100": "수업목표",
    "항목_101": "수업내용",
    "항목_102": "수업방식",
    "항목_103": "주별 강의내용",
    "항목_104": "자료, 과제 및\n기타 참고사항",
    "항목_105": "온라인",
    "항목_106": "오프라인",
    "항목_107": "수업방식별시간",
    "항목_108": "1주",
    "항목_109": "의료기기학 개론 1",
    "항목_110": "- 의료기기란 무엇인가?에 대한 정의",
    "항목_111": "대면 강의"
  },
  "핵심역량": {
    "항목_0": "직전강의평가\n및\nCQI반영사항"
  }
}