{
  "기본정보": {
    "항목_0": "1 / 2",
    "항목_1": "전북대학교 강의계획서 (2025년 1학기)",
    "항목_2": "교과목 코드",
    "항목_3": "E-mail",
    "항목_4": "ksl@jbnu.ac.kr",
    "항목_5": "전공선택",
    "항목_6": "연구실",
    "항목_7": "공과대학7호관 626호",
    "항목_8": "담당교수명",
    "항목_9": "연락처",
    "항목_10": "이경수",
    "항목_11": "063-270-2406",
    "항목_12": "1",
    "항목_13": "3",
    "항목_14": "0000125865",
    "항목_15": "학점",
    "항목_16": "분반",
    "항목_17": "교과목 구분",
    "항목_18": "교과목명",
    "항목_19": "오픈소스소프트웨어개발",
    "항목_20": "학과/학년",
    "항목_21": "컴퓨터공학부 4,IT정보공학과 4,컴퓨터공학부(컴퓨터) 4,컴퓨터인공지능",
    "항목_22": "상담가능시간",
    "항목_23": "추후 공지",
    "항목_24": "1. 강의 기본정보",
    "항목_25": "강의실",
    "전주": "공과대학 7호관 302",
    "항목_27": "요일/시간",
    "항목_28": "월 1-A,월 1-B,월 2-A,월 2-B,수 1-A,수 1-B",
    "항목_29": "수업목표",
    "[수업목표]\n1. Open Source Software (OSS)의 이해": "OSS의 개념과 생태계, OSS 개발의 특수성 및 주요 OSS의 동향 등에 대해 이해\n2. OSS와 REST API: OSS의 개발에 필요한 API의 개념에 대해 이해\n3. OSS와 AI: 최근 OSS에 AI의 활용을 접목하는 사례가 늘어남에 따라, AI에 접목할 수 있는 AI 활용 능력 배양\n4. OSS와 DevOPs: 백엔드 개발자에 필요한 DevOPs 관련 기술 함양과 CI/CD에 대한 경험\n\n\n[강좌설명]\n본 수업은 다음과 같은 내용으로 구성되어 있음.\n1. OSS에 대한 기본적인 이해 및 활용 방안\n2. 공공데이터 및 Open API를 활용한 어플리케이션 개발 및 실습\n3. REST API를 활용한 AI의 활용법\n4. BackEnd 개발자를 위한 Agentic Desing Pattern (AI-Agent)\n5. DevOPs 및 BackEnd 개발자를 위한 로드맵\n\n본 수업은 다음과 같은 방식으로 진행하고자 함.\n1. 매 수업마다 총 3시간 수업 중 1~1.5시간 이론 수업 후 실습을 수행할 예정 (약 30~2시간 분량). 수업 시간 내에 다 하지 못할 경우 과제로 제출 요망.\n2. 강의는 월요일 2시간, 수요일 1시간으로 구성되어 있으며, 월요일에는 이론 강의 및 수요일에는 실습을 진행할 예정.\n3. 중간 고사 및 기말고사는 수행하지 않으며, 대체 프로젝트 등으로 대신할 예정임.\n4. 프로젝트는 학생들이 자유롭게 구성 가능\n5. 가능한 절대평가로 진행할 예정\n6. 최대 20명 정원 예정으로 변동 가능성 없음."
  },
  "평가방법": {
    "항목_0": "A(%)",
    "항목_1": "A+B(%)",
    "항목_2": "C이하(%)",
    "항목_3": "총비율",
    "항목_4": "40",
    "항목_5": "80",
    "항목_6": "20",
    "항목_7": "100%",
    "항목_8": "절대평가 기준",
    "항목_9": "상대평가 비율",
    "항목_10": "상대평가Ⅱ"
  },
  "핵심역량": {
    "항목_0": "직전강의평가\n및\nCQI반영사항",
    "항목_1": "팀프로젝트 대신 개인 프로젝트로도 진행할 수 있게 변경",
    "항목_2": "구분",
    "항목_3": "소통역량",
    "항목_4": "창의역량",
    "항목_5": "인성역량",
    "항목_6": "실무역량",
    "항목_7": "도전역량",
    "항목_8": "문화역량",
    "항목_9": "합계",
    "항목_10": "대표역량",
    "항목_11": "비율(%)",
    "항목_12": "5",
    "항목_13": "15",
    "항목_14": "0",
    "항목_15": "60",
    "항목_16": "10",
    "항목_17": "10",
    "항목_18": "100",
    "항목_19": "교과목간의\n연계성",
    "항목_20": "주교재",
    "항목_21": "오픈소스 기여를 위한 안내서",
    "항목_22": "저자",
    "항목_23": "참고자료",
    "항목_24": "강의자료 및 강의 녹화 자료를 제공해줄 예정",
    "항목_25": "윤대석,최종무",
    "항목_26": "출판사",
    "항목_27": "지코사이언스",
    "항목_28": "출판년도",
    "항목_29": "2018",
    "항목_30": "교재언어",
    "항목_31": "권장 선수과목",
    "항목_32": "한국어",
    "항목_33": "강의언어",
    "항목_34": "한국어",
    "항목_35": "필요 기자재",
    "항목_36": "웹서비스설계, 데이터베이스",
    "항목_37": "권장 후수과목",
    "항목_38": "DA",
    "항목_39": "수업방식\n(복수가능√)",
    "항목_40": "강의",
    "항목_41": "발표/토론",
    "항목_42": "PBL",
    "항목_43": "플립러닝",
    "항목_44": "LMS활용",
    "항목_45": "실험실습",
    "항목_46": "기타",
    "항목_47": "√",
    "항목_48": "√",
    "항목_49": "√",
    "항목_50": "√",
    "항목_51": "수업운영방향",
    "항목_52": "평가계획\n(100%)",
    "항목_53": "중간",
    "항목_54": "기말",
    "항목_55": "출석",
    "항목_56": "과제물",
    "항목_57": "안전교육",
    "항목_58": "발표/토론",
    "항목_59": "수업태도",
    "항목_60": "기타",
    "항목_61": "20%",
    "항목_62": "0%",
    "항목_63": "10%",
    "항목_64": "40%",
    "항목_65": "0%",
    "항목_66": "20%",
    "항목_67": "0%",
    "항목_68": "10%",
    "항목_69": "평가참고사항",
    "항목_70": "평가 항목은 프로젝트 난이도에 따라 변경될 수 있음."
  }
}