{
  "기본정보": {
    "항목_0": "1 / 2",
    "항목_1": "전북대학교 강의계획서 (2025년 1학기)",
    "항목_2": "교과목 코드",
    "항목_3": "E-mail",
    "항목_4": "01092461532@daum.net",
    "항목_5": "전공선택",
    "항목_6": "연구실",
    "항목_7": "담당교수명",
    "항목_8": "연락처",
    "항목_9": "안영신",
    "항목_10": "01092461532",
    "항목_11": "1",
    "항목_12": "3",
    "항목_13": "0000101785",
    "항목_14": "학점",
    "항목_15": "분반",
    "항목_16": "교과목 구분",
    "항목_17": "교과목명",
    "항목_18": "마이크로프로세서",
    "항목_19": "학과/학년",
    "항목_20": "소프트웨어공학과(재) 3",
    "항목_21": "상담가능시간",
    "항목_22": "예약후 수시",
    "항목_23": "1. 강의 기본정보",
    "항목_24": "강의실",
    "전주": "공과대학 5호관 414",
    "항목_26": "요일/시간",
    "항목_27": "금 11-A,금 11-B,금 12-A,금 12-B,금 13-A,금 13-B",
    "항목_28": "수업목표",
    "항목_29": "저전력을 요하는 기존의 휴대형 기기(스마트폰 등)와 생활가전에 많이 사용되는 ARM(Cortex-M4) 아키텍처에 대한 전반적인 이해와 시스템 설계시 고려해야 하는 개발 환경, 프로그래밍 방법 등을 학습한다.\n소프트웨어 엔지니어에게 필요한 하드웨어에 대한 이해를 목표로 한다."
  },
  "평가방법": {
    "항목_0": "A(%)",
    "항목_1": "A+B(%)",
    "항목_2": "C이하(%)",
    "항목_3": "총비율",
    "항목_4": "0",
    "항목_5": "0",
    "항목_6": "0",
    "항목_7": "100%",
    "항목_8": "절대평가 기준",
    "항목_9": "상대평가 비율",
    "항목_10": "상대평가Ⅰ(A40%)",
    "항목_11": "- 강의",
    "기타": "",
    "항목_13": "- 과제",
    "항목_14": "* 장애학생 교수학습지원 사항",
    "항목_15": "- 평가",
    "항목_16": "참고\n사항",
    "항목_17": "강의 파일, 자료 등 제공",
    "항목_18": "좌석배치(지정좌석) 조정",
    "항목_19": "과제 제출기한 연장",
    "항목_20": "대안적 과제 제시",
    "항목_21": "시험시간 연장",
    "항목_22": "별도의 시험 장소 제공",
    "항목_23": "※ 위 지원사항 등을 포함한 강의, 과제, 시험 등 학습과정에서 장애로 인하여 추가 지원이\n     필요한 경우 개강전 담당강사 및 장애학습 지원센터를 통해 문의 바랍니다.",
    "항목_24": "√",
    "그 외(필요시 자유로이 추가 기술)": "",
    "항목_26": "주별",
    "항목_27": "수업목표",
    "항목_28": "수업내용",
    "항목_29": "수업방식",
    "항목_30": "주별 강의내용",
    "항목_31": "자료, 과제 및\n기타 참고사항",
    "항목_32": "온라인",
    "항목_33": "오프라인",
    "항목_34": "수업방식별시간",
    "항목_35": "1주",
    "항목_36": "사전 이해도 조사\nARM Cortex-M4 프로세서의 개요",
    "항목_37": "강의",
    "항목_38": "강의"
  },
  "핵심역량": {
    "항목_0": "직전강의평가\n및\nCQI반영사항",
    "항목_1": "주제 선정 등 과제 수행 전 가이드라인 제시가 필요함",
    "항목_2": "구분",
    "항목_3": "소통역량",
    "항목_4": "창의역량",
    "항목_5": "인성역량",
    "항목_6": "실무역량",
    "항목_7": "도전역량",
    "항목_8": "문화역량",
    "항목_9": "합계",
    "항목_10": "대표역량",
    "항목_11": "비율(%)",
    "항목_12": "20",
    "항목_13": "20",
    "항목_14": "20",
    "항목_15": "20",
    "항목_16": "10",
    "항목_17": "10",
    "항목_18": "100",
    "항목_19": "교과목간의\n연계성",
    "항목_20": "주교재",
    "항목_21": "첫 수업 시간 공지 예정",
    "항목_22": "저자",
    "항목_23": "참고자료",
    "항목_24": "디지털 논리 회로 실험",
    "항목_25": "-",
    "항목_26": "출판사",
    "항목_27": "-",
    "항목_28": "출판년도",
    "항목_29": "-",
    "항목_30": "교재언어",
    "항목_31": "권장 선수과목",
    "항목_32": "한국어",
    "항목_33": "강의언어",
    "항목_34": "한국어",
    "항목_35": "필요 기자재",
    "항목_36": "ARM Cortex-M4",
    "항목_37": "디지털논리, 컴퓨터구조",
    "항목_38": "권장 후수과목",
    "항목_39": "DA",
    "항목_40": "수업방식\n(복수가능√)",
    "항목_41": "강의",
    "항목_42": "발표/토론",
    "항목_43": "PBL",
    "항목_44": "플립러닝",
    "항목_45": "LMS활용",
    "항목_46": "실험실습",
    "항목_47": "기타",
    "항목_48": "√",
    "항목_49": "√",
    "항목_50": "√",
    "항목_51": "√",
    "항목_52": "수업운영방향",
    "항목_53": "평가계획\n(100%)",
    "항목_54": "중간",
    "항목_55": "기말",
    "항목_56": "출석",
    "항목_57": "과제물",
    "항목_58": "안전교육",
    "항목_59": "발표/토론",
    "항목_60": "수업태도",
    "항목_61": "기타",
    "항목_62": "30%",
    "항목_63": "30%",
    "항목_64": "10%",
    "항목_65": "10%",
    "항목_66": "0%",
    "항목_67": "10%",
    "항목_68": "10%",
    "항목_69": "0%",
    "항목_70": "평가참고사항"
  }
}