{
  "기본정보": {
    "항목_0": "1 / 2",
    "항목_1": "전북대학교 강의계획서 (2025년 1학기)",
    "항목_2": "교과목 코드",
    "항목_3": "E-mail",
    "항목_4": "shpark92@jbnu.ac.kr",
    "항목_5": "전공선택",
    "항목_6": "연구실",
    "항목_7": "공대 6호관 224호",
    "항목_8": "담당교수명",
    "항목_9": "연락처",
    "항목_10": "박상호",
    "항목_11": "063-270-4992",
    "항목_12": "3",
    "항목_13": "3",
    "항목_14": "0000121495",
    "항목_15": "학점",
    "항목_16": "분반",
    "항목_17": "교과목 구분",
    "항목_18": "교과목명",
    "항목_19": "화학공학종합설계",
    "항목_20": "학과/학년",
    "항목_21": "화공부(생명) 4",
    "항목_22": "상담가능시간",
    "화,목 09": "00~18:00",
    "항목_24": "1. 강의 기본정보",
    "항목_25": "강의실",
    "전주": "공과대학 6호관 B13",
    "항목_27": "요일/시간",
    "항목_28": "금 6-A,금 6-B,금 7-A,금 7-B,금 8-A,금 8-B,금 9-A,금 9-B",
    "항목_29": "수업목표",
    "항목_30": "창의 설계를 통해 익힌 창의적인 사고방식과 전공지식을 통해 습득한 화학공학에 대한 기본 지식을 바탕으로 화학공학의 공정 설계 및 운전 원리를 이해하고 이를 개선하기 위한 창의력 개발 및 실제 설계 학습을 통한 실제 산업현장에서의 적응력을 높이고자 한다. \n1. 창의적 사고방식의 응용\n2. 설계학습을 통한 화학공학 설계 과정 이해 및 숙지\n3. 공학적 문제 해결 과정 이해\n4. 문제 해결을 위한 팀활동 및 발표"
  },
  "평가방법": {
    "항목_0": "A(%)",
    "항목_1": "A+B(%)",
    "항목_2": "C이하(%)",
    "항목_3": "총비율",
    "항목_4": "0",
    "항목_5": "0",
    "항목_6": "0",
    "항목_7": "100%",
    "항목_8": "절대평가 기준",
    "항목_9": "상대평가 비율",
    "항목_10": "절대평가",
    "항목_11": "- 강의",
    "항목_12": "√",
    "기타": "",
    "항목_14": "- 과제",
    "항목_15": "* 장애학생 교수학습지원 사항",
    "항목_16": "- 평가",
    "항목_17": "√",
    "항목_18": "참고\n사항",
    "항목_19": "강의 파일, 자료 등 제공",
    "항목_20": "좌석배치(지정좌석) 조정",
    "항목_21": "과제 제출기한 연장",
    "항목_22": "대안적 과제 제시",
    "항목_23": "시험시간 연장",
    "항목_24": "별도의 시험 장소 제공",
    "항목_25": "※ 위 지원사항 등을 포함한 강의, 과제, 시험 등 학습과정에서 장애로 인하여 추가 지원이\n     필요한 경우 개강전 담당강사 및 장애학습 지원센터를 통해 문의 바랍니다.",
    "그 외(필요시 자유로이 추가 기술)": "",
    "항목_27": "주별",
    "항목_28": "수업목표",
    "항목_29": "수업내용",
    "항목_30": "수업방식",
    "항목_31": "주별 강의내용",
    "항목_32": "자료, 과제 및\n기타 참고사항",
    "항목_33": "온라인",
    "항목_34": "오프라인",
    "항목_35": "수업방식별시간"
  },
  "핵심역량": {
    "항목_0": "직전강의평가\n및\nCQI반영사항",
    "항목_1": "설계보고서 작성 양식 제시",
    "항목_2": "구분",
    "항목_3": "소통역량",
    "항목_4": "창의역량",
    "항목_5": "인성역량",
    "항목_6": "실무역량",
    "항목_7": "도전역량",
    "항목_8": "문화역량",
    "항목_9": "합계",
    "항목_10": "대표역량",
    "항목_11": "비율(%)",
    "항목_12": "20",
    "항목_13": "40",
    "항목_14": "0",
    "항목_15": "40",
    "항목_16": "0",
    "항목_17": "0",
    "항목_18": "100",
    "항목_19": "교과목간의\n연계성",
    "항목_20": "주교재",
    "항목_21": "저자",
    "항목_22": "참고자료",
    "항목_23": "해당사항없음",
    "항목_24": "출판사",
    "항목_25": "해당사항없음",
    "항목_26": "출판년도",
    "항목_27": "2021",
    "항목_28": "교재언어",
    "항목_29": "권장 선수과목",
    "항목_30": "강의언어",
    "항목_31": "한국어",
    "항목_32": "필요 기자재",
    "항목_33": "창의적공학설계",
    "항목_34": "권장 후수과목",
    "항목_35": "DA",
    "항목_36": "수업방식\n(복수가능√)",
    "항목_37": "강의",
    "항목_38": "발표/토론",
    "항목_39": "PBL",
    "항목_40": "플립러닝",
    "항목_41": "LMS활용",
    "항목_42": "실험실습",
    "항목_43": "기타",
    "항목_44": "수업운영방향",
    "항목_45": "평가계획\n(100%)",
    "항목_46": "중간",
    "항목_47": "기말",
    "항목_48": "출석",
    "항목_49": "과제물",
    "항목_50": "안전교육",
    "항목_51": "발표/토론",
    "항목_52": "수업태도",
    "항목_53": "기타",
    "항목_54": "0%",
    "항목_55": "0%",
    "항목_56": "%",
    "항목_57": "50%",
    "항목_58": "%",
    "항목_59": "%",
    "항목_60": "10%",
    "항목_61": "%",
    "항목_62": "평가참고사항"
  }
}