{
  "기본정보": {
    "항목_0": "1 / 2",
    "항목_1": "전북대학교 강의계획서 (2025년 1학기)",
    "항목_2": "교과목 코드",
    "항목_3": "E-mail",
    "항목_4": "@jbnu.ac.kr",
    "항목_5": "전공선택",
    "항목_6": "연구실",
    "항목_7": "담당교수명",
    "항목_8": "연락처",
    "항목_9": "장영석",
    "항목_10": "2456",
    "항목_11": "1",
    "항목_12": "3",
    "항목_13": "0000130066",
    "항목_14": "학점",
    "항목_15": "분반",
    "항목_16": "교과목 구분",
    "항목_17": "교과목명",
    "항목_18": "반도체·바이오센서제작",
    "항목_19": "학과/학년",
    "항목_20": "기계설계(나노바이오) 4",
    "항목_21": "상담가능시간",
    "항목_22": "1. 강의 기본정보",
    "항목_23": "강의실",
    "전주": "공과대학 3호관 309",
    "항목_25": "요일/시간",
    "항목_26": "월 6-A,월 6-B,월 7-A,월 7-B,수 6-A,수 6-B",
    "항목_27": "수업목표",
    "항목_28": "본 수업은 반도체 기술의 기초 이론과 제조 공정을 이해하고, 이를 기반으로 바이오센서의 원리와 제작 공정을 학습하는 것을 목표로 한다. 바이오센서 설계 및 응용 사례를 통해 실무적인 제작 능력을 배양하며, 창의적이고 실용적인 바이오센서 개발 역량을 갖추는 데 중점을 둔다."
  },
  "평가방법": {
    "항목_0": "A(%)",
    "항목_1": "A+B(%)",
    "항목_2": "C이하(%)",
    "항목_3": "총비율",
    "항목_4": "100",
    "항목_5": "100",
    "항목_6": "0",
    "항목_7": "100%",
    "항목_8": "절대평가 기준",
    "항목_9": "상대평가 비율",
    "항목_10": "상대평가Ⅱ",
    "항목_11": "- 강의",
    "항목_12": "√",
    "항목_13": "√",
    "기타": "",
    "항목_15": "- 과제",
    "항목_16": "* 장애학생 교수학습지원 사항",
    "항목_17": "- 평가",
    "항목_18": "참고\n사항",
    "항목_19": "강의 파일, 자료 등 제공",
    "항목_20": "좌석배치(지정좌석) 조정",
    "항목_21": "과제 제출기한 연장",
    "항목_22": "대안적 과제 제시",
    "항목_23": "시험시간 연장",
    "항목_24": "별도의 시험 장소 제공",
    "항목_25": "※ 위 지원사항 등을 포함한 강의, 과제, 시험 등 학습과정에서 장애로 인하여 추가 지원이\n     필요한 경우 개강전 담당강사 및 장애학습 지원센터를 통해 문의 바랍니다.",
    "그 외(필요시 자유로이 추가 기술)": "",
    "항목_27": "주별",
    "항목_28": "수업목표",
    "항목_29": "수업내용",
    "항목_30": "수업방식",
    "항목_31": "주별 강의내용",
    "항목_32": "자료, 과제 및\n기타 참고사항",
    "항목_33": "온라인",
    "항목_34": "오프라인",
    "항목_35": "수업방식별시간",
    "항목_36": "1주",
    "항목_37": "반도체 기초 이론\n- 반도체의 개념, 종류, 전도 방식(P형/N형 반도체)",
    "항목_38": "반도체 기초 이론\n- 반도체의 개념, 종류, 전도 방식(P형/N형 반도체)",
    "항목_39": "강의/설문"
  },
  "핵심역량": {
    "항목_0": "직전강의평가\n및\nCQI반영사항",
    "항목_1": "없음",
    "항목_2": "구분",
    "항목_3": "소통역량",
    "항목_4": "창의역량",
    "항목_5": "인성역량",
    "항목_6": "실무역량",
    "항목_7": "도전역량",
    "항목_8": "문화역량",
    "항목_9": "합계",
    "항목_10": "대표역량",
    "항목_11": "비율(%)",
    "항목_12": "20",
    "항목_13": "20",
    "항목_14": "20",
    "항목_15": "20",
    "항목_16": "10",
    "항목_17": "10",
    "항목_18": "100",
    "항목_19": "교과목간의\n연계성",
    "항목_20": "주교재",
    "항목_21": "저자",
    "항목_22": "참고자료",
    "항목_23": "PPT materials\nBiosensing with Silicon, Enakshi Bhattacharya 저, Springer Cham, 2021",
    "항목_24": "출판사",
    "항목_25": "출판년도",
    "항목_26": "교재언어",
    "항목_27": "권장 선수과목",
    "항목_28": "한국어",
    "항목_29": "강의언어",
    "항목_30": "한국어",
    "항목_31": "필요 기자재",
    "항목_32": "권장 후수과목",
    "항목_33": "DA",
    "항목_34": "수업방식\n(복수가능√)",
    "항목_35": "강의",
    "항목_36": "발표/토론",
    "항목_37": "PBL",
    "항목_38": "플립러닝",
    "항목_39": "LMS활용",
    "항목_40": "실험실습",
    "항목_41": "기타",
    "항목_42": "√",
    "항목_43": "√",
    "항목_44": "수업운영방향",
    "항목_45": "평가계획\n(100%)",
    "항목_46": "중간",
    "항목_47": "기말",
    "항목_48": "출석",
    "항목_49": "과제물",
    "항목_50": "안전교육",
    "항목_51": "발표/토론",
    "항목_52": "수업태도",
    "항목_53": "기타",
    "항목_54": "25%",
    "항목_55": "40%",
    "항목_56": "10%",
    "항목_57": "25%",
    "항목_58": "0%",
    "항목_59": "0%",
    "항목_60": "0%",
    "항목_61": "0%",
    "항목_62": "평가참고사항"
  }
}