{
  "기본정보": {
    "항목_0": "1 / 2",
    "항목_1": "전북대학교 강의계획서 (2025년 1학기)",
    "항목_2": "교과목 코드",
    "항목_3": "E-mail",
    "항목_4": "yhra@jbnu.ac.kr",
    "항목_5": "전공필수",
    "항목_6": "연구실",
    "항목_7": "공대 4호관 4108호",
    "항목_8": "담당교수명",
    "항목_9": "연락처",
    "항목_10": "라용호",
    "항목_11": "063-270-2302",
    "항목_12": "1",
    "항목_13": "3",
    "항목_14": "0000123994",
    "항목_15": "학점",
    "항목_16": "분반",
    "항목_17": "교과목 구분",
    "항목_18": "교과목명",
    "항목_19": "재료과학 1",
    "항목_20": "학과/학년",
    "항목_21": "신소재(정보소재) 2",
    "항목_22": "상담가능시간",
    "월~금, 09": "00-18:00",
    "항목_24": "1. 강의 기본정보",
    "항목_25": "강의실",
    "전주": "공과대학 4호관 403",
    "항목_27": "요일/시간",
    "항목_28": "화 3-A,화 3-B,목 1-A,목 1-B,목 2-A,목 2-B",
    "항목_29": "수업목표",
    "항목_30": "재료과학은 공학재료의 다양한 특성을 과학적인 관점에서 해석할 수 있는 능력을 길러주는 신소재공학의 가장 기본적인 교과목으로서 재료의 성질과 그 성질을 결정짓는 메커니즘에 관한 기본 원리를 다루는 학문이다. 재료의 열적 특성, 기계적 특성 및 전자기적 특성 등과 같은 공학적인 성질은 재료의 내부 구조에 크게 영향을 받는다. 본 교과목은 이러한 재료의 외적 특성들이 내부 구조와 어떻게 연관되는지를 미시적 기초이론부터 체계적으로 다룬다."
  },
  "평가방법": {
    "항목_0": "A(%)",
    "항목_1": "A+B(%)",
    "항목_2": "C이하(%)",
    "항목_3": "총비율",
    "항목_4": "0",
    "항목_5": "0",
    "항목_6": "0",
    "항목_7": "100%",
    "항목_8": "절대평가 기준",
    "항목_9": "상대평가 비율",
    "항목_10": "1. 재료과학 기본 개념의 이해도\n2. 원자 구조와 원자 결합에 대한 이해도",
    "항목_11": "절대평가",
    "항목_12": "- 강의",
    "항목_13": "√",
    "항목_14": "√",
    "기타": "",
    "항목_16": "- 과제",
    "항목_17": "* 장애학생 교수학습지원 사항",
    "항목_18": "- 평가",
    "항목_19": "참고\n사항",
    "항목_20": "강의 파일, 자료 등 제공",
    "항목_21": "좌석배치(지정좌석) 조정",
    "항목_22": "과제 제출기한 연장",
    "항목_23": "대안적 과제 제시",
    "항목_24": "시험시간 연장",
    "항목_25": "별도의 시험 장소 제공",
    "항목_26": "※ 위 지원사항 등을 포함한 강의, 과제, 시험 등 학습과정에서 장애로 인하여 추가 지원이\n     필요한 경우 개강전 담당강사 및 장애학습 지원센터를 통해 문의 바랍니다.",
    "그 외(필요시 자유로이 추가 기술)": "",
    "항목_28": "주별",
    "항목_29": "수업목표",
    "항목_30": "수업내용",
    "항목_31": "수업방식",
    "항목_32": "주별 강의내용",
    "항목_33": "자료, 과제 및\n기타 참고사항",
    "항목_34": "온라인",
    "항목_35": "오프라인",
    "항목_36": "수업방식별시간",
    "항목_37": "1주",
    "항목_38": "제 1장 공학재료란 무엇인가? \n    1.1 재료의 세계 \n    1.2 재료과학 및 재료공학 \n    1.3 세상을 바꾼 6가지 재료",
    "항목_39": "제 1장 공학재료란 무엇인가? \n    1.1 재료의 세계 \n    1.2 재료과학 및 재료공학 \n    1.3 세상을 바꾼 6가지 재료",
    "항목_40": "PPT 및 판서"
  },
  "핵심역량": {
    "항목_0": "직전강의평가\n및\nCQI반영사항",
    "항목_1": "일상 생활과 관련된 주제를 도입하여 재료과학에 대한 이해도를 높일 예정이다.",
    "항목_2": "구분",
    "항목_3": "소통역량",
    "항목_4": "창의역량",
    "항목_5": "인성역량",
    "항목_6": "실무역량",
    "항목_7": "도전역량",
    "항목_8": "문화역량",
    "항목_9": "합계",
    "항목_10": "대표역량",
    "항목_11": "비율(%)",
    "항목_12": "10",
    "항목_13": "40",
    "항목_14": "0",
    "항목_15": "40",
    "항목_16": "5",
    "항목_17": "5",
    "항목_18": "100",
    "항목_19": "교과목간의\n연계성",
    "항목_20": "주교재",
    "항목_21": "재료공학개론 (Introduction to Materials Science for Engineers)",
    "항목_22": "저자",
    "항목_23": "참고자료",
    "항목_24": "재료과학과 공학, William D. Callister (박인규 등 역자), 출판사 시그마프레스, 2021년 출판",
    "항목_25": "James F. Shackelford, (유상임 등 역자)",
    "항목_26": "출판사",
    "항목_27": "자유아카데미",
    "항목_28": "출판년도",
    "항목_29": "2016",
    "항목_30": "교재언어",
    "항목_31": "권장 선수과목",
    "항목_32": "한국어",
    "항목_33": "강의언어",
    "항목_34": "한국어",
    "항목_35": "필요 기자재",
    "항목_36": "판서, Beam projector",
    "항목_37": "권장 후수과목",
    "항목_38": "DA",
    "항목_39": "수업방식\n(복수가능√)",
    "항목_40": "강의",
    "항목_41": "발표/토론",
    "항목_42": "PBL",
    "항목_43": "플립러닝",
    "항목_44": "LMS활용",
    "항목_45": "실험실습",
    "항목_46": "기타",
    "항목_47": "√",
    "항목_48": "√",
    "항목_49": "수업운영방향",
    "항목_50": "평가계획\n(100%)",
    "항목_51": "중간",
    "항목_52": "기말",
    "항목_53": "출석",
    "항목_54": "과제물",
    "항목_55": "안전교육",
    "항목_56": "발표/토론",
    "항목_57": "수업태도",
    "항목_58": "기타",
    "항목_59": "35%",
    "항목_60": "35%",
    "항목_61": "20%",
    "항목_62": "10%",
    "항목_63": "0%",
    "항목_64": "0%",
    "항목_65": "0%",
    "항목_66": "0%",
    "항목_67": "평가참고사항"
  }
}