{
  "기본정보": {
    "항목_0": "1 / 2",
    "항목_1": "전북대학교 강의계획서 (2025년 1학기)",
    "항목_2": "교과목 코드",
    "항목_3": "E-mail",
    "항목_4": "srjab@jbnu.ac.kr",
    "항목_5": "전공선택",
    "항목_6": "연구실",
    "항목_7": "공대6호관 512호",
    "항목_8": "담당교수명",
    "항목_9": "연락처",
    "항목_10": "이종영",
    "항목_11": "010-6608-6069",
    "항목_12": "1",
    "항목_13": "3",
    "항목_14": "0000103279",
    "항목_15": "학점",
    "항목_16": "분반",
    "항목_17": "교과목 구분",
    "항목_18": "교과목명",
    "항목_19": "시스템시뮬레이션",
    "항목_20": "학과/학년",
    "항목_21": "산업정보시스템공 3",
    "항목_22": "상담가능시간",
    "수요일 12": "00~20:00",
    "항목_24": "1. 강의 기본정보",
    "항목_25": "강의실",
    "전주": "공과대학 6호관 407",
    "항목_27": "요일/시간",
    "항목_28": "월 1-A,월 1-B,월 2-A,월 2-B,수 1-A,수 1-B",
    "항목_29": "수업목표",
    "항목_30": "Arena를 이용한 시뮬레이션 모델링 및 결과분석 방법들에 대한 이해를 통해 시뮬레이션 수행 능력을 배양하고 학기말 설계프로젝트를 통해 현실문제에 대한 적용방법을 습득하도록 한다.\n지능형 자동차 개발을 위한 시뮬레이션 기반 설계프로젝트를 발굴하고 수행함으로써 미래 자동차 산업에 대한 이해도를 높인다.\n팀프로젝트 수행을 통해 문제해결능력과 더불어 팀구성원으로서의 역할수행능력 및 의사전달능력 또한 배양한다."
  },
  "평가방법": {
    "항목_0": "A(%)",
    "항목_1": "A+B(%)",
    "항목_2": "C이하(%)",
    "항목_3": "총비율",
    "항목_4": "100",
    "항목_5": "100",
    "항목_6": "0",
    "항목_7": "100%",
    "항목_8": "절대평가 기준",
    "항목_9": "상대평가 비율",
    "항목_10": "상대평가Ⅱ",
    "항목_11": "- 강의",
    "항목_12": "√",
    "항목_13": "√",
    "기타": "",
    "항목_15": "- 과제",
    "항목_16": "√",
    "항목_17": "√",
    "항목_18": "* 장애학생 교수학습지원 사항",
    "항목_19": "- 평가",
    "항목_20": "√",
    "항목_21": "√",
    "항목_22": "√",
    "항목_23": "참고\n사항",
    "항목_24": "강의 파일, 자료 등 제공",
    "항목_25": "좌석배치(지정좌석) 조정",
    "항목_26": "과제 제출기한 연장",
    "항목_27": "대안적 과제 제시",
    "항목_28": "시험시간 연장",
    "항목_29": "별도의 시험 장소 제공",
    "항목_30": "※ 위 지원사항 등을 포함한 강의, 과제, 시험 등 학습과정에서 장애로 인하여 추가 지원이\n     필요한 경우 개강전 담당강사 및 장애학습 지원센터를 통해 문의 바랍니다.",
    "그 외(필요시 자유로이 추가 기술)": "",
    "항목_32": "주별",
    "항목_33": "수업목표",
    "항목_34": "수업내용",
    "항목_35": "수업방식",
    "항목_36": "주별 강의내용",
    "항목_37": "자료, 과제 및\n기타 참고사항",
    "항목_38": "온라인",
    "항목_39": "오프라인",
    "항목_40": "수업방식별시간",
    "항목_41": "1주",
    "항목_42": "**고의적 부정행위 시도자는 학과에 보고함\n*상황변화에 따라서 세부계획은 조정될 수 있음. \n수업개요, SW소개, 시뮬레이션 사례 소개,",
    "항목_43": "강의자료, 모의시험, 과제",
    "항목_44": "강의, 실습"
  },
  "핵심역량": {
    "항목_0": "직전강의평가\n및\nCQI반영사항",
    "- 실습 예제 종류 추가\n- 실제 공정개선 사례 모아서 전달 예정\n- 강의 운영 방향": "학습효과 최대화\n- 고의적 부정행위 등 강의운영 방해활동에 대한 처벌 강화를 통해 불필요한 규칙 최소화",
    "항목_2": "구분",
    "항목_3": "소통역량",
    "항목_4": "창의역량",
    "항목_5": "인성역량",
    "항목_6": "실무역량",
    "항목_7": "도전역량",
    "항목_8": "문화역량",
    "항목_9": "합계",
    "항목_10": "대표역량",
    "항목_11": "비율(%)",
    "항목_12": "10",
    "항목_13": "20",
    "항목_14": "10",
    "항목_15": "50",
    "항목_16": "10",
    "항목_17": "0",
    "항목_18": "100",
    "항목_19": "교과목간의\n연계성",
    "항목_20": "주교재",
    "항목_21": "저자",
    "항목_22": "참고자료",
    "항목_23": "이종영",
    "항목_24": "출판사",
    "항목_25": "없음",
    "항목_26": "출판년도",
    "항목_27": "2024",
    "항목_28": "교재언어",
    "항목_29": "권장 선수과목",
    "항목_30": "한국어",
    "항목_31": "강의언어",
    "항목_32": "한국어",
    "항목_33": "필요 기자재",
    "항목_34": "공업통계( 혹은 통계 관련 과목 ) ( 엑셀 등 컴퓨터로 데이터를 다룬 경험이 많으면 좋습니다. )",
    "항목_35": "권장 후수과목",
    "항목_36": "DA",
    "항목_37": "수업방식\n(복수가능√)",
    "항목_38": "강의",
    "항목_39": "발표/토론",
    "항목_40": "PBL",
    "항목_41": "플립러닝",
    "항목_42": "LMS활용",
    "항목_43": "실험실습",
    "항목_44": "기타",
    "항목_45": "√",
    "항목_46": "수업운영방향",
    "항목_47": "평가계획\n(100%)",
    "항목_48": "중간",
    "항목_49": "기말",
    "항목_50": "출석",
    "항목_51": "과제물",
    "항목_52": "안전교육",
    "항목_53": "발표/토론",
    "항목_54": "수업태도",
    "항목_55": "기타",
    "항목_56": "0%",
    "항목_57": "35%",
    "항목_58": "10%",
    "항목_59": "10%",
    "항목_60": "0%",
    "항목_61": "%",
    "항목_62": "0%",
    "항목_63": "30%",
    "항목_64": "평가참고사항"
  }
}