{
  "기본정보": {
    "항목_0": "1 / 2",
    "항목_1": "전북대학교 강의계획서 (2025년 1학기)",
    "항목_2": "교과목 코드",
    "항목_3": "E-mail",
    "항목_4": "deokjlee@jbnu.ac.kr",
    "항목_5": "전공선택",
    "항목_6": "연구실",
    "항목_7": "공과대학 9호관 406호",
    "항목_8": "담당교수명",
    "항목_9": "연락처",
    "항목_10": "이덕진",
    "항목_11": "063-270-4768",
    "항목_12": "6",
    "항목_13": "3",
    "항목_14": "0000104177",
    "항목_15": "학점",
    "항목_16": "분반",
    "항목_17": "교과목 구분",
    "항목_18": "교과목명",
    "항목_19": "인공지능",
    "항목_20": "학과/학년",
    "항목_21": "기계설계(기계설계) 2",
    "항목_22": "상담가능시간",
    "항목_23": "1. 강의 기본정보",
    "항목_24": "강의실",
    "전주": "해상풍력국제공동연구소 101",
    "항목_26": "요일/시간",
    "항목_27": "화 3-A,화 3-B,화 4-A,화 4-B,목 2-A,목 2-B",
    "항목_28": "수업목표",
    "항목_29": "최근 구글 딥마인드에서 개발한 알파고 인공지능 에이전트가 바둑이라는 복잡한 게임에서 휴먼(Human) 을 이길 수 있고 인간의 지적 능력을 뛰어 넘을 수 있다는 가능성을 보여줌으로써 인공지능의 로봇공학 응용에 대한 관심 증대와 더불어 인공지능 연구가 필수 지표임을 보여주었다. 인공지능의 로봇 응용분야는 일상 생활에서 사용하고 있는 가전제품(퍼지 세탁기, 청소로봇), 바리스타 커피 로봇, 대화형 로봇 뿐 만 아니라 자율주행자동차, 드론 및 무인이동체까지 응용범위가 전방위적으로 확대되고 있다. 본 과목에서는 지능형 로봇 설계를 위해서 기본적인 로봇 모델링을 바탕으로 지능형 로봇을 위한 인공지능 기법에 대해서 소개하고자 한다. 인공지능 기법으로는 인공지능 기본 개념과 탐색과 추론 개념, 인공신경망 소개, 심층학습 신경망 개념, 영상 인식 기법을 소개하고자 한다. 이해를 돕기 위하여 파이썬으로 이루어진 실습 예제를 활용하여 실무적인 개념을 높이고자 하였다."
  },
  "평가방법": {
    "항목_0": "A(%)",
    "항목_1": "A+B(%)",
    "항목_2": "C이하(%)",
    "항목_3": "총비율",
    "항목_4": "100",
    "항목_5": "100",
    "항목_6": "0",
    "항목_7": "100%",
    "항목_8": "절대평가 기준",
    "항목_9": "상대평가 비율",
    "항목_10": "상대평가Ⅱ",
    "항목_11": "- 강의",
    "항목_12": "√",
    "기타": "",
    "항목_14": "- 과제",
    "항목_15": "√",
    "항목_16": "* 장애학생 교수학습지원 사항",
    "항목_17": "- 평가",
    "항목_18": "√",
    "항목_19": "참고\n사항",
    "항목_20": "강의 파일, 자료 등 제공",
    "항목_21": "좌석배치(지정좌석) 조정",
    "항목_22": "과제 제출기한 연장",
    "항목_23": "대안적 과제 제시",
    "항목_24": "시험시간 연장",
    "항목_25": "별도의 시험 장소 제공",
    "항목_26": "※ 위 지원사항 등을 포함한 강의, 과제, 시험 등 학습과정에서 장애로 인하여 추가 지원이\n     필요한 경우 개강전 담당강사 및 장애학습 지원센터를 통해 문의 바랍니다.",
    "그 외(필요시 자유로이 추가 기술)": "",
    "항목_28": "주별",
    "항목_29": "수업목표",
    "항목_30": "수업내용",
    "항목_31": "수업방식",
    "항목_32": "주별 강의내용",
    "항목_33": "자료, 과제 및\n기타 참고사항",
    "항목_34": "온라인",
    "항목_35": "오프라인",
    "항목_36": "수업방식별시간"
  },
  "핵심역량": {
    "항목_0": "직전강의평가\n및\nCQI반영사항",
    "항목_1": "- 실무 프로그래밍 강의에서 기초적인 파이썬 기본 교육을 좀더 보강 및 소개 예정입니다\n- 기초가 부족한 수강생들도 조금더 편하게 접근할 수 있도록 고려 예정입니다\n- 최근 유행하고 있는 ChatGPT 등 거대 AI 플랫폼을 활용할 수 있는 강의 추가 예정입니다",
    "항목_2": "구분",
    "항목_3": "소통역량",
    "항목_4": "창의역량",
    "항목_5": "인성역량",
    "항목_6": "실무역량",
    "항목_7": "도전역량",
    "항목_8": "문화역량",
    "항목_9": "합계",
    "항목_10": "대표역량",
    "항목_11": "비율(%)",
    "항목_12": "10",
    "항목_13": "40",
    "항목_14": "0",
    "항목_15": "50",
    "항목_16": "0",
    "항목_17": "0",
    "항목_18": "100",
    "항목_19": "교과목간의\n연계성",
    "항목_20": "주교재",
    "항목_21": "저자",
    "항목_22": "참고자료",
    "항목_23": "천인국",
    "항목_24": "출판사",
    "항목_25": "생능출판",
    "항목_26": "출판년도",
    "항목_27": "2021",
    "항목_28": "교재언어",
    "항목_29": "권장 선수과목",
    "항목_30": "강의언어",
    "항목_31": "한국어",
    "항목_32": "필요 기자재",
    "항목_33": "- 파이썬 기초 과정",
    "항목_34": "권장 후수과목",
    "항목_35": "DA",
    "항목_36": "수업방식\n(복수가능√)",
    "항목_37": "강의",
    "항목_38": "발표/토론",
    "항목_39": "PBL",
    "항목_40": "플립러닝",
    "항목_41": "LMS활용",
    "항목_42": "실험실습",
    "항목_43": "기타",
    "항목_44": "√",
    "항목_45": "수업운영방향",
    "항목_46": "평가계획\n(100%)",
    "항목_47": "중간",
    "항목_48": "기말",
    "항목_49": "출석",
    "항목_50": "과제물",
    "항목_51": "안전교육",
    "항목_52": "발표/토론",
    "항목_53": "수업태도",
    "항목_54": "기타",
    "항목_55": "30%",
    "항목_56": "40%",
    "항목_57": "10%",
    "항목_58": "20%",
    "항목_59": "%",
    "항목_60": "%",
    "항목_61": "%",
    "항목_62": "%",
    "항목_63": "평가참고사항"
  }
}