{
  "기본정보": {
    "항목_0": "1 / 2",
    "항목_1": "전북대학교 강의계획서 (2025년 1학기)",
    "항목_2": "교과목 코드",
    "항목_3": "E-mail",
    "항목_4": "scnah@nate.com",
    "항목_5": "전공선택",
    "항목_6": "연구실",
    "항목_7": "담당교수명",
    "항목_8": "연락처",
    "항목_9": "나석찬",
    "항목_10": "010-7156-3922",
    "항목_11": "1",
    "항목_12": "3",
    "항목_13": "0000119021",
    "항목_14": "학점",
    "항목_15": "분반",
    "항목_16": "교과목 구분",
    "항목_17": "교과목명",
    "항목_18": "컴퓨터응용제도및설계",
    "항목_19": "학과/학년",
    "항목_20": "융합기술공학부(IT융합기전차공학) 2",
    "항목_21": "상담가능시간",
    "항목_22": "사전연략",
    "항목_23": "1. 강의 기본정보",
    "항목_24": "강의실",
    "전주": "공과대학 8호관 406",
    "항목_26": "요일/시간",
    "항목_27": "금 1-A,금 1-B,금 2-A,금 2-B,금 3-A,금 3-B,금 4-A,금 4-B",
    "항목_28": "수업목표",
    "항목_29": "엔지니어로서 창의적인 제품 설계 능력은 도면의 이해와 설계를 수행하기 위한 기초제도에 관한 다양한 기본적인 지식을 필요로 한다.\n기본적인 공학제도를 학습하고, 이를 바탕으로 다양한 실무에 적용하기 위하여 2D 및 3D 설계의 원리 학습을 위하여 이론 수업과 병행하여\n상용 소프트웨어(ACAD 등)를 활용한 제도 및 설계에 관한 다양한 실습을 통하여 잠재적 설계 수행 능력을 갖추는 것을 목표로 한다."
  },
  "평가방법": {
    "항목_0": "A(%)",
    "항목_1": "A+B(%)",
    "항목_2": "C이하(%)",
    "항목_3": "총비율",
    "항목_4": "0",
    "항목_5": "0",
    "항목_6": "0",
    "항목_7": "100%",
    "항목_8": "절대평가 기준",
    "항목_9": "상대평가 비율",
    "항목_10": "상대평가Ⅰ(A30%)",
    "항목_11": "- 강의",
    "기타": "",
    "항목_13": "- 과제",
    "항목_14": "* 장애학생 교수학습지원 사항",
    "항목_15": "- 평가",
    "항목_16": "참고\n사항",
    "항목_17": "강의 파일, 자료 등 제공",
    "항목_18": "좌석배치(지정좌석) 조정",
    "항목_19": "과제 제출기한 연장",
    "항목_20": "대안적 과제 제시",
    "항목_21": "시험시간 연장",
    "항목_22": "별도의 시험 장소 제공",
    "항목_23": "※ 위 지원사항 등을 포함한 강의, 과제, 시험 등 학습과정에서 장애로 인하여 추가 지원이\n     필요한 경우 개강전 담당강사 및 장애학습 지원센터를 통해 문의 바랍니다.",
    "항목_24": "√",
    "그 외(필요시 자유로이 추가 기술)": "",
    "항목_26": "주별",
    "항목_27": "수업목표",
    "항목_28": "수업내용",
    "항목_29": "수업방식",
    "항목_30": "주별 강의내용",
    "항목_31": "자료, 과제 및\n기타 참고사항",
    "항목_32": "온라인",
    "항목_33": "오프라인",
    "항목_34": "수업방식별시간",
    "항목_35": "1주",
    "항목_36": "교과목 이해",
    "항목_37": "교과목 소개, 오토데스크 계정 등록 및 소프트웨어 설치 및 기타 질의 응답",
    "항목_38": "이론 강의 및 실습"
  },
  "핵심역량": {
    "항목_0": "직전강의평가\n및\nCQI반영사항",
    "항목_1": "학생들의 본 강의에 대한 이해도와 수준을 빠르고 정확하게 파악하여 학습 진도의 난이도를 조절한다.\n또한 학습 평가 방식에 대한 구체적이고 세부적 검토를 통해 수업에 대한 만족도 향상과 제도 및 설계 능력 향상에 적용하고자 함.",
    "항목_2": "구분",
    "항목_3": "소통역량",
    "항목_4": "창의역량",
    "항목_5": "인성역량",
    "항목_6": "실무역량",
    "항목_7": "도전역량",
    "항목_8": "문화역량",
    "항목_9": "합계",
    "항목_10": "대표역량",
    "항목_11": "비율(%)",
    "항목_12": "10",
    "항목_13": "30",
    "항목_14": "10",
    "항목_15": "30",
    "항목_16": "10",
    "항목_17": "10",
    "항목_18": "100",
    "항목_19": "교과목간의\n연계성",
    "항목_20": "주교재",
    "항목_21": "기계제도",
    "항목_22": "저자",
    "항목_23": "참고자료",
    "항목_24": "* AutoCAD와 기계제도 / 권신혁 / 예문사 / 2021년\n* 제2판 CATIA V5R20 / 김광석·정시영 / 문운당 / 2019년\n* ANSYS와 유한요소해석 / 이상순 / 흥릉과학출판사 / 2018년",
    "항목_25": "조대희, 엄홍재, 엄정섭",
    "항목_26": "출판사",
    "항목_27": "문운당",
    "항목_28": "출판년도",
    "항목_29": "2020년",
    "항목_30": "교재언어",
    "항목_31": "권장 선수과목",
    "항목_32": "한국어",
    "항목_33": "강의언어",
    "항목_34": "한국어",
    "항목_35": "필요 기자재",
    "항목_36": "컴퓨터, 인터넷, 빔프로젝터 및 스크린 등",
    "항목_37": "권장 후수과목",
    "항목_38": "DA",
    "항목_39": "수업방식\n(복수가능√)",
    "항목_40": "강의",
    "항목_41": "발표/토론",
    "항목_42": "PBL",
    "항목_43": "플립러닝",
    "항목_44": "LMS활용",
    "항목_45": "실험실습",
    "항목_46": "기타",
    "항목_47": "√",
    "항목_48": "√",
    "항목_49": "√",
    "항목_50": "수업운영방향",
    "항목_51": "평가계획\n(100%)",
    "항목_52": "중간",
    "항목_53": "기말",
    "항목_54": "출석",
    "항목_55": "과제물",
    "항목_56": "안전교육",
    "항목_57": "발표/토론",
    "항목_58": "수업태도",
    "항목_59": "기타",
    "항목_60": "30%",
    "항목_61": "30%",
    "항목_62": "10%",
    "항목_63": "20%",
    "항목_64": "0%",
    "항목_65": "0%",
    "항목_66": "10%",
    "항목_67": "0%",
    "항목_68": "평가참고사항",
    "기타": "교과 관련 자격증 응시 시 가점, 외국 유학생, 장애 학생 조력시 가점"
  }
}