{
  "기본정보": {
    "항목_0": "1 / 2",
    "항목_1": "전북대학교 강의계획서 (2025년 1학기)",
    "항목_2": "교과목 코드",
    "항목_3": "E-mail",
    "항목_4": "jaewoolee@jbnu.ac.kr",
    "항목_5": "전공필수",
    "항목_6": "연구실",
    "항목_7": "공과대학 9호관 703호",
    "항목_8": "담당교수명",
    "항목_9": "연락처",
    "항목_10": "이재우",
    "항목_11": "063 270 4096",
    "항목_12": "1",
    "항목_13": "3",
    "항목_14": "0000117945",
    "항목_15": "학점",
    "항목_16": "분반",
    "항목_17": "교과목 구분",
    "항목_18": "교과목명",
    "항목_19": "고분자가공실습 1",
    "항목_20": "학과/학년",
    "항목_21": "고분자.나노공 3",
    "항목_22": "상담가능시간",
    "항목_23": "1. 강의 기본정보",
    "항목_24": "강의실",
    "전주": "공과대학 9호관 307",
    "항목_26": "요일/시간",
    "항목_27": "수 7-A,수 7-B,금 6-A,금 6-B,금 7-A,금 7-B,금 8-A,금 8-B",
    "항목_28": "수업목표",
    "항목_29": "고분자 제품의 성형 및 가공에 필수적인 고분자 용융물의 유변특성에 대한 강의를 통하여 유변학적인 특성치의 정의와 시간 및 온도를 포함한 여러가지 인자의 영향을 학습한다. 또한 주당 2시간 실험실습을 통하여 고분자 용융체의 유변특성과 가공성을 체험하도록 유도한다."
  },
  "평가방법": {
    "항목_0": "구분",
    "항목_1": "소통역량",
    "항목_2": "창의역량",
    "항목_3": "인성역량",
    "항목_4": "실무역량",
    "항목_5": "도전역량",
    "항목_6": "문화역량",
    "항목_7": "합계",
    "항목_8": "대표역량",
    "항목_9": "비율(%)",
    "항목_10": "30",
    "항목_11": "60",
    "항목_12": "0",
    "항목_13": "0",
    "항목_14": "10",
    "항목_15": "0",
    "항목_16": "100",
    "항목_17": "교과목간의\n연계성",
    "항목_18": "주교재",
    "항목_19": "An Introduction of Rheology",
    "항목_20": "저자",
    "항목_21": "참고자료",
    "항목_22": "Pronciples of Polymer Processing, Z. Tadmore and C.G. Gorgos, Wiley, 1979.",
    "항목_23": "H. A. Barnes, J. F. Hutton, K. Walters",
    "항목_24": "출판사",
    "항목_25": "Elsevier",
    "항목_26": "출판년도",
    "항목_27": "1989",
    "항목_28": "교재언어",
    "항목_29": "권장 선수과목",
    "항목_30": "영어",
    "항목_31": "강의언어",
    "항목_32": "한국어",
    "항목_33": "필요 기자재",
    "항목_34": "공정설명 비디오 테잎 및 에니메이션 CD",
    "항목_35": "권장 후수과목",
    "항목_36": "DA",
    "항목_37": "수업방식\n(복수가능√)",
    "항목_38": "강의",
    "항목_39": "발표/토론",
    "항목_40": "PBL",
    "항목_41": "플립러닝",
    "항목_42": "LMS활용",
    "항목_43": "실험실습",
    "항목_44": "기타",
    "항목_45": "√",
    "항목_46": "√",
    "항목_47": "수업운영방향",
    "항목_48": "평가계획\n(100%)",
    "항목_49": "중간",
    "항목_50": "기말",
    "항목_51": "출석",
    "항목_52": "과제물",
    "항목_53": "안전교육",
    "항목_54": "발표/토론",
    "항목_55": "수업태도",
    "항목_56": "기타",
    "항목_57": "25%",
    "항목_58": "25%",
    "항목_59": "15%",
    "항목_60": "10%",
    "항목_61": "5%",
    "항목_62": "0%",
    "항목_63": "0%",
    "항목_64": "20%",
    "항목_65": "평가참고사항",
    "항목_66": "A(%)",
    "항목_67": "A+B(%)",
    "항목_68": "C이하(%)",
    "항목_69": "총비율",
    "항목_70": "100%",
    "항목_71": "절대평가 기준",
    "항목_72": "상대평가 비율",
    "항목_73": "상대평가Ⅰ(A30%)",
    "항목_74": "- 강의",
    "항목_75": "√",
    "항목_76": "√",
    "기타": "",
    "항목_78": "- 과제",
    "항목_79": "* 장애학생 교수학습지원 사항",
    "항목_80": "- 평가",
    "항목_81": "√",
    "항목_82": "참고\n사항",
    "항목_83": "강의 파일, 자료 등 제공",
    "항목_84": "좌석배치(지정좌석) 조정",
    "항목_85": "과제 제출기한 연장",
    "항목_86": "대안적 과제 제시",
    "항목_87": "시험시간 연장",
    "항목_88": "별도의 시험 장소 제공",
    "항목_89": "※ 위 지원사항 등을 포함한 강의, 과제, 시험 등 학습과정에서 장애로 인하여 추가 지원이\n     필요한 경우 개강전 담당강사 및 장애학습 지원센터를 통해 문의 바랍니다.",
    "그 외(필요시 자유로이 추가 기술)": "",
    "항목_91": "주별",
    "항목_92": "수업목표",
    "항목_93": "수업내용",
    "항목_94": "수업방식",
    "항목_95": "주별 강의내용",
    "항목_96": "자료, 과제 및\n기타 참고사항",
    "항목_97": "온라인",
    "항목_98": "오프라인",
    "항목_99": "수업방식별시간",
    "항목_100": "1주",
    "항목_101": "강의개요 및 요약",
    "항목_102": "강의 전체에 대한 소개 및 수업운영방식 토론",
    "항목_103": "대면"
  },
  "핵심역량": {
    "항목_0": "직전강의평가\n및\nCQI반영사항"
  }
}