{
  "기본정보": {
    "항목_0": "1 / 2",
    "항목_1": "전북대학교 강의계획서 (2025년 1학기)",
    "항목_2": "교과목 코드",
    "항목_3": "E-mail",
    "항목_4": "rotthee@jbnu.ac.kr",
    "항목_5": "전공선택",
    "항목_6": "연구실",
    "항목_7": "공대 9호관 602호",
    "항목_8": "담당교수명",
    "항목_9": "연락처",
    "항목_10": "노태수",
    "항목_11": "010-4300-2470",
    "항목_12": "1",
    "항목_13": "3",
    "항목_14": "0000103849",
    "항목_15": "학점",
    "항목_16": "분반",
    "항목_17": "교과목 구분",
    "항목_18": "교과목명",
    "항목_19": "우주궤도역학",
    "항목_20": "학과/학년",
    "항목_21": "항공우주공 4",
    "항목_22": "상담가능시간",
    "항목_23": "수시",
    "항목_24": "1. 강의 기본정보",
    "항목_25": "강의실",
    "전주": "공과대학 9호관 203",
    "항목_27": "요일/시간",
    "항목_28": "화 6-A,화 6-B,화 7-A,화 7-B,목 6-A,목 6-B",
    "항목_29": "수업목표",
    "우주비행에 필요한 기본 원리 및 인공위성 시스템에 대하여 소개한다. 우주환경, 위성 시스템의 기본구성, 운용, 우주탐사에 필요한 제반 기본 지식을 습득한다. 그러한 기본 지식을 배경으로 인공위성의 이해에 가장 필수적인 궤도 역학의 중요성 및 실제 적용시 필요한 수학적 모델링 및 해석 기법을 강의한다. 인공위성 궤도는 단순 2체 궤도는 물론 교란력 모델링 및 그 효과를 분석하고 초보적인 수준의 궤도 설계 과정을 이해한다. 2체 궤도 운동 방정식의 수치적, 해석적 풀이 과정을 실습하고, 궤도 전이 등의 문제데 적용하여 본다. 교제에 제시된 MATLAB 프로그램을 직접 수행해보고 프로젝트를 통해 프로그래밍에 대한 숙달능력을 향상시키고 설계 능력을 높인다.본 과목은 4학년 과목이지만 공업수학과 동역학만 이수하였다면 강의 수강이 가능함.\n참고사항 1": "상세한 강의계획, 일정, 평가 방법 등은 학기초에 별도의 상세히 자료 제공 및 설명 예정입니다.\n참고사항 2: 4학년 수업임을 감안하여, 대면중심과 비대면 (영상강의자료제공) 수업 혼합 방식입니다."
  },
  "평가방법": {
    "항목_0": "A(%)",
    "항목_1": "A+B(%)",
    "항목_2": "C이하(%)",
    "항목_3": "총비율",
    "항목_4": "0",
    "항목_5": "0",
    "항목_6": "0",
    "항목_7": "100%",
    "항목_8": "절대평가 기준",
    "항목_9": "상대평가 비율",
    "항목_10": "절대평가",
    "항목_11": "- 강의",
    "항목_12": "√",
    "기타": "",
    "항목_14": "- 과제",
    "항목_15": "√",
    "항목_16": "* 장애학생 교수학습지원 사항",
    "항목_17": "- 평가",
    "항목_18": "√",
    "항목_19": "참고\n사항",
    "항목_20": "강의 파일, 자료 등 제공",
    "항목_21": "좌석배치(지정좌석) 조정",
    "항목_22": "과제 제출기한 연장",
    "항목_23": "대안적 과제 제시",
    "항목_24": "시험시간 연장",
    "항목_25": "별도의 시험 장소 제공",
    "항목_26": "※ 위 지원사항 등을 포함한 강의, 과제, 시험 등 학습과정에서 장애로 인하여 추가 지원이\n     필요한 경우 개강전 담당강사 및 장애학습 지원센터를 통해 문의 바랍니다.",
    "그 외(필요시 자유로이 추가 기술)": "",
    "항목_28": "주별",
    "항목_29": "수업목표",
    "항목_30": "수업내용",
    "항목_31": "수업방식",
    "항목_32": "주별 강의내용",
    "항목_33": "자료, 과제 및\n기타 참고사항",
    "항목_34": "온라인",
    "항목_35": "오프라인",
    "항목_36": "수업방식별시간"
  },
  "핵심역량": {
    "항목_0": "직전강의평가\n및\nCQI반영사항",
    "항목_1": "- 해당사항없음",
    "항목_2": "구분",
    "항목_3": "소통역량",
    "항목_4": "창의역량",
    "항목_5": "인성역량",
    "항목_6": "실무역량",
    "항목_7": "도전역량",
    "항목_8": "문화역량",
    "항목_9": "합계",
    "항목_10": "대표역량",
    "항목_11": "비율(%)",
    "항목_12": "30",
    "항목_13": "50",
    "항목_14": "0",
    "항목_15": "20",
    "항목_16": "0",
    "항목_17": "0",
    "항목_18": "100",
    "항목_19": "교과목간의\n연계성",
    "항목_20": "주교재",
    "항목_21": "저자",
    "항목_22": "참고자료",
    "항목_23": "Howard D. Curtis",
    "항목_24": "출판사",
    "항목_25": "Elsevier",
    "항목_26": "출판년도",
    "항목_27": "2014",
    "항목_28": "교재언어",
    "항목_29": "권장 선수과목",
    "항목_30": "강의언어",
    "항목_31": "한국어",
    "항목_32": "필요 기자재",
    "항목_33": "공업수학, 동역학, 미적분학",
    "항목_34": "권장 후수과목",
    "항목_35": "DA",
    "항목_36": "수업방식\n(복수가능√)",
    "항목_37": "강의",
    "항목_38": "발표/토론",
    "항목_39": "PBL",
    "항목_40": "플립러닝",
    "항목_41": "LMS활용",
    "항목_42": "실험실습",
    "항목_43": "기타",
    "항목_44": "√",
    "항목_45": "수업운영방향",
    "항목_46": "평가계획\n(100%)",
    "항목_47": "중간",
    "항목_48": "기말",
    "항목_49": "출석",
    "항목_50": "과제물",
    "항목_51": "안전교육",
    "항목_52": "발표/토론",
    "항목_53": "수업태도",
    "항목_54": "기타",
    "항목_55": "20%",
    "항목_56": "50%",
    "항목_57": "0%",
    "항목_58": "30%",
    "항목_59": "%",
    "항목_60": "%",
    "항목_61": "%",
    "항목_62": "%",
    "항목_63": "평가참고사항"
  }
}