{
  "기본정보": {
    "항목_0": "1 / 2",
    "항목_1": "전북대학교 강의계획서 (2025년 1학기)",
    "항목_2": "교과목 코드",
    "항목_3": "E-mail",
    "항목_4": "hahn@jbnu.ac.kr",
    "항목_5": "전공필수",
    "항목_6": "연구실",
    "항목_7": "담당교수명",
    "항목_8": "연락처",
    "항목_9": "한원열",
    "항목_10": "3",
    "항목_11": "3",
    "항목_12": "0000100526",
    "항목_13": "학점",
    "항목_14": "분반",
    "항목_15": "교과목 구분",
    "항목_16": "교과목명",
    "항목_17": "공업역학",
    "항목_18": "학과/학년",
    "항목_19": "융합기술공학부(IT융합기전차공학) 2",
    "항목_20": "상담가능시간",
    "항목_21": "1. 강의 기본정보",
    "항목_22": "강의실",
    "전주": "공과대학 4호관 419",
    "항목_24": "요일/시간",
    "항목_25": "월 5-A,월 5-B,월 6-A,월 6-B,월 7-A,월 7-B",
    "항목_26": "수업목표",
    "항목_27": "질점과 강체에 작용하는 힘의 평형과 이를 적용한 구조물의 해석방법 등 역학의 기본 개념과 응용에 관해 학습하고, 논리적이며, 체계적인 역학적 분석력을 배양하는데 목표를 둔다.    멀티미디어를 이용한 입체적인 강의를 통해 역학적인 개념을 쉽게 이해하도록 하며. 컴퓨터 소프트웨어를 활용하여 역학적인 현상을 간접적으로 체험하도록 한다."
  },
  "평가방법": {
    "항목_0": "A(%)",
    "항목_1": "A+B(%)",
    "항목_2": "C이하(%)",
    "항목_3": "총비율",
    "항목_4": "0",
    "항목_5": "0",
    "항목_6": "0",
    "항목_7": "100%",
    "항목_8": "절대평가 기준",
    "항목_9": "상대평가 비율",
    "항목_10": "상대평가Ⅰ(A30%)",
    "항목_11": "- 강의",
    "항목_12": "√",
    "기타": "",
    "항목_14": "- 과제",
    "항목_15": "√",
    "항목_16": "* 장애학생 교수학습지원 사항",
    "항목_17": "- 평가",
    "항목_18": "√",
    "항목_19": "참고\n사항",
    "항목_20": "강의 파일, 자료 등 제공",
    "항목_21": "좌석배치(지정좌석) 조정",
    "항목_22": "과제 제출기한 연장",
    "항목_23": "대안적 과제 제시",
    "항목_24": "시험시간 연장",
    "항목_25": "별도의 시험 장소 제공",
    "항목_26": "※ 위 지원사항 등을 포함한 강의, 과제, 시험 등 학습과정에서 장애로 인하여 추가 지원이\n     필요한 경우 개강전 담당강사 및 장애학습 지원센터를 통해 문의 바랍니다.",
    "그 외(필요시 자유로이 추가 기술)": "",
    "항목_28": "주별",
    "항목_29": "수업목표",
    "항목_30": "수업내용",
    "항목_31": "수업방식",
    "항목_32": "주별 강의내용",
    "항목_33": "자료, 과제 및\n기타 참고사항",
    "항목_34": "온라인",
    "항목_35": "오프라인",
    "항목_36": "수업방식별시간",
    "항목_37": "1주",
    "항목_38": "제1장 서론",
    "항목_39": "과목 설명 및 기초학력 평가",
    "항목_40": "설명식 강의"
  },
  "핵심역량": {
    "항목_0": "직전강의평가\n및\nCQI반영사항",
    "항목_1": "과제물의 양을 적절하게 하고, 수강생의 기초실력에 맞는 난이도로 강의하도록 한다.",
    "항목_2": "구분",
    "항목_3": "소통역량",
    "항목_4": "창의역량",
    "항목_5": "인성역량",
    "항목_6": "실무역량",
    "항목_7": "도전역량",
    "항목_8": "문화역량",
    "항목_9": "합계",
    "항목_10": "대표역량",
    "항목_11": "비율(%)",
    "항목_12": "30",
    "항목_13": "20",
    "항목_14": "0",
    "항목_15": "30",
    "항목_16": "20",
    "항목_17": "0",
    "항목_18": "100",
    "항목_19": "교과목간의\n연계성",
    "항목_20": "주교재",
    "항목_21": "LMS 참고자료 내용을 프린트 하세요",
    "항목_22": "저자",
    "항목_23": "참고자료",
    "항목_24": "한원열",
    "항목_25": "출판사",
    "항목_26": "LMS참고자료",
    "항목_27": "출판년도",
    "항목_28": "2025",
    "항목_29": "교재언어",
    "항목_30": "권장 선수과목",
    "항목_31": "한국어",
    "항목_32": "강의언어",
    "항목_33": "한국어",
    "항목_34": "필요 기자재",
    "항목_35": "공업수학",
    "항목_36": "권장 후수과목",
    "항목_37": "DA",
    "항목_38": "수업방식\n(복수가능√)",
    "항목_39": "강의",
    "항목_40": "발표/토론",
    "항목_41": "PBL",
    "항목_42": "플립러닝",
    "항목_43": "LMS활용",
    "항목_44": "실험실습",
    "항목_45": "기타",
    "항목_46": "√",
    "항목_47": "√",
    "항목_48": "√",
    "항목_49": "수업운영방향",
    "항목_50": "평가계획\n(100%)",
    "항목_51": "중간",
    "항목_52": "기말",
    "항목_53": "출석",
    "항목_54": "과제물",
    "항목_55": "안전교육",
    "항목_56": "발표/토론",
    "항목_57": "수업태도",
    "항목_58": "기타",
    "항목_59": "40%",
    "항목_60": "40%",
    "항목_61": "10%",
    "항목_62": "10%",
    "항목_63": "0%",
    "항목_64": "0%",
    "항목_65": "0%",
    "항목_66": "0%",
    "항목_67": "평가참고사항",
    "항목_68": "과제물을 중심으로 시험문제 출제"
  }
}