{
  "기본정보": {
    "항목_0": "1 / 2",
    "항목_1": "전북대학교 강의계획서 (2025년 1학기)",
    "항목_2": "교과목 코드",
    "항목_3": "E-mail",
    "항목_4": "ryu5449@jbnu.ackr",
    "항목_5": "전공필수",
    "항목_6": "연구실",
    "항목_7": "공대 4호관 221호",
    "항목_8": "담당교수명",
    "항목_9": "연락처",
    "항목_10": "류시형",
    "항목_11": "063-270-2325",
    "항목_12": "1",
    "항목_13": "2",
    "항목_14": "0000101088",
    "항목_15": "학점",
    "항목_16": "분반",
    "항목_17": "교과목 구분",
    "항목_18": "교과목명",
    "항목_19": "기계공작실습",
    "항목_20": "학과/학년",
    "항목_21": "기계공 3",
    "항목_22": "상담가능시간",
    "화요일 17": "00~18:00",
    "항목_24": "1. 강의 기본정보",
    "항목_25": "강의실",
    "전주": "공과대학 4호관 405",
    "항목_27": "요일/시간",
    "항목_28": "월 1-A,월 1-B,월 2-A,월 2-B,월 3-A,월 3-B,월 4-A,월 4-B",
    "항목_29": "수업목표",
    "항목_30": "선반 및 밀링, 용접, 와이어 방전가공, 레이저 절단, 3D 프린팅 등 가공 실습과 특수가공 교육을 통하여 공작기계 사용법을 습득하고, 설계 사양과 공차를 만족하는 기계 부품을 직접 제작할 수 있는 능력을 배양한다. 설계 도면을 보고 CNC 프로그래밍 언어로 NC 코드를 작성할 수 있으며, 머시닝센터를 활용하여 원하는 형상의 부품을 가공할 수 있는 능력을 배양한다. 또한 절삭가공 및 용접 분야의 이론 학습을 통하여 생산 제조 공정 전반에 대한 전문 지식을 습득한다."
  },
  "평가방법": {
    "항목_0": "A(%)",
    "항목_1": "A+B(%)",
    "항목_2": "C이하(%)",
    "항목_3": "총비율",
    "항목_4": "0",
    "항목_5": "0",
    "항목_6": "0",
    "항목_7": "100%",
    "항목_8": "절대평가 기준",
    "항목_9": "상대평가 비율",
    "항목_10": "절대평가",
    "항목_11": "절대평가",
    "항목_12": "- 강의",
    "항목_13": "√",
    "항목_14": "√",
    "항목_15": "√",
    "기타": "",
    "항목_17": "- 과제",
    "항목_18": "√",
    "항목_19": "* 장애학생 교수학습지원 사항",
    "항목_20": "- 평가",
    "항목_21": "√",
    "항목_22": "√",
    "항목_23": "참고\n사항",
    "항목_24": "강의 파일, 자료 등 제공",
    "항목_25": "좌석배치(지정좌석) 조정",
    "항목_26": "과제 제출기한 연장",
    "항목_27": "대안적 과제 제시",
    "항목_28": "시험시간 연장",
    "항목_29": "별도의 시험 장소 제공",
    "항목_30": "※ 위 지원사항 등을 포함한 강의, 과제, 시험 등 학습과정에서 장애로 인하여 추가 지원이\n     필요한 경우 개강전 담당강사 및 장애학습 지원센터를 통해 문의 바랍니다.",
    "그 외(필요시 자유로이 추가 기술)": "",
    "항목_32": "주별",
    "항목_33": "수업목표",
    "항목_34": "수업내용",
    "항목_35": "수업방식",
    "항목_36": "주별 강의내용",
    "항목_37": "자료, 과제 및\n기타 참고사항",
    "항목_38": "온라인",
    "항목_39": "오프라인",
    "항목_40": "수업방식별시간",
    "항목_41": "1주",
    "항목_42": "CNC 프로그래밍, 절삭역학",
    "항목_43": "교육, 강의"
  },
  "핵심역량": {
    "항목_0": "직전강의평가\n및\nCQI반영사항",
    "항목_1": "실습전 안전교육 실시와 보호 장구 착용 의무화",
    "항목_2": "구분",
    "항목_3": "소통역량",
    "항목_4": "창의역량",
    "항목_5": "인성역량",
    "항목_6": "실무역량",
    "항목_7": "도전역량",
    "항목_8": "문화역량",
    "항목_9": "합계",
    "항목_10": "대표역량",
    "항목_11": "비율(%)",
    "항목_12": "20",
    "항목_13": "20",
    "항목_14": "0",
    "항목_15": "30",
    "항목_16": "20",
    "항목_17": "10",
    "항목_18": "100",
    "항목_19": "교과목간의\n연계성",
    "항목_20": "주교재",
    "항목_21": "저자",
    "항목_22": "참고자료",
    "항목_23": "서남섭",
    "항목_24": "출판사",
    "항목_25": "동명사",
    "항목_26": "출판년도",
    "항목_27": "2002",
    "항목_28": "교재언어",
    "항목_29": "권장 선수과목",
    "항목_30": "강의언어",
    "항목_31": "한국어",
    "항목_32": "필요 기자재",
    "항목_33": "기계공작법",
    "항목_34": "권장 후수과목",
    "항목_35": "DA",
    "항목_36": "수업방식\n(복수가능√)",
    "항목_37": "강의",
    "항목_38": "발표/토론",
    "항목_39": "PBL",
    "항목_40": "플립러닝",
    "항목_41": "LMS활용",
    "항목_42": "실험실습",
    "항목_43": "기타",
    "항목_44": "√",
    "항목_45": "√",
    "항목_46": "수업운영방향",
    "항목_47": "평가계획\n(100%)",
    "항목_48": "중간",
    "항목_49": "기말",
    "항목_50": "출석",
    "항목_51": "과제물",
    "항목_52": "안전교육",
    "항목_53": "발표/토론",
    "항목_54": "수업태도",
    "항목_55": "기타",
    "항목_56": "30%",
    "항목_57": "30%",
    "항목_58": "3%",
    "항목_59": "5%",
    "항목_60": "2%",
    "항목_61": "%",
    "항목_62": "%",
    "항목_63": "%",
    "항목_64": "평가참고사항"
  }
}