{
  "기본정보": {
    "항목_0": "1 / 2",
    "항목_1": "전북대학교 강의계획서 (2025년 1학기)",
    "항목_2": "교과목 코드",
    "항목_3": "E-mail",
    "항목_4": "jwhwang@jbnu.ac.kr",
    "항목_5": "전공선택",
    "항목_6": "연구실",
    "항목_7": "담당교수명",
    "항목_8": "연락처",
    "항목_9": "황지욱",
    "항목_10": "063-270-4055",
    "항목_11": "1",
    "항목_12": "3",
    "항목_13": "0000118570",
    "항목_14": "학점",
    "항목_15": "분반",
    "항목_16": "교과목 구분",
    "항목_17": "교과목명",
    "항목_18": "도시개발론",
    "항목_19": "학과/학년",
    "항목_20": "도시공 3",
    "항목_21": "상담가능시간",
    "항목_22": "화요일 오전(0900~1000) 및 목요일 오전 (1000~1100)",
    "항목_23": "1. 강의 기본정보",
    "항목_24": "강의실",
    "전주": "공과대학 9호관 914",
    "항목_26": "요일/시간",
    "항목_27": "화 1-A,화 1-B,화 2-A,화 2-B,목 2-A,목 2-B",
    "항목_28": "수업목표",
    "항목_29": "In 21st century, a new paradigm of urban development is 'Sustainable Development & Smart City Planning'. To reach the sustainability and Smartness, Lots of countries try to change their cities from the image of 'gray city' to 'green one' and from 'old city' to 'technology oriented one'. What does it mean and how can we reach sustainability and Smartness? In this course, we will discuss principles and methodologies of new urban development by additional use of practical fieldwork."
  },
  "평가방법": {
    "항목_0": "A(%)",
    "항목_1": "A+B(%)",
    "항목_2": "C이하(%)",
    "항목_3": "총비율",
    "항목_4": "0",
    "항목_5": "0",
    "항목_6": "0",
    "항목_7": "100%",
    "항목_8": "절대평가 기준",
    "항목_9": "상대평가 비율",
    "항목_10": ".",
    "항목_11": "절대평가"
  },
  "핵심역량": {
    "항목_0": "직전강의평가\n및\nCQI반영사항",
    "항목_1": "Online 영상강의를 진행하였으며, High Quality의 자료와 강의에 대한 긍정적 반응이 높았음. 다만 비대면 영상강의의 단점을 보완하고자 실습과제를 진행할 수 있는 기회를 만들어보고자 함",
    "항목_2": "구분",
    "항목_3": "소통역량",
    "항목_4": "창의역량",
    "항목_5": "인성역량",
    "항목_6": "실무역량",
    "항목_7": "도전역량",
    "항목_8": "문화역량",
    "항목_9": "합계",
    "항목_10": "대표역량",
    "항목_11": "비율(%)",
    "항목_12": "20",
    "항목_13": "20",
    "항목_14": "20",
    "항목_15": "10",
    "항목_16": "10",
    "항목_17": "20",
    "항목_18": "100",
    "항목_19": "교과목간의\n연계성",
    "항목_20": "주교재",
    "항목_21": "도시개발론 (구입 의무사항 아님)",
    "항목_22": "저자",
    "항목_23": "참고자료",
    "1. 도시계획가란? 정체성과 자화상 사이에서, 황지욱 2018, (도서출판)씨아이알\n2. 당신에게 나는 무엇입니까? 황지욱, 2023. (주)하움출판사\n3. United Nations. 1987.'Report of the World Commission on Environment and Development.' General Assembly Resolution 42/187, 11 December 1987. Retrieved": "2007-04-12\n4. Smith, Charles; Rees, Gareth (1998). Economic Development, 2nd edition. Basingstoke: Macmillan. ISBN 0333722280. \n5. Stivers, R. 1976. The Sustainable Society: Ethics and Economic Growth. Philadelphia: Westminster Press.\n6. Daly, H. E. 1973. Towards a Steady State Economy. San Francisco: Freeman. Daly, H. E. 1991. Steady-State Economics (2nd ed.). Washington, D.C.: Island Press.\n7. Ott, K. (2003). 'The Case for Strong Sustainability.' In: Ott, K. & P. Thapa (eds.) (2003).Greifswald’s Environmental Ethics. Greifswald: Steinbecker Verlag Ulrich Rose. ISBN 3931483320. Retrieved on: 2009-02-16.\n6. Adams, W.M. (2006). 'The Future of Sustainability: Re-thinking Environment and Development in the Twenty-first Century.' Report of the IUCN Renowned Thinkers Meeting, 29？31 January 2006. Retrieved on: 2009-02-16.\n7. UCN. 2006. The Future of Sustainability: Re-thinking Environment and Development in the Twenty-first Century. Report of the IUCN Renowned Thinkers Meeting, 29？31 January 2006 http://cmsdata.iucn.org/downloads/iucn_future_of_sustanability.pdf\n8. Our Common Future, Chapter 2: Towards Sustainable Development\n9. 2005 World Summit Outcome Document, World Health Organization, 15 September 2005\n10. Will Allen. 2007.'Learning for Sustainability: Sustainable Development.'",
    "항목_25": "대한국토도시계획학회",
    "항목_26": "출판사",
    "항목_27": "보성각",
    "항목_28": "출판년도",
    "항목_29": "2008",
    "항목_30": "교재언어",
    "항목_31": "권장 선수과목",
    "항목_32": "한국어",
    "항목_33": "강의언어",
    "항목_34": "한국어",
    "항목_35": "필요 기자재",
    "항목_36": "Video/Beam Projector/Notebook",
    "항목_37": "토지이용계획론",
    "항목_38": "권장 후수과목",
    "항목_39": "DA",
    "항목_40": "수업방식\n(복수가능√)",
    "항목_41": "강의",
    "항목_42": "발표/토론",
    "항목_43": "PBL",
    "항목_44": "플립러닝",
    "항목_45": "LMS활용",
    "항목_46": "실험실습",
    "항목_47": "기타",
    "항목_48": "√",
    "항목_49": "√",
    "항목_50": "√",
    "항목_51": "√",
    "항목_52": "수업운영방향",
    "항목_53": "평가계획\n(100%)",
    "항목_54": "중간",
    "항목_55": "기말",
    "항목_56": "출석",
    "항목_57": "과제물",
    "항목_58": "안전교육",
    "항목_59": "발표/토론",
    "항목_60": "수업태도",
    "항목_61": "기타",
    "항목_62": "0%",
    "항목_63": "50%",
    "항목_64": "50%",
    "항목_65": "0%",
    "항목_66": "0%",
    "항목_67": "0%",
    "항목_68": "0%",
    "항목_69": "0%",
    "항목_70": "평가참고사항",
    "항목_71": "All evaluation and its weight can be corrected under the circumstance change."
  }
}