{
  "기본정보": {
    "항목_0": "1 / 2",
    "항목_1": "전북대학교 강의계획서 (2025년 1학기)",
    "항목_2": "교과목 코드",
    "항목_3": "E-mail",
    "항목_4": "sicho@jbnu.ac.kr",
    "항목_5": "전공선택",
    "항목_6": "연구실",
    "항목_7": "공대7호관 528호",
    "항목_8": "담당교수명",
    "항목_9": "연락처",
    "항목_10": "조성익",
    "항목_11": "270-4137",
    "항목_12": "1",
    "항목_13": "3",
    "항목_14": "0000117089",
    "항목_15": "학점",
    "항목_16": "분반",
    "항목_17": "교과목 구분",
    "항목_18": "교과목명",
    "항목_19": "아날로그집적회로설계",
    "항목_20": "학과/학년",
    "항목_21": "전자공학부 4",
    "항목_22": "상담가능시간",
    "항목_23": "수요일 5~6교시",
    "항목_24": "1. 강의 기본정보",
    "항목_25": "강의실",
    "전주": "공과대학 7호관 228",
    "항목_27": "요일/시간",
    "항목_28": "화 3-A,화 3-B,화 4-A,화 4-B,목 1-A,목 1-B",
    "항목_29": "수업목표",
    "항목_30": "아날로그 IC 반도체 및 집적회로를 위한 1) 설계과정 및 필요사항 이해 \n\n2)  대표적인 sub-블럭인 연산증폭기, 전류미러, 기준전류/전류 제너레이터 설계 및 시뮬레이션 방법숙지  ,\n\n3)  시스템 응용인 PD(Photo Detector)를 ROIC 분석하고 설계방법 능력함양."
  },
  "평가방법": {
    "항목_0": "A(%)",
    "항목_1": "A+B(%)",
    "항목_2": "C이하(%)",
    "항목_3": "총비율",
    "항목_4": "40",
    "항목_5": "80",
    "항목_6": "20",
    "항목_7": "100%",
    "항목_8": "절대평가 기준",
    "항목_9": "상대평가 비율",
    "항목_10": "상대평가Ⅱ",
    "항목_11": "- 강의",
    "항목_12": "√",
    "기타": "",
    "항목_14": "- 과제",
    "항목_15": "√",
    "항목_16": "* 장애학생 교수학습지원 사항",
    "항목_17": "- 평가",
    "항목_18": "√",
    "항목_19": "참고\n사항",
    "항목_20": "강의 파일, 자료 등 제공",
    "항목_21": "좌석배치(지정좌석) 조정",
    "항목_22": "과제 제출기한 연장",
    "항목_23": "대안적 과제 제시",
    "항목_24": "시험시간 연장",
    "항목_25": "별도의 시험 장소 제공",
    "항목_26": "※ 위 지원사항 등을 포함한 강의, 과제, 시험 등 학습과정에서 장애로 인하여 추가 지원이\n     필요한 경우 개강전 담당강사 및 장애학습 지원센터를 통해 문의 바랍니다.",
    "그 외(필요시 자유로이 추가 기술)": "",
    "항목_28": "주별",
    "항목_29": "수업목표",
    "항목_30": "수업내용",
    "항목_31": "수업방식",
    "항목_32": "주별 강의내용",
    "항목_33": "자료, 과제 및\n기타 참고사항",
    "항목_34": "온라인",
    "항목_35": "오프라인",
    "항목_36": "수업방식별시간"
  },
  "핵심역량": {
    "항목_0": "직전강의평가\n및\nCQI반영사항",
    "항목_1": "주파수응답, 안정도판별 및 피드백 \n증폭기구성 및 해석 \nPD ROIC",
    "항목_2": "구분",
    "항목_3": "소통역량",
    "항목_4": "창의역량",
    "항목_5": "인성역량",
    "항목_6": "실무역량",
    "항목_7": "도전역량",
    "항목_8": "문화역량",
    "항목_9": "합계",
    "항목_10": "대표역량",
    "항목_11": "비율(%)",
    "항목_12": "20",
    "항목_13": "50",
    "항목_14": "10",
    "항목_15": "20",
    "항목_16": "0",
    "항목_17": "0",
    "항목_18": "100",
    "항목_19": "교과목간의\n연계성",
    "항목_20": "주교재",
    "항목_21": "아날로그 CMOS 집적회로 설계",
    "항목_22": "저자",
    "항목_23": "참고자료",
    "항목_24": "버자드 라자비",
    "항목_25": "출판사",
    "항목_26": "한빛미디어",
    "항목_27": "출판년도",
    "항목_28": "2022",
    "항목_29": "교재언어",
    "항목_30": "권장 선수과목",
    "항목_31": "한국어",
    "항목_32": "강의언어",
    "항목_33": "한국어",
    "항목_34": "필요 기자재",
    "항목_35": "권장 후수과목",
    "항목_36": "DA",
    "항목_37": "수업방식\n(복수가능√)",
    "항목_38": "강의",
    "항목_39": "발표/토론",
    "항목_40": "PBL",
    "항목_41": "플립러닝",
    "항목_42": "LMS활용",
    "항목_43": "실험실습",
    "항목_44": "기타",
    "항목_45": "√",
    "항목_46": "√",
    "항목_47": "수업운영방향",
    "항목_48": "평가계획\n(100%)",
    "항목_49": "중간",
    "항목_50": "기말",
    "항목_51": "출석",
    "항목_52": "과제물",
    "항목_53": "안전교육",
    "항목_54": "발표/토론",
    "항목_55": "수업태도",
    "항목_56": "기타",
    "항목_57": "30%",
    "항목_58": "30%",
    "항목_59": "10%",
    "항목_60": "10%",
    "항목_61": "0%",
    "항목_62": "10%",
    "항목_63": "0%",
    "항목_64": "10%",
    "항목_65": "평가참고사항"
  }
}