{
  "기본정보": {
    "항목_0": "1 / 2",
    "항목_1": "전북대학교 강의계획서 (2025년 1학기)",
    "항목_2": "교과목 코드",
    "항목_3": "E-mail",
    "항목_4": "moonkun@jbnu.ac.kr",
    "항목_5": "전공선택",
    "항목_6": "연구실",
    "항목_7": "담당교수명",
    "항목_8": "연락처",
    "항목_9": "이문근",
    "항목_10": "063-270-3404",
    "항목_11": "2",
    "항목_12": "3",
    "항목_13": "0000125865",
    "항목_14": "학점",
    "항목_15": "분반",
    "항목_16": "교과목 구분",
    "항목_17": "교과목명",
    "항목_18": "오픈소스소프트웨어개발",
    "항목_19": "학과/학년",
    "항목_20": "컴퓨터공학부 4,IT정보공학과 4,컴퓨터공학부(컴퓨터) 4,컴퓨터인공지능",
    "항목_21": "상담가능시간",
    "항목_22": "강의 후 30분 동안",
    "항목_23": "1. 강의 기본정보",
    "항목_24": "강의실",
    "전주": "공과대학 7호관 301",
    "항목_26": "요일/시간",
    "항목_27": "수 2-A,수 2-B,금 1-A,금 1-B,금 2-A,금 2-B",
    "항목_28": "수업목표",
    "오픈 소프트웨어 개발에 관한 일반적인 이론과 내용을 학습하고 실습한다": "1) 강의: 오픈 소프트웨어 개발 방법론에 대한 정의, 구조, 내용, 기능, 행위적인 특성과 이를 구현 및 사용하기 위한 단계, 즉 요구분석, 명세와 검증, 구현과 검사, 배달, 관리 및 유지보수를 포함한다. 특히 명세 및 검증에 관한 방법론에 집중한다.\n2)실습: ADOxx 메타-모델링 도구를 사용하여 이 기법을 명세 및 모델 도구로 구현해 본다."
  },
  "평가방법": {
    "항목_0": "A(%)",
    "항목_1": "A+B(%)",
    "항목_2": "C이하(%)",
    "항목_3": "총비율",
    "항목_4": "40",
    "항목_5": "80",
    "항목_6": "20",
    "항목_7": "100%",
    "항목_8": "절대평가 기준",
    "항목_9": "상대평가 비율",
    "항목_10": "상대평가Ⅱ",
    "항목_11": "- 강의",
    "항목_12": "√",
    "항목_13": "√",
    "기타": "",
    "항목_15": "- 과제",
    "항목_16": "* 장애학생 교수학습지원 사항",
    "항목_17": "- 평가",
    "항목_18": "참고\n사항",
    "항목_19": "강의 파일, 자료 등 제공",
    "항목_20": "좌석배치(지정좌석) 조정",
    "항목_21": "과제 제출기한 연장",
    "항목_22": "대안적 과제 제시",
    "항목_23": "시험시간 연장",
    "항목_24": "별도의 시험 장소 제공",
    "항목_25": "※ 위 지원사항 등을 포함한 강의, 과제, 시험 등 학습과정에서 장애로 인하여 추가 지원이\n     필요한 경우 개강전 담당강사 및 장애학습 지원센터를 통해 문의 바랍니다.",
    "그 외(필요시 자유로이 추가 기술)": "",
    "항목_27": "주별",
    "항목_28": "수업목표",
    "항목_29": "수업내용",
    "항목_30": "수업방식",
    "항목_31": "주별 강의내용",
    "항목_32": "자료, 과제 및\n기타 참고사항",
    "항목_33": "온라인",
    "항목_34": "오프라인",
    "항목_35": "수업방식별시간",
    "항목_36": "1주",
    "항목_37": "SW 공학 및 Open SW 일반",
    "항목_38": "SW 공학 일반론과 Open SW 개념 정립",
    "항목_39": "강의"
  },
  "핵심역량": {
    "항목_0": "직전강의평가\n및\nCQI반영사항",
    "항목_1": "없음",
    "항목_2": "구분",
    "항목_3": "소통역량",
    "항목_4": "창의역량",
    "항목_5": "인성역량",
    "항목_6": "실무역량",
    "항목_7": "도전역량",
    "항목_8": "문화역량",
    "항목_9": "합계",
    "항목_10": "대표역량",
    "항목_11": "비율(%)",
    "항목_12": "20",
    "항목_13": "40",
    "항목_14": "0",
    "항목_15": "40",
    "항목_16": "0",
    "항목_17": "0",
    "항목_18": "100",
    "항목_19": "교과목간의\n연계성",
    "항목_20": "주교재",
    "항목_21": "정형기법",
    "항목_22": "저자",
    "항목_23": "참고자료",
    "항목_24": "1) ADOxx Meta-Modeling Platform\n2) BEE-UP Modeling Tool Set",
    "항목_25": "이문근",
    "항목_26": "출판사",
    "항목_27": "전북대출판원",
    "항목_28": "출판년도",
    "항목_29": "2017",
    "항목_30": "교재언어",
    "항목_31": "권장 선수과목",
    "항목_32": "한국어",
    "항목_33": "강의언어",
    "항목_34": "한국어",
    "항목_35": "필요 기자재",
    "항목_36": "없음",
    "항목_37": "SW Engineering, Programming Language, Operating Systems, etc.",
    "항목_38": "권장 후수과목",
    "항목_39": "DA",
    "항목_40": "수업방식\n(복수가능√)",
    "항목_41": "강의",
    "항목_42": "발표/토론",
    "항목_43": "PBL",
    "항목_44": "플립러닝",
    "항목_45": "LMS활용",
    "항목_46": "실험실습",
    "항목_47": "기타",
    "항목_48": "√",
    "항목_49": "√",
    "항목_50": "√",
    "항목_51": "수업운영방향",
    "항목_52": "평가계획\n(100%)",
    "항목_53": "중간",
    "항목_54": "기말",
    "항목_55": "출석",
    "항목_56": "과제물",
    "항목_57": "안전교육",
    "항목_58": "발표/토론",
    "항목_59": "수업태도",
    "항목_60": "기타",
    "항목_61": "20%",
    "항목_62": "20%",
    "항목_63": "10%",
    "항목_64": "40%",
    "항목_65": "0%",
    "항목_66": "10%",
    "항목_67": "0%",
    "항목_68": "0%",
    "항목_69": "평가참고사항",
    "항목_70": "없음"
  }
}