{
  "기본정보": {
    "항목_0": "1 / 2",
    "항목_1": "전북대학교 강의계획서 (2025년 1학기)",
    "항목_2": "교과목 코드",
    "항목_3": "E-mail",
    "항목_4": "hykang@jbnu.ac.kr",
    "항목_5": "전공선택",
    "항목_6": "연구실",
    "항목_7": "담당교수명",
    "항목_8": "연락처",
    "항목_9": "강희용",
    "항목_10": "2",
    "항목_11": "3",
    "항목_12": "0000130056",
    "항목_13": "학점",
    "항목_14": "분반",
    "항목_15": "교과목 구분",
    "항목_16": "교과목명",
    "항목_17": "로봇기구설계",
    "항목_18": "학과/학년",
    "항목_19": "기계설계(기계설계) 3",
    "항목_20": "상담가능시간",
    "항목_21": "1. 강의 기본정보",
    "항목_22": "강의실",
    "전주": "공과대학 8호관 302",
    "항목_24": "요일/시간",
    "항목_25": "화 3-A,화 3-B,화 4-A,화 4-B,목 1-A,목 1-B",
    "항목_26": "수업목표",
    "항목_27": "기계시스템을 구성하고 있는 기구장치의 작동원리와 운동특성을 이해하고 설계하기 위한 절차를 학습하여 실제 공학설계에 적용하는데 있다. 먼저, 도해적인 방법을 통해 운동을 가시화 한 후 해석적인 방법을 통해 정확한 운동결과를 얻는 과정을 학습하는데 있다. 먼저, 기구장치를 모델링하고 분석하고 평가할 수 있도록 한다. 따라서 요구되는 운동에 따라 새로운 기구장치를 설계할 수 있는 인재를 양성하는데 있다."
  },
  "평가방법": {
    "항목_0": "A(%)",
    "항목_1": "A+B(%)",
    "항목_2": "C이하(%)",
    "항목_3": "총비율",
    "항목_4": "100",
    "항목_5": "100",
    "항목_6": "0",
    "항목_7": "100%",
    "항목_8": "절대평가 기준",
    "항목_9": "상대평가 비율",
    "항목_10": "상대평가Ⅱ",
    "항목_11": "- 강의",
    "항목_12": "√",
    "항목_13": "√",
    "기타": "",
    "항목_15": "- 과제",
    "항목_16": "* 장애학생 교수학습지원 사항",
    "항목_17": "- 평가",
    "항목_18": "참고\n사항",
    "항목_19": "강의 파일, 자료 등 제공",
    "항목_20": "좌석배치(지정좌석) 조정",
    "항목_21": "과제 제출기한 연장",
    "항목_22": "대안적 과제 제시",
    "항목_23": "시험시간 연장",
    "항목_24": "별도의 시험 장소 제공",
    "항목_25": "※ 위 지원사항 등을 포함한 강의, 과제, 시험 등 학습과정에서 장애로 인하여 추가 지원이\n     필요한 경우 개강전 담당강사 및 장애학습 지원센터를 통해 문의 바랍니다.",
    "그 외(필요시 자유로이 추가 기술)": "",
    "항목_27": "주별",
    "항목_28": "수업목표",
    "항목_29": "수업내용",
    "항목_30": "수업방식",
    "항목_31": "주별 강의내용",
    "항목_32": "자료, 과제 및\n기타 참고사항",
    "항목_33": "온라인",
    "항목_34": "오프라인",
    "항목_35": "수업방식별시간",
    "항목_36": "1주",
    "Course Overview, Design": "Analysis-Synthesis\nScalars and Vectors (Appendix B)",
    "항목_38": "설계"
  },
  "핵심역량": {
    "항목_0": "직전강의평가\n및\nCQI반영사항",
    "항목_1": "....",
    "항목_2": "구분",
    "항목_3": "소통역량",
    "항목_4": "창의역량",
    "항목_5": "인성역량",
    "항목_6": "실무역량",
    "항목_7": "도전역량",
    "항목_8": "문화역량",
    "항목_9": "합계",
    "항목_10": "대표역량",
    "항목_11": "비율(%)",
    "항목_12": "0",
    "항목_13": "60",
    "항목_14": "0",
    "항목_15": "40",
    "항목_16": "0",
    "항목_17": "0",
    "항목_18": "100",
    "항목_19": "교과목간의\n연계성",
    "항목_20": "주교재",
    "항목_21": "저자",
    "항목_22": "참고자료",
    "항목_23": "신중호 외  W.L. Cleghorn",
    "항목_24": "출판사",
    "항목_25": "한티미디어 Oxford University Press",
    "항목_26": "출판년도",
    "항목_27": "2016",
    "항목_28": "교재언어",
    "항목_29": "권장 선수과목",
    "항목_30": "강의언어",
    "항목_31": "한국어",
    "항목_32": "필요 기자재",
    "항목_33": "물리1 동역학",
    "항목_34": "권장 후수과목",
    "항목_35": "DA",
    "항목_36": "수업방식\n(복수가능√)",
    "항목_37": "강의",
    "항목_38": "발표/토론",
    "항목_39": "PBL",
    "항목_40": "플립러닝",
    "항목_41": "LMS활용",
    "항목_42": "실험실습",
    "항목_43": "기타",
    "항목_44": "√",
    "항목_45": "수업운영방향",
    "항목_46": "평가계획\n(100%)",
    "항목_47": "중간",
    "항목_48": "기말",
    "항목_49": "출석",
    "항목_50": "과제물",
    "항목_51": "안전교육",
    "항목_52": "발표/토론",
    "항목_53": "수업태도",
    "항목_54": "기타",
    "항목_55": "20%",
    "항목_56": "20%",
    "항목_57": "10%",
    "항목_58": "10%",
    "항목_59": "%",
    "항목_60": "%",
    "항목_61": "%",
    "항목_62": "%",
    "항목_63": "평가참고사항"
  }
}