{
  "기본정보": {
    "항목_0": "1 / 2",
    "항목_1": "전북대학교 강의계획서 (2025년 1학기)",
    "항목_2": "교과목 코드",
    "항목_3": "E-mail",
    "항목_4": "dongkikang@jbnu.ac.kr",
    "항목_5": "전공선택",
    "항목_6": "연구실",
    "항목_7": "공대7호관429호",
    "항목_8": "담당교수명",
    "항목_9": "연락처",
    "항목_10": "강동기",
    "항목_11": "063-270-4070",
    "항목_12": "1",
    "항목_13": "3",
    "항목_14": "0000117109",
    "항목_15": "학점",
    "항목_16": "분반",
    "항목_17": "교과목 구분",
    "항목_18": "교과목명",
    "항목_19": "모바일프로그래밍",
    "항목_20": "학과/학년",
    "항목_21": "컴퓨터공학부 3,IT정보공학과 3,컴퓨터공학부(컴퓨터) 3,컴퓨터인공지능",
    "항목_22": "상담가능시간",
    "항목_23": "수업시간 외 상담 가능",
    "항목_24": "1. 강의 기본정보",
    "항목_25": "강의실",
    "전주": "공과대학 7호관 330",
    "항목_27": "요일/시간",
    "항목_28": "월 8-A,월 8-B,월 9-A,월 9-B,수 8-A,수 8-B",
    "항목_29": "수업목표",
    "항목_30": "태블릿 및 스마트폰과 같은 모바일 시스템 위에서 동작하는 응용 프로그램을 만들기 위한 과정을 학습합니다.\nACM/IEEE curricular 2023 비교 분석을 한 내용을 토대로 '비동기 프로그래밍'을 수업에 반영(할 예정)"
  },
  "평가방법": {
    "항목_0": "A(%)",
    "항목_1": "A+B(%)",
    "항목_2": "C이하(%)",
    "항목_3": "총비율",
    "항목_4": "40",
    "항목_5": "80",
    "항목_6": "20",
    "항목_7": "100%",
    "항목_8": "절대평가 기준",
    "항목_9": "상대평가 비율",
    "항목_10": "상대평가Ⅱ",
    "항목_11": "- 강의",
    "항목_12": "√",
    "항목_13": "√",
    "기타": "",
    "항목_15": "- 과제",
    "항목_16": "√",
    "항목_17": "√",
    "항목_18": "* 장애학생 교수학습지원 사항",
    "항목_19": "- 평가",
    "항목_20": "√",
    "항목_21": "√",
    "항목_22": "참고\n사항",
    "항목_23": "강의 파일, 자료 등 제공",
    "항목_24": "좌석배치(지정좌석) 조정",
    "항목_25": "과제 제출기한 연장",
    "항목_26": "대안적 과제 제시",
    "항목_27": "시험시간 연장",
    "항목_28": "별도의 시험 장소 제공",
    "항목_29": "※ 위 지원사항 등을 포함한 강의, 과제, 시험 등 학습과정에서 장애로 인하여 추가 지원이\n     필요한 경우 개강전 담당강사 및 장애학습 지원센터를 통해 문의 바랍니다.",
    "그 외(필요시 자유로이 추가 기술)": "",
    "항목_31": "주별",
    "항목_32": "수업목표",
    "항목_33": "수업내용",
    "항목_34": "수업방식",
    "항목_35": "주별 강의내용",
    "항목_36": "자료, 과제 및\n기타 참고사항",
    "항목_37": "온라인",
    "항목_38": "오프라인",
    "항목_39": "수업방식별시간",
    "항목_40": "1주",
    "항목_41": "수업 개요 및 안드로이드 OS 의 특징 소개",
    "항목_42": "강의",
    "항목_43": "강의"
  },
  "핵심역량": {
    "항목_0": "직전강의평가\n및\nCQI반영사항",
    "항목_1": "(학생 강의평가)\n과제가 좀 더 있었으면 좋았을 것 같다.\n\n(반영사항)\n1. 각 챕터별로 간단한 과제들을 준비하여 수업시간에 풀어보도록 하고, 스스로 고민할 수 있는 시간을 가질수 있도록 한다.",
    "항목_2": "구분",
    "항목_3": "소통역량",
    "항목_4": "창의역량",
    "항목_5": "인성역량",
    "항목_6": "실무역량",
    "항목_7": "도전역량",
    "항목_8": "문화역량",
    "항목_9": "합계",
    "항목_10": "대표역량",
    "항목_11": "비율(%)",
    "항목_12": "0",
    "항목_13": "40",
    "항목_14": "0",
    "항목_15": "40",
    "항목_16": "0",
    "항목_17": "20",
    "항목_18": "100",
    "항목_19": "교과목간의\n연계성",
    "항목_20": "주교재",
    "항목_21": "DO IT! 깡샘의 안드로이드 앱 프로그래밍 with 코틀린 (개정3판)",
    "항목_22": "저자",
    "항목_23": "참고자료",
    "항목_24": "강성윤",
    "항목_25": "출판사",
    "항목_26": "이지스퍼블리싱",
    "항목_27": "출판년도",
    "항목_28": "2024",
    "항목_29": "교재언어",
    "항목_30": "권장 선수과목",
    "항목_31": "한국어",
    "항목_32": "강의언어",
    "항목_33": "한국어",
    "항목_34": "필요 기자재",
    "항목_35": "자바 프로그래밍",
    "항목_36": "권장 후수과목",
    "항목_37": "DA",
    "항목_38": "수업방식\n(복수가능√)",
    "항목_39": "강의",
    "항목_40": "발표/토론",
    "항목_41": "PBL",
    "항목_42": "플립러닝",
    "항목_43": "LMS활용",
    "항목_44": "실험실습",
    "항목_45": "기타",
    "항목_46": "√",
    "항목_47": "√",
    "항목_48": "√",
    "항목_49": "수업운영방향",
    "항목_50": "평가계획\n(100%)",
    "항목_51": "중간",
    "항목_52": "기말",
    "항목_53": "출석",
    "항목_54": "과제물",
    "항목_55": "안전교육",
    "항목_56": "발표/토론",
    "항목_57": "수업태도",
    "항목_58": "기타",
    "항목_59": "30%",
    "항목_60": "0%",
    "항목_61": "10%",
    "항목_62": "30%",
    "항목_63": "0%",
    "항목_64": "30%",
    "항목_65": "0%",
    "항목_66": "0%",
    "항목_67": "평가참고사항",
    "항목_68": "학생실습을 위해 J-EduTools(Litmus) 사용 예정"
  }
}