{
  "기본정보": {
    "항목_0": "1 / 2",
    "항목_1": "전북대학교 강의계획서 (2025년 1학기)",
    "항목_2": "교과목 코드",
    "항목_3": "E-mail",
    "항목_4": "s.k@jbnu.ac.kr",
    "항목_5": "전공필수",
    "항목_6": "연구실",
    "항목_7": "공대7호관 612호",
    "항목_8": "담당교수명",
    "항목_9": "연락처",
    "항목_10": "김성찬",
    "항목_11": "063-270-2411",
    "항목_12": "4",
    "항목_13": "3",
    "항목_14": "0000104177",
    "항목_15": "학점",
    "항목_16": "분반",
    "항목_17": "교과목 구분",
    "항목_18": "교과목명",
    "항목_19": "인공지능",
    "항목_20": "학과/학년",
    "항목_21": "컴퓨터공학부 3,IT정보공학과 3,컴퓨터공학부(컴퓨터) 3,컴퓨터인공지능",
    "항목_22": "상담가능시간",
    "항목_23": "수업 시간에 별도 공지",
    "항목_24": "1. 강의 기본정보",
    "항목_25": "강의실",
    "전주": "공과대학 8호관 205",
    "항목_27": "요일/시간",
    "항목_28": "화 8-A,화 8-B,화 9-A,목 6-B,목 7-A,목 7-B",
    "항목_29": "수업목표",
    "항목_30": "- 본 과목은 일상 생활에서 직면할 수 있는 새로운 AI 문제들을 해결할 수 있는 기본 이론을 배우고 구현해 보는 경험을 쌓는 것을 목표로 함.\n- ACM/IEEE curricular 2023 비교 분석을 한 내용을 토대로 '인공지능 교과목에 최신 AI 응용 어플리케이션을 소개하는 내용'을 수업에 반영함."
  },
  "평가방법": {
    "항목_0": "A(%)",
    "항목_1": "A+B(%)",
    "항목_2": "C이하(%)",
    "항목_3": "총비율",
    "항목_4": "40",
    "항목_5": "80",
    "항목_6": "20",
    "항목_7": "100%",
    "항목_8": "절대평가 기준",
    "항목_9": "상대평가 비율",
    "항목_10": "상대평가Ⅱ",
    "항목_11": "- 강의",
    "항목_12": "√",
    "항목_13": "√",
    "기타": "",
    "항목_15": "- 과제",
    "항목_16": "* 장애학생 교수학습지원 사항",
    "항목_17": "- 평가",
    "항목_18": "참고\n사항",
    "항목_19": "강의 파일, 자료 등 제공",
    "항목_20": "좌석배치(지정좌석) 조정",
    "항목_21": "과제 제출기한 연장",
    "항목_22": "대안적 과제 제시",
    "항목_23": "시험시간 연장",
    "항목_24": "별도의 시험 장소 제공",
    "항목_25": "※ 위 지원사항 등을 포함한 강의, 과제, 시험 등 학습과정에서 장애로 인하여 추가 지원이\n     필요한 경우 개강전 담당강사 및 장애학습 지원센터를 통해 문의 바랍니다.",
    "항목_26": "√",
    "그 외(필요시 자유로이 추가 기술)": "",
    "항목_28": "주별",
    "항목_29": "수업목표",
    "항목_30": "수업내용",
    "항목_31": "수업방식",
    "항목_32": "주별 강의내용",
    "항목_33": "자료, 과제 및\n기타 참고사항",
    "항목_34": "온라인",
    "항목_35": "오프라인",
    "항목_36": "수업방식별시간",
    "항목_37": "1주",
    "항목_38": "Introduction\n------------------------\nSearch",
    "항목_39": "* Introduction to AIIntroduction to AIIntroduction to AI\n* Uninformed Search",
    "항목_40": "강의",
    "항목_41": "."
  },
  "핵심역량": {
    "항목_0": "직전강의평가\n및\nCQI반영사항",
    "항목_1": "해당 사항 없음.",
    "항목_2": "구분",
    "항목_3": "소통역량",
    "항목_4": "창의역량",
    "항목_5": "인성역량",
    "항목_6": "실무역량",
    "항목_7": "도전역량",
    "항목_8": "문화역량",
    "항목_9": "합계",
    "항목_10": "대표역량",
    "항목_11": "비율(%)",
    "항목_12": "20",
    "항목_13": "20",
    "항목_14": "20",
    "항목_15": "20",
    "항목_16": "20",
    "항목_17": "0",
    "항목_18": "100",
    "항목_19": "교과목간의\n연계성",
    "항목_20": "주교재",
    "Artificial Intelligence": "A Modern Approach, 4th Global ed. (수업은 별도의 강의 자료로 진행되며, 교재 구입은 선택 사항임)",
    "항목_22": "저자",
    "항목_23": "참고자료",
    "항목_24": "Stuart Russell, Peter Norvig",
    "항목_25": "출판사",
    "항목_26": ".",
    "항목_27": "출판년도",
    "항목_28": ".",
    "항목_29": "교재언어",
    "항목_30": "권장 선수과목",
    "항목_31": "영어",
    "항목_32": "강의언어",
    "항목_33": "한국어",
    "항목_34": "필요 기자재",
    "항목_35": "SW중심대학사업단의 JEduTools를 이용해 프로그래밍 과제들을 진행할 예정임",
    "항목_36": "(필수 과목)  자료구조 또는 알고리즘, 확률및통계\n(권장 과목) 선형대수",
    "항목_37": "권장 후수과목",
    "항목_38": "DA",
    "항목_39": "수업방식\n(복수가능√)",
    "항목_40": "강의",
    "항목_41": "발표/토론",
    "항목_42": "PBL",
    "항목_43": "플립러닝",
    "항목_44": "LMS활용",
    "항목_45": "실험실습",
    "항목_46": "기타",
    "항목_47": "√",
    "항목_48": "√",
    "항목_49": "√",
    "항목_50": "수업운영방향",
    "항목_51": "평가계획\n(100%)",
    "항목_52": "중간",
    "항목_53": "기말",
    "항목_54": "출석",
    "항목_55": "과제물",
    "항목_56": "안전교육",
    "항목_57": "발표/토론",
    "항목_58": "수업태도",
    "항목_59": "기타",
    "항목_60": "35%",
    "항목_61": "35%",
    "항목_62": "0%",
    "항목_63": "30%",
    "항목_64": "0%",
    "항목_65": "0%",
    "항목_66": "0%",
    "항목_67": "0%",
    "항목_68": "평가참고사항",
    "항목_69": "위의 평가계획은 2023년도 수업에 적용된 것이며, 주별 강의 내용과 최종 평가시 중간고사, 기말고사, 과제물의 반영비율은 변경될 수 있습니다."
  }
}