{
  "기본정보": {
    "항목_0": "1 / 2",
    "항목_1": "전북대학교 강의계획서 (2025년 1학기)",
    "항목_2": "교과목 코드",
    "항목_3": "E-mail",
    "항목_4": "jwjeong55@jbnu.ac.kr",
    "항목_5": "전공필수",
    "항목_6": "연구실",
    "항목_7": "공과대학 7호관 532호",
    "항목_8": "담당교수명",
    "항목_9": "연락처",
    "항목_10": "정종욱",
    "항목_11": "3428",
    "항목_12": "4",
    "항목_13": "3",
    "항목_14": "0000115488",
    "항목_15": "학점",
    "항목_16": "분반",
    "항목_17": "교과목 구분",
    "항목_18": "교과목명",
    "항목_19": "데이터베이스",
    "항목_20": "학과/학년",
    "항목_21": "컴퓨터공학부 3,IT정보공학과 3,컴퓨터공학부(컴퓨터) 3,컴퓨터인공지능",
    "항목_22": "상담가능시간",
    "항목_23": "이메일로 개별 문의 후 조율",
    "항목_24": "1. 강의 기본정보",
    "항목_25": "강의실",
    "전주": "공과대학 8호관 212",
    "항목_27": "요일/시간",
    "항목_28": "월 8-A,월 8-B,월 9-A,월 9-B,월 10-A,월 10-B",
    "항목_29": "수업목표",
    "항목_30": "1. 관계형 모델 및 ER모델의 개념과 설계를 이해하고 적용할 수 있다.\n2. SQL 문법을 활용하여 효율적으로 데이터베이스를 질의하고 관리할 수 있다.\n3. 트랜잭션 처리, 동시성 제어, 회복 기법 등을 통해 신뢰성 있는 데이터베이스 시스템을 설계할 수 있다.\n4. 정규화 이론을 습득하여 데이터베이스 구조를 최적화할 수 있다.\n5. 실제 사례와 프로젝트를 통해 데이터베이스 기술을 종합적으로 적용할 수 있다."
  },
  "평가방법": {
    "항목_0": "A(%)",
    "항목_1": "A+B(%)",
    "항목_2": "C이하(%)",
    "항목_3": "총비율",
    "항목_4": "40",
    "항목_5": "80",
    "항목_6": "20",
    "항목_7": "100%",
    "항목_8": "절대평가 기준",
    "항목_9": "상대평가 비율",
    "항목_10": "상대평가Ⅱ",
    "항목_11": "- 강의",
    "항목_12": "√",
    "항목_13": "√",
    "기타": "",
    "항목_15": "- 과제",
    "항목_16": "√",
    "항목_17": "* 장애학생 교수학습지원 사항",
    "항목_18": "- 평가",
    "항목_19": "√",
    "항목_20": "참고\n사항",
    "항목_21": "강의 파일, 자료 등 제공",
    "항목_22": "좌석배치(지정좌석) 조정",
    "항목_23": "과제 제출기한 연장",
    "항목_24": "대안적 과제 제시",
    "항목_25": "시험시간 연장",
    "항목_26": "별도의 시험 장소 제공",
    "항목_27": "※ 위 지원사항 등을 포함한 강의, 과제, 시험 등 학습과정에서 장애로 인하여 추가 지원이\n     필요한 경우 개강전 담당강사 및 장애학습 지원센터를 통해 문의 바랍니다.",
    "그 외(필요시 자유로이 추가 기술)": "",
    "항목_29": "주별",
    "항목_30": "수업목표",
    "항목_31": "수업내용",
    "항목_32": "수업방식",
    "항목_33": "주별 강의내용",
    "항목_34": "자료, 과제 및\n기타 참고사항",
    "항목_35": "온라인",
    "항목_36": "오프라인",
    "항목_37": "수업방식별시간"
  },
  "핵심역량": {
    "항목_0": "직전강의평가\n및\nCQI반영사항",
    "항목_1": "-",
    "항목_2": "구분",
    "항목_3": "소통역량",
    "항목_4": "창의역량",
    "항목_5": "인성역량",
    "항목_6": "실무역량",
    "항목_7": "도전역량",
    "항목_8": "문화역량",
    "항목_9": "합계",
    "항목_10": "대표역량",
    "항목_11": "비율(%)",
    "항목_12": "40",
    "항목_13": "0",
    "항목_14": "0",
    "항목_15": "60",
    "항목_16": "0",
    "항목_17": "0",
    "항목_18": "100",
    "항목_19": "교과목간의\n연계성",
    "항목_20": "주교재",
    "항목_21": "Database System Concepts",
    "항목_22": "저자",
    "항목_23": "참고자료",
    "항목_24": "Silberschatz, Korth and Sudarshan",
    "항목_25": "출판사",
    "항목_26": "McGraw-Hill",
    "항목_27": "출판년도",
    "항목_28": "2019",
    "항목_29": "교재언어",
    "항목_30": "권장 선수과목",
    "항목_31": "영어",
    "항목_32": "강의언어",
    "항목_33": "한국어",
    "항목_34": "필요 기자재",
    "항목_35": "운영체제, 객체 지향 프로그래밍",
    "항목_36": "권장 후수과목",
    "항목_37": "DA",
    "항목_38": "수업방식\n(복수가능√)",
    "항목_39": "강의",
    "항목_40": "발표/토론",
    "항목_41": "PBL",
    "항목_42": "플립러닝",
    "항목_43": "LMS활용",
    "항목_44": "실험실습",
    "항목_45": "기타",
    "항목_46": "√",
    "항목_47": "√",
    "항목_48": "√",
    "항목_49": "수업운영방향",
    "항목_50": "평가계획\n(100%)",
    "항목_51": "중간",
    "항목_52": "기말",
    "항목_53": "출석",
    "항목_54": "과제물",
    "항목_55": "안전교육",
    "항목_56": "발표/토론",
    "항목_57": "수업태도",
    "항목_58": "기타",
    "항목_59": "25%",
    "항목_60": "25%",
    "항목_61": "10%",
    "항목_62": "40%",
    "항목_63": "0%",
    "항목_64": "0%",
    "항목_65": "0%",
    "항목_66": "0%",
    "항목_67": "평가참고사항"
  }
}