{
  "기본정보": {
    "항목_0": "1 / 2",
    "항목_1": "전북대학교 강의계획서 (2025년 1학기)",
    "항목_2": "교과목 코드",
    "항목_3": "E-mail",
    "항목_4": "swchoi@jbnu.ac.kr",
    "항목_5": "전공필수",
    "항목_6": "연구실",
    "항목_7": "담당교수명",
    "항목_8": "연락처",
    "항목_9": "최석우",
    "항목_10": "010-8162-3698",
    "항목_11": "1",
    "항목_12": "3",
    "항목_13": "0000106700",
    "항목_14": "학점",
    "항목_15": "분반",
    "항목_16": "교과목 구분",
    "항목_17": "교과목명",
    "항목_18": "회로이론 1",
    "항목_19": "학과/학년",
    "항목_20": "전기공 2",
    "항목_21": "상담가능시간",
    "항목_22": "수 오전 10시~12시",
    "항목_23": "1. 강의 기본정보",
    "항목_24": "강의실",
    "전주": "공과대학 7호관 124",
    "항목_26": "요일/시간",
    "항목_27": "화 6-B,화 7-A,화 7-B,목 8-A,목 8-B,목 9-A",
    "항목_28": "수업목표",
    "항목_29": "회로이론은 전기 및 전자공학 분야에서 가장 기본이 되는 회로의 해석 및 설계를 체계화한 학문으로 전기공학 전공 학생들은 반드시 수강해야 할 필수과목이다.\n본 강의에서는 선형회로의 해석법을 중점으로 회로의 변수들은 무엇인지, 회로의 구성요소들은 어떠한 것들이 있는지, 또한 수동소자와 능동소자는 어떻게 동작하는지 학습한다.\n그리고 회로해석에 필요한 원리와 법칙들을 공부하고 문제 풀이를 통해 회로변수들을 구해보고, 에너지 저장소자의 전기적 특성에 대해 학습한다."
  },
  "평가방법": {
    "항목_0": "A(%)",
    "항목_1": "A+B(%)",
    "항목_2": "C이하(%)",
    "항목_3": "총비율",
    "항목_4": "40",
    "항목_5": "80",
    "항목_6": "20",
    "항목_7": "100%",
    "항목_8": "절대평가 기준",
    "항목_9": "상대평가 비율",
    "항목_10": "상대평가Ⅱ",
    "항목_11": "- 강의",
    "항목_12": "√",
    "항목_13": "√",
    "기타": "",
    "항목_15": "- 과제",
    "항목_16": "√",
    "항목_17": "* 장애학생 교수학습지원 사항",
    "항목_18": "- 평가",
    "항목_19": "√",
    "항목_20": "참고\n사항",
    "항목_21": "강의 파일, 자료 등 제공",
    "항목_22": "좌석배치(지정좌석) 조정",
    "항목_23": "과제 제출기한 연장",
    "항목_24": "대안적 과제 제시",
    "항목_25": "시험시간 연장",
    "항목_26": "별도의 시험 장소 제공",
    "항목_27": "※ 위 지원사항 등을 포함한 강의, 과제, 시험 등 학습과정에서 장애로 인하여 추가 지원이\n     필요한 경우 개강전 담당강사 및 장애학습 지원센터를 통해 문의 바랍니다.",
    "그 외(필요시 자유로이 추가 기술)": "",
    "항목_29": "주별",
    "항목_30": "수업목표",
    "항목_31": "수업내용",
    "항목_32": "수업방식",
    "항목_33": "주별 강의내용",
    "항목_34": "자료, 과제 및\n기타 참고사항",
    "항목_35": "온라인",
    "항목_36": "오프라인",
    "항목_37": "수업방식별시간"
  },
  "핵심역량": {
    "항목_0": "직전강의평가\n및\nCQI반영사항",
    "항목_1": "- 한학기 동안 임시시험 2회, 중간고사, 기말고사가 수강학생에게 부담이 있어서 임시시험을 1회로 축소할 예정임.\n- 2개 분반 펑가에서 수학능력이 차이가 발생하므로 최종성적은 2개 분반을 합반하여 상대평가를 실시함.\n- 전공 기초교과목인 회로이론1의 학업성취도 매우 중요하므로 모든 학생이 자기주도적으로 학습할 수 있도록 동영상 강의자료를 제공함.",
    "항목_2": "구분",
    "항목_3": "소통역량",
    "항목_4": "창의역량",
    "항목_5": "인성역량",
    "항목_6": "실무역량",
    "항목_7": "도전역량",
    "항목_8": "문화역량",
    "항목_9": "합계",
    "항목_10": "대표역량",
    "항목_11": "비율(%)",
    "항목_12": "0",
    "항목_13": "30",
    "항목_14": "10",
    "항목_15": "50",
    "항목_16": "10",
    "항목_17": "0",
    "항목_18": "100",
    "항목_19": "교과목간의\n연계성",
    "항목_20": "주교재",
    "항목_21": "저자",
    "항목_22": "참고자료",
    "항목_23": "R. C. Dorf and J. A. Svoboda",
    "항목_24": "출판사",
    "항목_25": "WILEY",
    "항목_26": "출판년도",
    "항목_27": "2018",
    "항목_28": "교재언어",
    "항목_29": "권장 선수과목",
    "항목_30": "강의언어",
    "항목_31": "한국어",
    "항목_32": "필요 기자재",
    "항목_33": "권장 후수과목",
    "항목_34": "DA",
    "항목_35": "수업방식\n(복수가능√)",
    "항목_36": "강의",
    "항목_37": "발표/토론",
    "항목_38": "PBL",
    "항목_39": "플립러닝",
    "항목_40": "LMS활용",
    "항목_41": "실험실습",
    "항목_42": "기타",
    "항목_43": "√",
    "항목_44": "√",
    "항목_45": "수업운영방향",
    "항목_46": "평가계획\n(100%)",
    "항목_47": "중간",
    "항목_48": "기말",
    "항목_49": "출석",
    "항목_50": "과제물",
    "항목_51": "안전교육",
    "항목_52": "발표/토론",
    "항목_53": "수업태도",
    "항목_54": "기타",
    "항목_55": "30%",
    "항목_56": "30%",
    "항목_57": "10%",
    "항목_58": "10%",
    "항목_59": "0%",
    "항목_60": "%",
    "항목_61": "0%",
    "항목_62": "0%",
    "항목_63": "평가참고사항"
  }
}