{
  "기본정보": {
    "항목_0": "1 / 2",
    "항목_1": "전북대학교 강의계획서 (2025년 1학기)",
    "항목_2": "교과목 코드",
    "항목_3": "E-mail",
    "항목_4": "songjh@jbnu.ac.kr",
    "항목_5": "전공선택",
    "항목_6": "연구실",
    "항목_7": "공대3호관 204호",
    "항목_8": "담당교수명",
    "항목_9": "연락처",
    "항목_10": "송제호",
    "항목_11": "063-270-4777",
    "항목_12": "1",
    "항목_13": "3",
    "항목_14": "0000105570",
    "항목_15": "학점",
    "항목_16": "분반",
    "항목_17": "교과목 구분",
    "항목_18": "교과목명",
    "항목_19": "초고주파공학",
    "항목_20": "학과/학년",
    "항목_21": "융합기술공학부(IT응용시스템공학) 3",
    "항목_22": "상담가능시간",
    "화요일 09": "00~12:00",
    "항목_24": "1. 강의 기본정보",
    "항목_25": "강의실",
    "전주": "공과대학 6호관 B16",
    "항목_27": "요일/시간",
    "항목_28": "월 1-A,월 1-B,월 2-A,월 2-B,수 1-A,수 1-B",
    "항목_29": "수업목표",
    "항목_30": "초고주파공학은 전기장과 자기장 이론을 기초로 하여, 초고주파 재료기술, 소자기술,  회로설계기술, 그리고 시스템 운용 기술에 필요한 개념과 이론 그리고 응용기술을 배우는 광범위한 분야로 장래 고속화, 지능화, 개인화 기술이  요구됨에 따라 모든 기술의 성능과 기능을 확대시키기 위해 초고주파 기술이 새롭게 요구되어 원리와 응용을 쉽게 해석하는데 수업의 목표를 둔다."
  },
  "평가방법": {
    "항목_0": "A(%)",
    "항목_1": "A+B(%)",
    "항목_2": "C이하(%)",
    "항목_3": "총비율",
    "항목_4": "100%",
    "항목_5": "절대평가 기준",
    "항목_6": "상대평가 비율",
    "항목_7": "상대평가Ⅰ(A30%)",
    "항목_8": "- 강의",
    "항목_9": "√",
    "기타": "",
    "항목_11": "- 과제",
    "항목_12": "√",
    "항목_13": "* 장애학생 교수학습지원 사항",
    "항목_14": "- 평가",
    "항목_15": "√",
    "항목_16": "참고\n사항",
    "항목_17": "강의 파일, 자료 등 제공",
    "항목_18": "좌석배치(지정좌석) 조정",
    "항목_19": "과제 제출기한 연장",
    "항목_20": "대안적 과제 제시",
    "항목_21": "시험시간 연장",
    "항목_22": "별도의 시험 장소 제공",
    "항목_23": "※ 위 지원사항 등을 포함한 강의, 과제, 시험 등 학습과정에서 장애로 인하여 추가 지원이\n     필요한 경우 개강전 담당강사 및 장애학습 지원센터를 통해 문의 바랍니다.",
    "그 외(필요시 자유로이 추가 기술)": "",
    "항목_25": "주별",
    "항목_26": "수업목표",
    "항목_27": "수업내용",
    "항목_28": "수업방식",
    "항목_29": "주별 강의내용",
    "항목_30": "자료, 과제 및\n기타 참고사항",
    "항목_31": "온라인",
    "항목_32": "오프라인",
    "항목_33": "수업방식별시간",
    "항목_34": "1주",
    "항목_35": "1장. 초고주파공학 개요\n사전이해도 조사",
    "항목_36": "강의"
  },
  "핵심역량": {
    "항목_0": "직전강의평가\n및\nCQI반영사항",
    "항목_1": "① TA를 배정 받았다.\n② 분반별 수강인원을 14명 배정 받았다.\n③ 사전 이해도 조사 실시. \n④ 복학생들을 대상으로 하는 특강을 통한 사전교육 실시.",
    "항목_2": "구분",
    "항목_3": "소통역량",
    "항목_4": "창의역량",
    "항목_5": "인성역량",
    "항목_6": "실무역량",
    "항목_7": "도전역량",
    "항목_8": "문화역량",
    "항목_9": "합계",
    "항목_10": "대표역량",
    "항목_11": "비율(%)",
    "항목_12": "0",
    "항목_13": "80",
    "항목_14": "0",
    "항목_15": "20",
    "항목_16": "0",
    "항목_17": "0",
    "항목_18": "100",
    "항목_19": "교과목간의\n연계성",
    "항목_20": "주교재",
    "항목_21": "저자",
    "항목_22": "참고자료",
    "항목_23": "정동호",
    "항목_24": "출판사",
    "항목_25": "홍릉과학",
    "항목_26": "출판년도",
    "항목_27": "2008",
    "항목_28": "교재언어",
    "항목_29": "권장 선수과목",
    "항목_30": "강의언어",
    "항목_31": "한국어",
    "항목_32": "필요 기자재",
    "항목_33": "권장 후수과목",
    "항목_34": "DA",
    "항목_35": "수업방식\n(복수가능√)",
    "항목_36": "강의",
    "항목_37": "발표/토론",
    "항목_38": "PBL",
    "항목_39": "플립러닝",
    "항목_40": "LMS활용",
    "항목_41": "실험실습",
    "항목_42": "기타",
    "항목_43": "√",
    "항목_44": "수업운영방향",
    "항목_45": "평가계획\n(100%)",
    "항목_46": "중간",
    "항목_47": "기말",
    "항목_48": "출석",
    "항목_49": "과제물",
    "항목_50": "안전교육",
    "항목_51": "발표/토론",
    "항목_52": "수업태도",
    "항목_53": "기타",
    "항목_54": "30%",
    "항목_55": "30%",
    "항목_56": "20%",
    "항목_57": "10%",
    "항목_58": "%",
    "항목_59": "%",
    "항목_60": "%",
    "항목_61": "%",
    "항목_62": "평가참고사항"
  }
}