{
  "기본정보": {
    "항목_0": "1 / 2",
    "항목_1": "전북대학교 강의계획서 (2025년 1학기)",
    "항목_2": "교과목 코드",
    "항목_3": "E-mail",
    "항목_4": "minwoo6050@jbnu.ac.kr",
    "항목_5": "전공선택",
    "항목_6": "연구실",
    "항목_7": "대형풍동실험센터",
    "항목_8": "담당교수명",
    "항목_9": "연락처",
    "항목_10": "박민우",
    "항목_11": "063-270-4817",
    "항목_12": "2",
    "항목_13": "3",
    "항목_14": "0000100205",
    "항목_15": "학점",
    "항목_16": "분반",
    "항목_17": "교과목 구분",
    "항목_18": "교과목명",
    "항목_19": "건축구조역학 2",
    "항목_20": "학과/학년",
    "항목_21": "건축공 2",
    "항목_22": "상담가능시간",
    "월,수(16": "00~17:00)",
    "항목_24": "1. 강의 기본정보",
    "항목_25": "강의실",
    "전주": "공과대학 1호관 360",
    "항목_27": "요일/시간",
    "항목_28": "화 3-A,화 3-B,목 1-A,목 1-B,목 2-A,목 2-B",
    "항목_29": "수업목표",
    "항목_30": "수업목표, 구조물의 변형과 처짐에 대한 해석과, 부정정 구조물의 해석을 위한 이론을 다룬다."
  },
  "평가방법": {
    "항목_0": "A(%)",
    "항목_1": "A+B(%)",
    "항목_2": "C이하(%)",
    "항목_3": "총비율",
    "항목_4": "100%",
    "항목_5": "절대평가 기준",
    "항목_6": "상대평가 비율",
    "항목_7": "상대평가Ⅰ(A30%)",
    "항목_8": "- 강의",
    "기타": "",
    "항목_10": "- 과제",
    "항목_11": "* 장애학생 교수학습지원 사항",
    "항목_12": "- 평가",
    "항목_13": "참고\n사항",
    "항목_14": "강의 파일, 자료 등 제공",
    "항목_15": "좌석배치(지정좌석) 조정",
    "항목_16": "과제 제출기한 연장",
    "항목_17": "대안적 과제 제시",
    "항목_18": "시험시간 연장",
    "항목_19": "별도의 시험 장소 제공",
    "항목_20": "※ 위 지원사항 등을 포함한 강의, 과제, 시험 등 학습과정에서 장애로 인하여 추가 지원이\n     필요한 경우 개강전 담당강사 및 장애학습 지원센터를 통해 문의 바랍니다.",
    "항목_21": "√",
    "그 외(필요시 자유로이 추가 기술)": "",
    "항목_23": "주별",
    "항목_24": "수업목표",
    "항목_25": "수업내용",
    "항목_26": "수업방식",
    "항목_27": "주별 강의내용",
    "항목_28": "자료, 과제 및\n기타 참고사항",
    "항목_29": "온라인",
    "항목_30": "오프라인",
    "항목_31": "수업방식별시간",
    "항목_32": "1주",
    "항목_33": "구조물의 변형(탄성보 해석)",
    "항목_34": "강의,사전이해도조사"
  },
  "핵심역량": {
    "항목_0": "직전강의평가\n및\nCQI반영사항",
    "항목_1": "직전 강의평가 반영사항 없음.",
    "항목_2": "구분",
    "항목_3": "소통역량",
    "항목_4": "창의역량",
    "항목_5": "인성역량",
    "항목_6": "실무역량",
    "항목_7": "도전역량",
    "항목_8": "문화역량",
    "항목_9": "합계",
    "항목_10": "대표역량",
    "항목_11": "비율(%)",
    "항목_12": "30",
    "항목_13": "30",
    "항목_14": "10",
    "항목_15": "10",
    "항목_16": "10",
    "항목_17": "10",
    "항목_18": "100",
    "항목_19": "교과목간의\n연계성",
    "항목_20": "주교재",
    "항목_21": "저자",
    "항목_22": "참고자료",
    "항목_23": "A. Kassimali",
    "항목_24": "출판사",
    "항목_25": "CENCAGE",
    "항목_26": "출판년도",
    "항목_27": "2018",
    "항목_28": "교재언어",
    "항목_29": "권장 선수과목",
    "항목_30": "강의언어",
    "항목_31": "한국어",
    "항목_32": "필요 기자재",
    "항목_33": "건축구조역학1",
    "항목_34": "권장 후수과목",
    "항목_35": "DA",
    "항목_36": "수업방식\n(복수가능√)",
    "항목_37": "강의",
    "항목_38": "발표/토론",
    "항목_39": "PBL",
    "항목_40": "플립러닝",
    "항목_41": "LMS활용",
    "항목_42": "실험실습",
    "항목_43": "기타",
    "항목_44": "√",
    "항목_45": "수업운영방향",
    "항목_46": "평가계획\n(100%)",
    "항목_47": "중간",
    "항목_48": "기말",
    "항목_49": "출석",
    "항목_50": "과제물",
    "항목_51": "안전교육",
    "항목_52": "발표/토론",
    "항목_53": "수업태도",
    "항목_54": "기타",
    "항목_55": "35%",
    "항목_56": "35%",
    "항목_57": "10%",
    "항목_58": "20%",
    "항목_59": "%",
    "항목_60": "%",
    "항목_61": "%",
    "항목_62": "%",
    "항목_63": "평가참고사항"
  }
}