{
  "기본정보": {
    "항목_0": "1 / 2",
    "항목_1": "전북대학교 강의계획서 (2025년 1학기)",
    "항목_2": "교과목 코드",
    "항목_3": "E-mail",
    "항목_4": "chosh@jbnu.ac.kr",
    "항목_5": "전공선택",
    "항목_6": "연구실",
    "항목_7": "담당교수명",
    "항목_8": "연락처",
    "항목_9": "조상호",
    "항목_10": "01036534366",
    "항목_11": "1",
    "항목_12": "3",
    "항목_13": "0000128972",
    "항목_14": "학점",
    "항목_15": "분반",
    "항목_16": "교과목 구분",
    "항목_17": "교과목명",
    "항목_18": "스마트마이닝설계",
    "항목_19": "학과/학년",
    "항목_20": "토목/환경/자원.에너지공학부(자원.에너지공학) 4",
    "항목_21": "상담가능시간",
    "항목_22": "수요일(15시-16시)",
    "항목_23": "1. 강의 기본정보",
    "항목_24": "강의실",
    "전주": "공과대학 2호관 401",
    "항목_26": "요일/시간",
    "항목_27": "월 8-A,월 8-B,월 9-A,월 9-B,수 8-A,수 8-B,수 9-A,수 9-B",
    "항목_28": "수업목표",
    "항목_29": "스마트마이닝은 ICT기술을 활용하여 광산개발을 보다더 효율적으로 관리하고 생산성을 높이기 위한 목적으로 전세계적으로 확대되고 있는 분야이다.  핵심전략광물 및 에너지자원관련 공기업 및 중견이상 상 기업 면접시 필수적인 광산평가 VR 모델링 소프트웨어를 실습하여, 광물자원의 매장량을 평가하고 개발 타당성을 분석한다. 입력자료료는 드론탐사, 지질탐사 자료를 활용하고, 자원개발시스템을 적용한 경재성 평가를 진행한다. You will learn a building in formation modeling and mine planning software platform offering integrated solutions for exploration, modeling, design, scheduling, and production. The course content is designed to cover the mining development and mine planning issues."
  },
  "평가방법": {
    "항목_0": "A(%)",
    "항목_1": "A+B(%)",
    "항목_2": "C이하(%)",
    "항목_3": "총비율",
    "항목_4": "100%",
    "항목_5": "절대평가 기준",
    "항목_6": "상대평가 비율",
    "항목_7": "상대평가Ⅰ(A30%)",
    "항목_8": "- 강의",
    "항목_9": "√",
    "기타": "",
    "항목_11": "- 과제",
    "항목_12": "√",
    "항목_13": "* 장애학생 교수학습지원 사항",
    "항목_14": "- 평가",
    "항목_15": "√",
    "항목_16": "√",
    "항목_17": "참고\n사항",
    "항목_18": "강의 파일, 자료 등 제공",
    "항목_19": "좌석배치(지정좌석) 조정",
    "항목_20": "과제 제출기한 연장",
    "항목_21": "대안적 과제 제시",
    "항목_22": "시험시간 연장",
    "항목_23": "별도의 시험 장소 제공",
    "항목_24": "※ 위 지원사항 등을 포함한 강의, 과제, 시험 등 학습과정에서 장애로 인하여 추가 지원이\n     필요한 경우 개강전 담당강사 및 장애학습 지원센터를 통해 문의 바랍니다.",
    "그 외(필요시 자유로이 추가 기술)": "",
    "항목_26": "주별",
    "항목_27": "수업목표",
    "항목_28": "수업내용",
    "항목_29": "수업방식",
    "항목_30": "주별 강의내용",
    "항목_31": "자료, 과제 및\n기타 참고사항",
    "항목_32": "온라인",
    "항목_33": "오프라인",
    "항목_34": "수업방식별시간"
  },
  "핵심역량": {
    "항목_0": "직전강의평가\n및\nCQI반영사항",
    "항목_1": "해당없음",
    "항목_2": "구분",
    "항목_3": "소통역량",
    "항목_4": "창의역량",
    "항목_5": "인성역량",
    "항목_6": "실무역량",
    "항목_7": "도전역량",
    "항목_8": "문화역량",
    "항목_9": "합계",
    "항목_10": "대표역량",
    "항목_11": "비율(%)",
    "항목_12": "20",
    "항목_13": "20",
    "항목_14": "10",
    "항목_15": "30",
    "항목_16": "10",
    "항목_17": "10",
    "항목_18": "100",
    "항목_19": "교과목간의\n연계성",
    "항목_20": "주교재",
    "항목_21": "스마트 마이닝 자료획득 및 설계 실습",
    "항목_22": "저자",
    "항목_23": "참고자료",
    "항목_24": "NCS 자원개발 및 발파관련 학습자료",
    "항목_25": "조상호",
    "항목_26": "출판사",
    "항목_27": "전북대학교",
    "항목_28": "출판년도",
    "항목_29": "2025",
    "항목_30": "교재언어",
    "항목_31": "권장 선수과목",
    "항목_32": "한국어",
    "항목_33": "강의언어",
    "항목_34": "한국어",
    "항목_35": "필요 기자재",
    "항목_36": "Dimine Software, Surpac, Drone with Lidar and Camera, ItwinCapture, Terra Softwa",
    "항목_37": "드론측량굴착공학",
    "항목_38": "권장 후수과목",
    "항목_39": "DA",
    "항목_40": "수업방식\n(복수가능√)",
    "항목_41": "강의",
    "항목_42": "발표/토론",
    "항목_43": "PBL",
    "항목_44": "플립러닝",
    "항목_45": "LMS활용",
    "항목_46": "실험실습",
    "항목_47": "기타",
    "항목_48": "√",
    "항목_49": "√",
    "항목_50": "√",
    "항목_51": "√",
    "항목_52": "수업운영방향",
    "항목_53": "평가계획\n(100%)",
    "항목_54": "중간",
    "항목_55": "기말",
    "항목_56": "출석",
    "항목_57": "과제물",
    "항목_58": "안전교육",
    "항목_59": "발표/토론",
    "항목_60": "수업태도",
    "항목_61": "기타",
    "항목_62": "20%",
    "항목_63": "30%",
    "항목_64": "20%",
    "항목_65": "25%",
    "항목_66": "5%",
    "항목_67": "0%",
    "항목_68": "0%",
    "항목_69": "0%",
    "항목_70": "평가참고사항",
    "항목_71": "상대평가실시"
  }
}