{
  "기본정보": {
    "항목_0": "1 / 2",
    "항목_1": "전북대학교 강의계획서 (2025년 1학기)",
    "항목_2": "교과목 코드",
    "항목_3": "E-mail",
    "항목_4": "hmino@jbnu.ac.kr",
    "항목_5": "전공선택",
    "항목_6": "연구실",
    "항목_7": "공대5호관 504-1호",
    "항목_8": "담당교수명",
    "항목_9": "연락처",
    "항목_10": "노혜민",
    "항목_11": "063-270-3613",
    "항목_12": "1",
    "항목_13": "3",
    "항목_14": "0000121574",
    "항목_15": "학점",
    "항목_16": "분반",
    "항목_17": "교과목 구분",
    "항목_18": "교과목명",
    "항목_19": "소프트웨어개발프로세스",
    "항목_20": "학과/학년",
    "항목_21": "소프트웨어공 3",
    "항목_22": "상담가능시간",
    "수요일 16": "00~18:00",
    "항목_24": "1. 강의 기본정보",
    "항목_25": "강의실",
    "전주": "공과대학 5호관 507",
    "항목_27": "요일/시간",
    "항목_28": "수 2-A,수 2-B,금 1-A,금 1-B,금 2-A,금 2-B",
    "항목_29": "수업목표",
    "항목_30": "소프트웨어 개발 프로세스는 소프트웨어 프로덕트를 개발하기 위하여 필요한 과정 또는 구조이며, 고전적 모델들과 근래에 이슈화 되고 있는 몇 가지 모델들이 존재하며 이들 각각은 해당 단계별로 요구되는 활동이나 작업을 기술하고 있다. 본 강좌에서는 애자일 방법론을 기반으로 하는 소프트웨어 개발 프로세스들을 중심으로 대규모 프로젝트에서 빈번하고 중요하게 발생하는 문제점들을 해결하기 위한 프로세스적 접근 방법들을 제시하고 아울러 설계 단계에서 고려되어야 할 설계 원칙들을 소개한다. 이를 통해 향 후 팀으로 수행되는 프로젝트에서 진행되는 각각의 프로세스를 이해하고 이를 적용 및 개선할 수 있는 능력을 갖추도록 한다."
  },
  "평가방법": {
    "항목_0": "A(%)",
    "항목_1": "A+B(%)",
    "항목_2": "C이하(%)",
    "항목_3": "총비율",
    "항목_4": "0",
    "항목_5": "0",
    "항목_6": "0",
    "항목_7": "100%",
    "항목_8": "절대평가 기준",
    "항목_9": "상대평가 비율",
    "항목_10": "상대평가Ⅰ(A30%)",
    "항목_11": "- 강의",
    "항목_12": "√",
    "기타": "",
    "항목_14": "- 과제",
    "항목_15": "√",
    "항목_16": "* 장애학생 교수학습지원 사항",
    "항목_17": "- 평가",
    "항목_18": "√",
    "항목_19": "참고\n사항",
    "항목_20": "강의 파일, 자료 등 제공",
    "항목_21": "좌석배치(지정좌석) 조정",
    "항목_22": "과제 제출기한 연장",
    "항목_23": "대안적 과제 제시",
    "항목_24": "시험시간 연장",
    "항목_25": "별도의 시험 장소 제공",
    "항목_26": "※ 위 지원사항 등을 포함한 강의, 과제, 시험 등 학습과정에서 장애로 인하여 추가 지원이\n     필요한 경우 개강전 담당강사 및 장애학습 지원센터를 통해 문의 바랍니다.",
    "그 외(필요시 자유로이 추가 기술)": "",
    "항목_28": "주별",
    "항목_29": "수업목표",
    "항목_30": "수업내용",
    "항목_31": "수업방식",
    "항목_32": "주별 강의내용",
    "항목_33": "자료, 과제 및\n기타 참고사항",
    "항목_34": "온라인",
    "항목_35": "오프라인",
    "항목_36": "수업방식별시간"
  },
  "핵심역량": {
    "항목_0": "직전강의평가\n및\nCQI반영사항",
    "항목_1": "없음",
    "항목_2": "구분",
    "항목_3": "소통역량",
    "항목_4": "창의역량",
    "항목_5": "인성역량",
    "항목_6": "실무역량",
    "항목_7": "도전역량",
    "항목_8": "문화역량",
    "항목_9": "합계",
    "항목_10": "대표역량",
    "항목_11": "비율(%)",
    "항목_12": "0",
    "항목_13": "70",
    "항목_14": "0",
    "항목_15": "10",
    "항목_16": "20",
    "항목_17": "0",
    "항목_18": "100",
    "항목_19": "교과목간의\n연계성",
    "항목_20": "주교재",
    "Scaling Software Agility": "Best Practices for Large Enterprises",
    "항목_22": "저자",
    "항목_23": "참고자료",
    "항목_24": "Dean Leffingwell",
    "항목_25": "출판사",
    "항목_26": "Addison-Wesley",
    "항목_27": "출판년도",
    "항목_28": "2007",
    "항목_29": "교재언어",
    "항목_30": "권장 선수과목",
    "항목_31": "영어",
    "항목_32": "강의언어",
    "항목_33": "한국어",
    "항목_34": "필요 기자재",
    "항목_35": "소프트웨어공학개론",
    "항목_36": "권장 후수과목",
    "항목_37": "DA",
    "항목_38": "수업방식\n(복수가능√)",
    "항목_39": "강의",
    "항목_40": "발표/토론",
    "항목_41": "PBL",
    "항목_42": "플립러닝",
    "항목_43": "LMS활용",
    "항목_44": "실험실습",
    "항목_45": "기타",
    "항목_46": "√",
    "항목_47": "√",
    "항목_48": "수업운영방향",
    "항목_49": "평가계획\n(100%)",
    "항목_50": "중간",
    "항목_51": "기말",
    "항목_52": "출석",
    "항목_53": "과제물",
    "항목_54": "안전교육",
    "항목_55": "발표/토론",
    "항목_56": "수업태도",
    "항목_57": "기타",
    "항목_58": "30%",
    "항목_59": "30%",
    "항목_60": "10%",
    "항목_61": "20%",
    "항목_62": "0%",
    "항목_63": "0%",
    "항목_64": "10%",
    "항목_65": "0%",
    "항목_66": "평가참고사항"
  }
}