{
  "기본정보": {
    "항목_0": "1 / 2",
    "항목_1": "전북대학교 강의계획서 (2025년 1학기)",
    "항목_2": "교과목 코드",
    "항목_3": "E-mail",
    "항목_4": "ssai1020@naver.com",
    "항목_5": "전공선택",
    "항목_6": "연구실",
    "항목_7": "담당교수명",
    "항목_8": "연락처",
    "항목_9": "최장기",
    "항목_10": "063-270-4225",
    "항목_11": "1",
    "항목_12": "3",
    "항목_13": "0000115287",
    "항목_14": "학점",
    "항목_15": "분반",
    "항목_16": "교과목 구분",
    "항목_17": "교과목명",
    "항목_18": "기계재료학",
    "항목_19": "학과/학년",
    "항목_20": "융합기술공학부(IT융합기전차공학) 2",
    "항목_21": "상담가능시간",
    "항목_22": "1. 강의 기본정보",
    "항목_23": "강의실",
    "전주": "공과대학 4호관 419",
    "항목_25": "요일/시간",
    "항목_26": "화 6-A,화 6-B,화 7-A,화 7-B,화 8-A,화 8-B",
    "항목_27": "수업목표",
    "항목_28": "1. 기계재료의 기본 이론 이해\n기계재료의 물리적, 화학적, 기계적 특성을 학습하고, 이들의 상호 작용이 제품 설계 및 제조에 미치는 영향을 이해한다.\n2. 재료 선택 능력 배양\n다양한 기계재료의 특성을 비교하고, 설계 조건에 적합한 재료를 선택할 수 있는 능력을 기른다\n3. 재료 시험 및 평가 능력 함양\n재료의 강도, 경도, 내열성, 피로 특성 등을 시험하고 평가하는 방법을 학습하여 실제 응용 상황에서 적합한 재료를 판별할 수 있는 능력을 배양한다.\n4. 현대 공학에서의 기계재료 활용 사례 탐구\n첨단 기술 및 산업 분야에서 기계재료가 활용되는 사례를 탐구하고, 재료 공학의 최신 트렌드에 대해 이해한다."
  },
  "평가방법": {
    "항목_0": "A(%)",
    "항목_1": "A+B(%)",
    "항목_2": "C이하(%)",
    "항목_3": "총비율",
    "항목_4": "0",
    "항목_5": "0",
    "항목_6": "0",
    "항목_7": "100%",
    "항목_8": "절대평가 기준",
    "항목_9": "상대평가 비율",
    "항목_10": "상대평가Ⅰ(A30%)",
    "항목_11": "- 강의",
    "항목_12": "√",
    "항목_13": "√",
    "기타": "",
    "항목_15": "- 과제",
    "항목_16": "√",
    "항목_17": "* 장애학생 교수학습지원 사항",
    "항목_18": "- 평가",
    "항목_19": "√",
    "항목_20": "√",
    "항목_21": "참고\n사항",
    "항목_22": "강의 파일, 자료 등 제공",
    "항목_23": "좌석배치(지정좌석) 조정",
    "항목_24": "과제 제출기한 연장",
    "항목_25": "대안적 과제 제시",
    "항목_26": "시험시간 연장",
    "항목_27": "별도의 시험 장소 제공",
    "항목_28": "※ 위 지원사항 등을 포함한 강의, 과제, 시험 등 학습과정에서 장애로 인하여 추가 지원이\n     필요한 경우 개강전 담당강사 및 장애학습 지원센터를 통해 문의 바랍니다.",
    "그 외(필요시 자유로이 추가 기술)": "",
    "항목_30": "주별",
    "항목_31": "수업목표",
    "항목_32": "수업내용",
    "항목_33": "수업방식",
    "항목_34": "주별 강의내용",
    "항목_35": "자료, 과제 및\n기타 참고사항",
    "항목_36": "온라인",
    "항목_37": "오프라인",
    "항목_38": "수업방식별시간"
  },
  "핵심역량": {
    "항목_0": "직전강의평가\n및\nCQI반영사항",
    "항목_1": "없음",
    "항목_2": "구분",
    "항목_3": "소통역량",
    "항목_4": "창의역량",
    "항목_5": "인성역량",
    "항목_6": "실무역량",
    "항목_7": "도전역량",
    "항목_8": "문화역량",
    "항목_9": "합계",
    "항목_10": "대표역량",
    "항목_11": "비율(%)",
    "항목_12": "20",
    "항목_13": "20",
    "항목_14": "10",
    "항목_15": "30",
    "항목_16": "20",
    "항목_17": "0",
    "항목_18": "100",
    "항목_19": "교과목간의\n연계성",
    "항목_20": "주교재",
    "항목_21": "기계재료학",
    "항목_22": "저자",
    "항목_23": "참고자료",
    "항목_24": "한국재료연구원(KIMS)",
    "항목_25": "최갑송",
    "항목_26": "출판사",
    "항목_27": "진샘미디어",
    "항목_28": "출판년도",
    "항목_29": "2023.02",
    "항목_30": "교재언어",
    "항목_31": "권장 선수과목",
    "항목_32": "한국어",
    "항목_33": "강의언어",
    "항목_34": "한국어",
    "항목_35": "필요 기자재",
    "항목_36": "없음",
    "항목_37": "권장 후수과목",
    "항목_38": "DA",
    "항목_39": "수업방식\n(복수가능√)",
    "항목_40": "강의",
    "항목_41": "발표/토론",
    "항목_42": "PBL",
    "항목_43": "플립러닝",
    "항목_44": "LMS활용",
    "항목_45": "실험실습",
    "항목_46": "기타",
    "항목_47": "√",
    "항목_48": "√",
    "항목_49": "√",
    "항목_50": "수업운영방향",
    "항목_51": "평가계획\n(100%)",
    "항목_52": "중간",
    "항목_53": "기말",
    "항목_54": "출석",
    "항목_55": "과제물",
    "항목_56": "안전교육",
    "항목_57": "발표/토론",
    "항목_58": "수업태도",
    "항목_59": "기타",
    "항목_60": "20%",
    "항목_61": "20%",
    "항목_62": "5%",
    "항목_63": "0%",
    "항목_64": "0%",
    "항목_65": "20%",
    "항목_66": "5%",
    "항목_67": "30%",
    "항목_68": "평가참고사항",
    "항목_69": "기타(과정형 평가 2회, 각각 15점)"
  }
}