{
  "기본정보": {
    "항목_0": "1 / 2",
    "항목_1": "전북대학교 강의계획서 (2025년 1학기)",
    "항목_2": "교과목 코드",
    "항목_3": "E-mail",
    "항목_4": "cobra9@hanmail.net",
    "항목_5": "전공선택",
    "항목_6": "연구실",
    "항목_7": "공대4호관 316호",
    "항목_8": "담당교수명",
    "항목_9": "연락처",
    "항목_10": "최영하",
    "항목_11": "010-2725-7844",
    "항목_12": "2",
    "항목_13": "3",
    "항목_14": "0000104568",
    "항목_15": "학점",
    "항목_16": "분반",
    "항목_17": "교과목 구분",
    "항목_18": "교과목명",
    "항목_19": "재료강도학",
    "항목_20": "학과/학년",
    "항목_21": "융합기술공학부(IT융합기전공학)(재) 4",
    "항목_22": "상담가능시간",
    "화요일, 수요일 18": "00~21:00",
    "항목_24": "1. 강의 기본정보",
    "항목_25": "강의실",
    "새만금": "캠퍼스관 310",
    "항목_27": "요일/시간",
    "항목_28": "토 2-A,토 2-B,토 3-A,토 3-B,토 4-A,토 4-B",
    "항목_29": "수업목표",
    "항목_30": "재료강도학이란 고체재료의 여러가지 기계적인 현상을 강도적인 측면에서 다루는 과목이다.  \n재료강도의 원천을 이해하기 위해서는 원자 사이의 결합력과 전위 현상에 대한 이해가 필요하다. \n재료강도의 이해는 소성가공, 기계가공, 파괴역학 등의 분야를 공부하는데도 필수적이다. \n본 과목의 목표는 스마트제조 고급인력 양성을 위해 재료 강도와 탄성, 소성, 전위, 재료의 강화, 파괴, 피로 등의  관련된 다양한 기계적인 특성을 이해하고 숙지하는데 있다."
  },
  "평가방법": {
    "항목_0": "A(%)",
    "항목_1": "A+B(%)",
    "항목_2": "C이하(%)",
    "항목_3": "총비율",
    "항목_4": "0",
    "항목_5": "0",
    "항목_6": "0",
    "항목_7": "100%",
    "항목_8": "절대평가 기준",
    "항목_9": "상대평가 비율",
    "항목_10": "상대평가Ⅰ(A40%)",
    "항목_11": "- 강의",
    "항목_12": "√",
    "기타": "",
    "항목_14": "- 과제",
    "항목_15": "√",
    "항목_16": "* 장애학생 교수학습지원 사항",
    "항목_17": "- 평가",
    "항목_18": "√",
    "항목_19": "√",
    "항목_20": "참고\n사항",
    "항목_21": "강의 파일, 자료 등 제공",
    "항목_22": "좌석배치(지정좌석) 조정",
    "항목_23": "과제 제출기한 연장",
    "항목_24": "대안적 과제 제시",
    "항목_25": "시험시간 연장",
    "항목_26": "별도의 시험 장소 제공",
    "항목_27": "※ 위 지원사항 등을 포함한 강의, 과제, 시험 등 학습과정에서 장애로 인하여 추가 지원이\n     필요한 경우 개강전 담당강사 및 장애학습 지원센터를 통해 문의 바랍니다.",
    "그 외(필요시 자유로이 추가 기술)": "",
    "항목_29": "주별",
    "항목_30": "수업목표",
    "항목_31": "수업내용",
    "항목_32": "수업방식",
    "항목_33": "주별 강의내용",
    "항목_34": "자료, 과제 및\n기타 참고사항",
    "항목_35": "온라인",
    "항목_36": "오프라인",
    "항목_37": "수업방식별시간"
  },
  "핵심역량": {
    "항목_0": "직전강의평가\n및\nCQI반영사항",
    "항목_1": "해당 없음",
    "항목_2": "구분",
    "항목_3": "소통역량",
    "항목_4": "창의역량",
    "항목_5": "인성역량",
    "항목_6": "실무역량",
    "항목_7": "도전역량",
    "항목_8": "문화역량",
    "항목_9": "합계",
    "항목_10": "대표역량",
    "항목_11": "비율(%)",
    "항목_12": "20",
    "항목_13": "20",
    "항목_14": "20",
    "항목_15": "20",
    "항목_16": "10",
    "항목_17": "10",
    "항목_18": "100",
    "항목_19": "교과목간의\n연계성",
    "항목_20": "주교재",
    "항목_21": "재료강도학 (제2판)",
    "항목_22": "저자",
    "항목_23": "참고자료",
    "항목_24": "재료강도학-문영훈 외 / 홍릉과학출판사\n재료강도학-최재하 외 / 원창출판사",
    "항목_25": "이동녕",
    "항목_26": "출판사",
    "항목_27": "문운당",
    "항목_28": "출판년도",
    "항목_29": "2013년",
    "항목_30": "교재언어",
    "항목_31": "권장 선수과목",
    "항목_32": "한국어",
    "항목_33": "강의언어",
    "항목_34": "한국어",
    "항목_35": "필요 기자재",
    "항목_36": "해당 없음",
    "항목_37": "공업역학, 공업수학, 고체역학",
    "항목_38": "권장 후수과목",
    "항목_39": "DA",
    "항목_40": "수업방식\n(복수가능√)",
    "항목_41": "강의",
    "항목_42": "발표/토론",
    "항목_43": "PBL",
    "항목_44": "플립러닝",
    "항목_45": "LMS활용",
    "항목_46": "실험실습",
    "항목_47": "기타",
    "항목_48": "√",
    "항목_49": "√",
    "항목_50": "√",
    "항목_51": "수업운영방향",
    "항목_52": "평가계획\n(100%)",
    "항목_53": "중간",
    "항목_54": "기말",
    "항목_55": "출석",
    "항목_56": "과제물",
    "항목_57": "안전교육",
    "항목_58": "발표/토론",
    "항목_59": "수업태도",
    "항목_60": "기타",
    "항목_61": "30%",
    "항목_62": "30%",
    "항목_63": "10%",
    "항목_64": "20%",
    "항목_65": "0%",
    "항목_66": "0%",
    "항목_67": "10%",
    "항목_68": "0%",
    "항목_69": "평가참고사항",
    "항목_70": "-"
  }
}