{
  "기본정보": {
    "항목_0": "1 / 2",
    "항목_1": "전북대학교 강의계획서 (2025년 1학기)",
    "항목_2": "교과목 코드",
    "항목_3": "E-mail",
    "항목_4": "ytkwak@jbnu.ac.kr",
    "항목_5": "전공선택",
    "항목_6": "연구실",
    "항목_7": "공대7호관 427호",
    "항목_8": "담당교수명",
    "항목_9": "연락처",
    "항목_10": "곽영태",
    "항목_11": "063-270-4772",
    "항목_12": "4",
    "항목_13": "3",
    "항목_14": "0000102877",
    "항목_15": "학점",
    "항목_16": "분반",
    "항목_17": "교과목 구분",
    "항목_18": "교과목명",
    "항목_19": "선형대수학",
    "항목_20": "학과/학년",
    "항목_21": "컴퓨터공학부 2,IT정보공학과 2,컴퓨터공학부(컴퓨터) 2,컴퓨터인공지능",
    "항목_22": "상담가능시간",
    "항목_23": "월 1,2교시, 수 2교시",
    "항목_24": "1. 강의 기본정보",
    "항목_25": "강의실",
    "전주": "공과대학 7호관 301",
    "항목_27": "요일/시간",
    "항목_28": "월 3-A,월 3-B,월 4-A,월 4-B,수 3-A,수 3-B",
    "항목_29": "수업목표",
    "항목_30": "선형시스템에 대한 연립방정식의 해를 이해하고, 벡터, 행렬, 벡터의 공간에 대해 공부한다. \n이런 기초적인 행렬이론을 바탕으로 역행렬, 선형변환, 직교행렬, 고유값, 고유벡터에 대한 이론을 습득한다. \n또한, 학습한 행렬이론을 바탕으로 컴퓨터 여러 분야에 대한 응용을 학습한다."
  },
  "평가방법": {
    "항목_0": "A(%)",
    "항목_1": "A+B(%)",
    "항목_2": "C이하(%)",
    "항목_3": "총비율",
    "항목_4": "40",
    "항목_5": "80",
    "항목_6": "20",
    "항목_7": "100%",
    "항목_8": "절대평가 기준",
    "항목_9": "상대평가 비율",
    "항목_10": "상대평가Ⅱ",
    "항목_11": "- 강의",
    "항목_12": "√",
    "기타": "",
    "항목_14": "- 과제",
    "항목_15": "√",
    "항목_16": "* 장애학생 교수학습지원 사항",
    "항목_17": "- 평가",
    "항목_18": "√",
    "항목_19": "참고\n사항",
    "항목_20": "강의 파일, 자료 등 제공",
    "항목_21": "좌석배치(지정좌석) 조정",
    "항목_22": "과제 제출기한 연장",
    "항목_23": "대안적 과제 제시",
    "항목_24": "시험시간 연장",
    "항목_25": "별도의 시험 장소 제공",
    "항목_26": "※ 위 지원사항 등을 포함한 강의, 과제, 시험 등 학습과정에서 장애로 인하여 추가 지원이\n     필요한 경우 개강전 담당강사 및 장애학습 지원센터를 통해 문의 바랍니다.",
    "그 외(필요시 자유로이 추가 기술)": "",
    "항목_28": "주별",
    "항목_29": "수업목표",
    "항목_30": "수업내용",
    "항목_31": "수업방식",
    "항목_32": "주별 강의내용",
    "항목_33": "자료, 과제 및\n기타 참고사항",
    "항목_34": "온라인",
    "항목_35": "오프라인",
    "항목_36": "수업방식별시간",
    "항목_37": "1주",
    "항목_38": "벡터와 행렬",
    "항목_39": "- 벡터와 행렬의 특성 파악\n- 다양한 행렬의 종류 분석\n- 역행렬과 선형방정식",
    "항목_40": "이론"
  },
  "핵심역량": {
    "항목_0": "직전강의평가\n및\nCQI반영사항",
    "항목_1": "없음",
    "항목_2": "구분",
    "항목_3": "소통역량",
    "항목_4": "창의역량",
    "항목_5": "인성역량",
    "항목_6": "실무역량",
    "항목_7": "도전역량",
    "항목_8": "문화역량",
    "항목_9": "합계",
    "항목_10": "대표역량",
    "항목_11": "비율(%)",
    "항목_12": "20",
    "항목_13": "30",
    "항목_14": "5",
    "항목_15": "30",
    "항목_16": "10",
    "항목_17": "5",
    "항목_18": "100",
    "항목_19": "교과목간의\n연계성",
    "항목_20": "주교재",
    "항목_21": "Linear Algebra and Its Applications 5/E-Lay, David C.-Pearson Education Asia -2010",
    "항목_22": "저자",
    "항목_23": "참고자료",
    "항목_24": "선형대수학, 백주훈 , 김정수 , 김홍근 번역, 프로텍미디어(2017)\n선형대수학(제 4판), 김병학외 5인, (2011)\n응용이 보이는 선형대수학, 이건명, 한빛아카데미(2020)",
    "항목_25": "David C. Lay, Steven R. Lay, Judi J. McDonald",
    "항목_26": "출판사",
    "항목_27": "Pearson",
    "항목_28": "출판년도",
    "항목_29": "2015",
    "항목_30": "교재언어",
    "항목_31": "권장 선수과목",
    "항목_32": "한국어",
    "항목_33": "강의언어",
    "항목_34": "한국어",
    "항목_35": "필요 기자재",
    "항목_36": "권장 후수과목",
    "항목_37": "DA",
    "항목_38": "수업방식\n(복수가능√)",
    "항목_39": "강의",
    "항목_40": "발표/토론",
    "항목_41": "PBL",
    "항목_42": "플립러닝",
    "항목_43": "LMS활용",
    "항목_44": "실험실습",
    "항목_45": "기타",
    "항목_46": "√",
    "항목_47": "√",
    "항목_48": "수업운영방향",
    "항목_49": "평가계획\n(100%)",
    "항목_50": "중간",
    "항목_51": "기말",
    "항목_52": "출석",
    "항목_53": "과제물",
    "항목_54": "안전교육",
    "항목_55": "발표/토론",
    "항목_56": "수업태도",
    "항목_57": "기타",
    "항목_58": "40%",
    "항목_59": "40%",
    "항목_60": "10%",
    "항목_61": "10%",
    "항목_62": "0%",
    "항목_63": "0%",
    "항목_64": "0%",
    "항목_65": "0%",
    "항목_66": "평가참고사항",
    "상대평가 비율": "A: 30%, B: 40%, 나머지: 30%"
  }
}