{
  "기본정보": {
    "항목_0": "1 / 2",
    "항목_1": "전북대학교 강의계획서 (2025년 1학기)",
    "항목_2": "교과목 코드",
    "항목_3": "E-mail",
    "항목_4": "stkim@jbnu.ac.kr",
    "항목_5": "전공선택",
    "항목_6": "연구실",
    "항목_7": "공과대학 5호관 511호실",
    "항목_8": "담당교수명",
    "항목_9": "연락처",
    "항목_10": "김순태",
    "항목_11": "063-270-4788",
    "항목_12": "1",
    "항목_13": "3",
    "항목_14": "0000120370",
    "항목_15": "학점",
    "항목_16": "분반",
    "항목_17": "교과목 구분",
    "항목_18": "교과목명",
    "항목_19": "소프트웨어공학캡스톤프로젝트",
    "항목_20": "학과/학년",
    "항목_21": "소프트웨어공 4",
    "항목_22": "상담가능시간",
    "매주 화요일 10": "00~11:50",
    "항목_24": "1. 강의 기본정보",
    "항목_25": "강의실",
    "전주": "공과대학 5호관 507",
    "항목_27": "요일/시간",
    "항목_28": "수 7-A,수 7-B,수 8-A,수 8-B,수 9-A,수 9-B,수 10-A,수 10-B",
    "항목_29": "수업목표",
    "항목_30": "본 과목은 기초설계와 요소설계 교과목에서 학습한 내용을 토대로 종합설계(캡스톤디자인)를 수행하는 교과목으로 소프트웨어 엔지니어로서 소프트웨어를 개발함에 있어서 요구사항 분석, 설계, 구현, 확인 및 검증을  체계적인 프로세스와 유효한 산출물들 생성하는 방법을 통해 익힘으로써 양질의 소프트웨어 프로덕트를 제작할 수 있고, 팀별 협업을 통하여 창의적 아이디어 도출을 위한 의사소통 능력과 협업 능력 배양을 목표로 한다."
  },
  "평가방법": {
    "항목_0": "A(%)",
    "항목_1": "A+B(%)",
    "항목_2": "C이하(%)",
    "항목_3": "총비율",
    "항목_4": "0",
    "항목_5": "0",
    "항목_6": "0",
    "항목_7": "100%",
    "항목_8": "절대평가 기준",
    "항목_9": "상대평가 비율",
    "항목_10": "절대평가",
    "항목_11": "- 강의",
    "기타": "",
    "항목_13": "- 과제",
    "항목_14": "* 장애학생 교수학습지원 사항",
    "항목_15": "- 평가",
    "항목_16": "참고\n사항",
    "항목_17": "강의 파일, 자료 등 제공",
    "항목_18": "좌석배치(지정좌석) 조정",
    "항목_19": "과제 제출기한 연장",
    "항목_20": "대안적 과제 제시",
    "항목_21": "시험시간 연장",
    "항목_22": "별도의 시험 장소 제공",
    "항목_23": "※ 위 지원사항 등을 포함한 강의, 과제, 시험 등 학습과정에서 장애로 인하여 추가 지원이\n     필요한 경우 개강전 담당강사 및 장애학습 지원센터를 통해 문의 바랍니다.",
    "항목_24": "√",
    "그 외(필요시 자유로이 추가 기술)": "",
    "항목_26": "주별",
    "항목_27": "수업목표",
    "항목_28": "수업내용",
    "항목_29": "수업방식",
    "항목_30": "주별 강의내용",
    "항목_31": "자료, 과제 및\n기타 참고사항",
    "항목_32": "온라인",
    "항목_33": "오프라인",
    "항목_34": "수업방식별시간"
  },
  "핵심역량": {
    "항목_0": "직전강의평가\n및\nCQI반영사항",
    "항목_1": "-  레포트나 실시간 발표 줌 링크를 정기적으로 올려주고 중요한 공지는 따로 공지사항란에 정리해서 올려주면 더 정확히 이해할 수 있을 것 같다는 의견이 1명 있어 반영하고자 함\n- 선정된 주제에 대하여 제시된 설계 구성요소 및 현실적 제한조건 표에 준하여 작성하고 이를 본문에서 세부적으로 진술하는 방식으로 작성하도록 하는 지속적인 지도가 필요함(계속사항)\n- W 교과목으로 운영을 계속하고 최종보고서가 분량을 유지하면서도 체계적으로 작성되도록 지속적으로 주지시키는 것이 필요함(계속사항)\n- 최종보고서 작성 시 과제수행계획서의 내용(+ 중간보고서의 내용 수정 보완)(계속 사항)",
    "항목_2": "구분",
    "항목_3": "소통역량",
    "항목_4": "창의역량",
    "항목_5": "인성역량",
    "항목_6": "실무역량",
    "항목_7": "도전역량",
    "항목_8": "문화역량",
    "항목_9": "합계",
    "항목_10": "대표역량",
    "항목_11": "비율(%)",
    "항목_12": "30",
    "항목_13": "30",
    "항목_14": "0",
    "항목_15": "30",
    "항목_16": "10",
    "항목_17": "0",
    "항목_18": "100",
    "항목_19": "교과목간의\n연계성",
    "항목_20": "주교재",
    "항목_21": "창의적공학설계-우철중 외2-인터비젼-2021",
    "항목_22": "저자",
    "항목_23": "참고자료",
    "항목_24": "우철중 외2",
    "항목_25": "출판사",
    "항목_26": "인터비젼",
    "항목_27": "출판년도",
    "항목_28": "2021",
    "항목_29": "교재언어",
    "항목_30": "권장 선수과목",
    "항목_31": "한국어",
    "항목_32": "강의언어",
    "항목_33": "한국어",
    "항목_34": "필요 기자재",
    "항목_35": "창의적공학설계입문(기초설계 3학점), 요소설계 6학점 이상(총 설계 9학점 이상), 현대디자인의 이해(3학점)",
    "항목_36": "권장 후수과목",
    "항목_37": "DA",
    "항목_38": "수업방식\n(복수가능√)",
    "항목_39": "강의",
    "항목_40": "발표/토론",
    "항목_41": "PBL",
    "항목_42": "플립러닝",
    "항목_43": "LMS활용",
    "항목_44": "실험실습",
    "항목_45": "기타",
    "항목_46": "√",
    "항목_47": "√",
    "항목_48": "수업운영방향",
    "항목_49": "평가계획\n(100%)",
    "항목_50": "중간",
    "항목_51": "기말",
    "항목_52": "출석",
    "항목_53": "과제물",
    "항목_54": "안전교육",
    "항목_55": "발표/토론",
    "항목_56": "수업태도",
    "항목_57": "기타",
    "항목_58": "0%",
    "항목_59": "0%",
    "항목_60": "10%",
    "항목_61": "50%",
    "항목_62": "0%",
    "항목_63": "30%",
    "항목_64": "10%",
    "항목_65": "0%",
    "항목_66": "평가참고사항"
  }
}