{
  "기본정보": {
    "항목_0": "1 / 2",
    "항목_1": "전북대학교 강의계획서 (2025년 1학기)",
    "항목_2": "교과목 코드",
    "항목_3": "E-mail",
    "항목_4": "khs4053@jbnu.ac.kr",
    "항목_5": "전공필수",
    "항목_6": "연구실",
    "항목_7": "공대9호관905호",
    "항목_8": "담당교수명",
    "항목_9": "연락처",
    "항목_10": "김현숙",
    "항목_11": "063-270-4053",
    "항목_12": "1",
    "항목_13": "3",
    "항목_14": "0000125725",
    "항목_15": "학점",
    "항목_16": "분반",
    "항목_17": "교과목 구분",
    "항목_18": "교과목명",
    "항목_19": "도시종합설계",
    "항목_20": "학과/학년",
    "항목_21": "도시공 3",
    "항목_22": "상담가능시간",
    "항목_23": "월요일 12시-14, 수요일12시-14시,",
    "항목_24": "1. 강의 기본정보",
    "항목_25": "강의실",
    "전주": "공과대학 9호관 915",
    "항목_27": "요일/시간",
    "항목_28": "월 6-A,월 6-B,월 7-A,월 7-B,월 8-A,월 8-B,수 6-A,수 6-B,수 7-A,수 7-B,수 8",
    "항목_29": "수업목표",
    "항목_30": "도시설계는 물리적 요소에 대한 설계만이 아닌 사회, 경제, 문화 등을 포괄하는 속에서 이루어 질 수 있으며, 도시공간 속에서 아주 자그마한 도시구성요소에서 도시전체에 이르기까지  사람들에게 보다 쾌적하고 윤택한 도시활동을 위한 장소를 만들어주기 위한 일련의 과정을 지칭한다. 도시패러다임의 변화에 따라 도시의 품격, 매력, 아름다움, 안전성, 쾌적성 등은 도시경쟁력을 확보하는데 필연적 요인이 되고 있으므로 도시디자인의 필요성이 한층 높아졌다. \n 본 강의는 지역자산을 활용하여 매력적인 도시공간의 조성능력을 제고시켜야하는 전북특별자치도의 도시개발사업 및 도시재생사업, 최근 사업의 활성화로 도시의 경쟁력강화를 위해 도시설계의 중요성이 대두된 새만금의 지역명소화사업을 대상으로 각 도시의 활성화를 도모하는데 있어 도시설계 기법을 적용시켜 그 효과를 제고시키는데 중점을 둔다."
  },
  "평가방법": {
    "항목_0": "A(%)",
    "항목_1": "A+B(%)",
    "항목_2": "C이하(%)",
    "항목_3": "총비율",
    "항목_4": "0",
    "항목_5": "0",
    "항목_6": "0",
    "항목_7": "100%",
    "항목_8": "절대평가 기준",
    "항목_9": "상대평가 비율",
    "항목_10": "절대평가",
    "항목_11": "- 강의",
    "항목_12": "√",
    "기타": "",
    "항목_14": "- 과제",
    "항목_15": "√",
    "항목_16": "* 장애학생 교수학습지원 사항",
    "항목_17": "- 평가",
    "항목_18": "√",
    "항목_19": "참고\n사항",
    "항목_20": "강의 파일, 자료 등 제공",
    "항목_21": "좌석배치(지정좌석) 조정",
    "항목_22": "과제 제출기한 연장",
    "항목_23": "대안적 과제 제시",
    "항목_24": "시험시간 연장",
    "항목_25": "별도의 시험 장소 제공",
    "항목_26": "※ 위 지원사항 등을 포함한 강의, 과제, 시험 등 학습과정에서 장애로 인하여 추가 지원이\n     필요한 경우 개강전 담당강사 및 장애학습 지원센터를 통해 문의 바랍니다.",
    "그 외(필요시 자유로이 추가 기술)": ""
  },
  "핵심역량": {
    "항목_0": "직전강의평가\n및\nCQI반영사항",
    "항목_1": "없음",
    "항목_2": "구분",
    "항목_3": "소통역량",
    "항목_4": "창의역량",
    "항목_5": "인성역량",
    "항목_6": "실무역량",
    "항목_7": "도전역량",
    "항목_8": "문화역량",
    "항목_9": "합계",
    "항목_10": "대표역량",
    "항목_11": "비율(%)",
    "항목_12": "20",
    "항목_13": "30",
    "항목_14": "0",
    "항목_15": "30",
    "항목_16": "10",
    "항목_17": "10",
    "항목_18": "100",
    "항목_19": "교과목간의\n연계성",
    "항목_20": "주교재",
    "항목_21": "도시설계 1",
    "항목_22": "저자",
    "항목_23": "참고자료",
    "항목_24": "studio REAL 지음, 이재선 김경배 옮김, 도시설계 2, 도서출판 대가, 2014\n한국도시설계학회, 한국의 도시설계, 보성각\n박찬숙 권영걸 외, 유럽의 도시 공공디자인을 입다, 도서출판가인\n얀겔 저, 김진우 외 옮김, 삶이 있는 도시디자인, 푸른솔\n이정형, 미국의 도시설계와 도시재생, 도서출판 승재헌",
    "항목_25": "Llewelyn-Davies 지음, 김경배 등 옮김",
    "항목_26": "출판사",
    "항목_27": "도서출판 대가",
    "항목_28": "출판년도",
    "항목_29": "2014",
    "항목_30": "교재언어",
    "항목_31": "권장 선수과목",
    "항목_32": "한국어",
    "항목_33": "강의언어",
    "항목_34": "한국어",
    "항목_35": "필요 기자재",
    "항목_36": "도시설계기법, 가로설계(도시설계1)",
    "항목_37": "권장 후수과목",
    "항목_38": "DA",
    "항목_39": "수업방식\n(복수가능√)",
    "항목_40": "강의",
    "항목_41": "발표/토론",
    "항목_42": "PBL",
    "항목_43": "플립러닝",
    "항목_44": "LMS활용",
    "항목_45": "실험실습",
    "항목_46": "기타",
    "항목_47": "√",
    "항목_48": "√",
    "항목_49": "√",
    "항목_50": "√",
    "항목_51": "수업운영방향",
    "항목_52": "평가계획\n(100%)",
    "항목_53": "중간",
    "항목_54": "기말",
    "항목_55": "출석",
    "항목_56": "과제물",
    "항목_57": "안전교육",
    "항목_58": "발표/토론",
    "항목_59": "수업태도",
    "항목_60": "기타",
    "항목_61": "20%",
    "항목_62": "30%",
    "항목_63": "10%",
    "항목_64": "20%",
    "항목_65": "0%",
    "항목_66": "20%",
    "항목_67": "0%",
    "항목_68": "0%",
    "항목_69": "평가참고사항"
  }
}