{
  "기본정보": {
    "항목_0": "1 / 2",
    "항목_1": "전북대학교 강의계획서 (2025년 1학기)",
    "항목_2": "교과목 코드",
    "항목_3": "E-mail",
    "항목_4": "01092461532@daum.net",
    "항목_5": "전공선택",
    "항목_6": "연구실",
    "항목_7": "담당교수명",
    "항목_8": "연락처",
    "항목_9": "정희원",
    "항목_10": "01092461532",
    "항목_11": "1",
    "항목_12": "3",
    "항목_13": "0000125520",
    "항목_14": "학점",
    "항목_15": "분반",
    "항목_16": "교과목 구분",
    "항목_17": "교과목명",
    "항목_18": "데이터분석실무",
    "항목_19": "학과/학년",
    "항목_20": "소프트웨어공학과(재) 3",
    "항목_21": "상담가능시간",
    "항목_22": "예약후 수시",
    "항목_23": "1. 강의 기본정보",
    "항목_24": "강의실",
    "전주": "공과대학 5호관 312",
    "항목_26": "요일/시간",
    "항목_27": "수 11-A,수 11-B,수 12-A,수 12-B,수 13-A,수 13-B",
    "항목_28": "수업목표",
    "항목_29": "의사결정에 필요한 어떤 정보를 얻기위해서는 주어진 데이터에 대한 적절한 처리 과정과 해석이 필요하다. \n주어진 간단한 데이터들에 대한 다양한 방법들을 습득하여, 실제로 데이터들이 주어졌을 때, 주어진 데이터에 적합한 처리 방법을 선택하여 처리하고 해석할 수 있는 능력을 기른다.\n(첫 시간 사전이해도 조사 결과에 따라 강의 계획 등이 변경될 수 있습니다.)"
  },
  "평가방법": {
    "항목_0": "A(%)",
    "항목_1": "A+B(%)",
    "항목_2": "C이하(%)",
    "항목_3": "총비율",
    "항목_4": "0",
    "항목_5": "0",
    "항목_6": "0",
    "항목_7": "100%",
    "항목_8": "절대평가 기준",
    "항목_9": "상대평가 비율",
    "항목_10": "상대평가Ⅰ(A40%)",
    "항목_11": "- 강의",
    "기타": "",
    "항목_13": "- 과제",
    "항목_14": "* 장애학생 교수학습지원 사항",
    "항목_15": "- 평가",
    "항목_16": "참고\n사항",
    "항목_17": "강의 파일, 자료 등 제공",
    "항목_18": "좌석배치(지정좌석) 조정",
    "항목_19": "과제 제출기한 연장",
    "항목_20": "대안적 과제 제시",
    "항목_21": "시험시간 연장",
    "항목_22": "별도의 시험 장소 제공",
    "항목_23": "※ 위 지원사항 등을 포함한 강의, 과제, 시험 등 학습과정에서 장애로 인하여 추가 지원이\n     필요한 경우 개강전 담당강사 및 장애학습 지원센터를 통해 문의 바랍니다.",
    "항목_24": "√",
    "그 외(필요시 자유로이 추가 기술)": "",
    "항목_26": "주별",
    "항목_27": "수업목표",
    "항목_28": "수업내용",
    "항목_29": "수업방식",
    "항목_30": "주별 강의내용",
    "항목_31": "자료, 과제 및\n기타 참고사항",
    "항목_32": "온라인",
    "항목_33": "오프라인",
    "항목_34": "수업방식별시간",
    "항목_35": "1주",
    "항목_36": "사전 이해 정도 확인 및 교과목 강의 방향의 이해",
    "항목_37": "사전 이해도 설문\n(Colab 설치 및 Python 설명 등)",
    "항목_38": "강의",
    "항목_39": "추후 공지"
  },
  "핵심역량": {
    "항목_0": "직전강의평가\n및\nCQI반영사항",
    "항목_1": "수강하는 재직자 학생들에게 맞는 교재 선정 및 방식 조정 필요",
    "항목_2": "구분",
    "항목_3": "소통역량",
    "항목_4": "창의역량",
    "항목_5": "인성역량",
    "항목_6": "실무역량",
    "항목_7": "도전역량",
    "항목_8": "문화역량",
    "항목_9": "합계",
    "항목_10": "대표역량",
    "항목_11": "비율(%)",
    "항목_12": "30",
    "항목_13": "15",
    "항목_14": "15",
    "항목_15": "30",
    "항목_16": "5",
    "항목_17": "5",
    "항목_18": "100",
    "항목_19": "교과목간의\n연계성",
    "항목_20": "주교재",
    "항목_21": "생활 속 예제로 배우는 생생 데이터 분석",
    "항목_22": "저자",
    "항목_23": "참고자료",
    "항목_24": "으뜸 데이터 분석과 머신러닝(지난 년도 교재/ 참고용)",
    "항목_25": "조인석",
    "항목_26": "출판사",
    "항목_27": "한빛아카데미",
    "항목_28": "출판년도",
    "항목_29": "2023",
    "항목_30": "교재언어",
    "항목_31": "권장 선수과목",
    "항목_32": "한국어",
    "항목_33": "강의언어",
    "항목_34": "한국어",
    "항목_35": "필요 기자재",
    "항목_36": "파이썬프로그래밍",
    "항목_37": "권장 후수과목",
    "항목_38": "DA",
    "항목_39": "수업방식\n(복수가능√)",
    "항목_40": "강의",
    "항목_41": "발표/토론",
    "항목_42": "PBL",
    "항목_43": "플립러닝",
    "항목_44": "LMS활용",
    "항목_45": "실험실습",
    "항목_46": "기타",
    "항목_47": "√",
    "항목_48": "√",
    "항목_49": "√",
    "항목_50": "수업운영방향",
    "항목_51": "평가계획\n(100%)",
    "항목_52": "중간",
    "항목_53": "기말",
    "항목_54": "출석",
    "항목_55": "과제물",
    "항목_56": "안전교육",
    "항목_57": "발표/토론",
    "항목_58": "수업태도",
    "항목_59": "기타",
    "항목_60": "30%",
    "항목_61": "30%",
    "항목_62": "10%",
    "항목_63": "10%",
    "항목_64": "0%",
    "항목_65": "10%",
    "항목_66": "10%",
    "항목_67": "0%",
    "항목_68": "평가참고사항",
    "항목_69": "평가 비율 조정될 수 있음.(조정시 미리 공지 예정)"
  }
}