{
  "기본정보": {
    "항목_0": "1 / 2",
    "항목_1": "전북대학교 강의계획서 (2025년 1학기)",
    "항목_2": "교과목 코드",
    "항목_3": "E-mail",
    "항목_4": "jangty@jbnu.ac.kr",
    "항목_5": "전공선택",
    "항목_6": "연구실",
    "항목_7": "902",
    "항목_8": "담당교수명",
    "항목_9": "연락처",
    "항목_10": "장태연",
    "항목_11": "063-270-4054",
    "항목_12": "1",
    "항목_13": "3",
    "항목_14": "0000126557",
    "항목_15": "학점",
    "항목_16": "분반",
    "항목_17": "교과목 구분",
    "항목_18": "교과목명",
    "항목_19": "교통계획실습",
    "항목_20": "학과/학년",
    "항목_21": "도시공 4",
    "항목_22": "상담가능시간",
    "16": "00-18:00(월, 수)",
    "항목_24": "1. 강의 기본정보",
    "항목_25": "강의실",
    "전주": "공과대학 9호관 913 전주:공과대학 9호관 915",
    "항목_27": "요일/시간",
    "항목_28": "월 1-A,월 1-B,월 2-A,월 2-B,수 1-A,수 1-B,수 2-A,수 2-B",
    "항목_29": "수업목표",
    "항목_30": "본 수업의 목적은 현장실습을 통한 교통문제를 해결하는 실무능력 증진에 있다. 교통계획수업의 통행발생, 통행분포, 수단선택, 노선배정 등의 4단계 교통수요예측에 대한 다양한 수학적 통계학적 방법론의 이론을 컴퓨터 프로그램을 활용하여 분석하는 과정을 습득하게 된다. 이를 위해 QRS와 GNE의 프로그램을 배운다. 또한 현재 엔지니어링 회사에서 주로 사용하고 있는 교통관련 분석 프로그램인 T7f, Vissim, HCS(Highway Capacity Software) 등을 배워 향후 취업에 도음이 될수 있도록 한다. 기타 공공기관(한국도로공사, 한국도로교통공단 등) 필기시험에 대비한 도로의 기하구조 설계에 대한 내용도 제공된다."
  },
  "평가방법": {
    "항목_0": "A(%)",
    "항목_1": "A+B(%)",
    "항목_2": "C이하(%)",
    "항목_3": "총비율",
    "항목_4": "0",
    "항목_5": "0",
    "항목_6": "0",
    "항목_7": "100%",
    "항목_8": "절대평가 기준",
    "항목_9": "상대평가 비율",
    "항목_10": "절대평가",
    "항목_11": "- 강의",
    "항목_12": "√",
    "기타": "",
    "항목_14": "- 과제",
    "항목_15": "√",
    "항목_16": "* 장애학생 교수학습지원 사항",
    "항목_17": "- 평가",
    "항목_18": "√",
    "항목_19": "참고\n사항",
    "항목_20": "강의 파일, 자료 등 제공",
    "항목_21": "좌석배치(지정좌석) 조정",
    "항목_22": "과제 제출기한 연장",
    "항목_23": "대안적 과제 제시",
    "항목_24": "시험시간 연장",
    "항목_25": "별도의 시험 장소 제공",
    "항목_26": "※ 위 지원사항 등을 포함한 강의, 과제, 시험 등 학습과정에서 장애로 인하여 추가 지원이\n     필요한 경우 개강전 담당강사 및 장애학습 지원센터를 통해 문의 바랍니다.",
    "그 외(필요시 자유로이 추가 기술)": "",
    "항목_28": "주별",
    "항목_29": "수업목표",
    "항목_30": "수업내용",
    "항목_31": "수업방식",
    "항목_32": "주별 강의내용",
    "항목_33": "자료, 과제 및\n기타 참고사항",
    "항목_34": "온라인",
    "항목_35": "오프라인",
    "항목_36": "수업방식별시간"
  },
  "핵심역량": {
    "항목_0": "직전강의평가\n및\nCQI반영사항",
    "항목_1": "교통회사에서 사용하고 있는 다양한 교통분석 소프트웨어에 대한 실무 실습",
    "항목_2": "구분",
    "항목_3": "소통역량",
    "항목_4": "창의역량",
    "항목_5": "인성역량",
    "항목_6": "실무역량",
    "항목_7": "도전역량",
    "항목_8": "문화역량",
    "항목_9": "합계",
    "항목_10": "대표역량",
    "항목_11": "비율(%)",
    "항목_12": "10",
    "항목_13": "20",
    "항목_14": "5",
    "항목_15": "55",
    "항목_16": "5",
    "항목_17": "5",
    "항목_18": "100",
    "항목_19": "교과목간의\n연계성",
    "항목_20": "주교재",
    "항목_21": "Transportation Engineering",
    "항목_22": "저자",
    "항목_23": "참고자료",
    "항목_24": "별도의 수업교재 제공\nTraffic Engineering, M. Bonatti, ITE, 1990\n원재무, Transportation Engineering, Park Young Sa, 2000\n컴퓨터 실습(공대 9-913), 교통공학실습 기자재(공대 9-901,  805)",
    "항목_25": "원제무",
    "항목_26": "출판사",
    "항목_27": "박영사",
    "항목_28": "출판년도",
    "항목_29": "2007",
    "항목_30": "교재언어",
    "항목_31": "권장 선수과목",
    "항목_32": "한국어",
    "항목_33": "강의언어",
    "항목_34": "한국어",
    "항목_35": "필요 기자재",
    "항목_36": "Camera, Speed Gun, Road Surveying Instrument(measuring)",
    "항목_37": "교통공학개론, 교통계획, 교통공학실습",
    "항목_38": "권장 후수과목",
    "항목_39": "DA",
    "항목_40": "수업방식\n(복수가능√)",
    "항목_41": "강의",
    "항목_42": "발표/토론",
    "항목_43": "PBL",
    "항목_44": "플립러닝",
    "항목_45": "LMS활용",
    "항목_46": "실험실습",
    "항목_47": "기타",
    "항목_48": "√",
    "항목_49": "√",
    "항목_50": "√",
    "항목_51": "수업운영방향",
    "항목_52": "평가계획\n(100%)",
    "항목_53": "중간",
    "항목_54": "기말",
    "항목_55": "출석",
    "항목_56": "과제물",
    "항목_57": "안전교육",
    "항목_58": "발표/토론",
    "항목_59": "수업태도",
    "항목_60": "기타",
    "항목_61": "30%",
    "항목_62": "30%",
    "항목_63": "10%",
    "항목_64": "30%",
    "항목_65": "0%",
    "항목_66": "0%",
    "항목_67": "0%",
    "항목_68": "0%",
    "항목_69": "평가참고사항"
  }
}