{
  "기본정보": {
    "항목_0": "1 / 2",
    "항목_1": "전북대학교 강의계획서 (2025년 1학기)",
    "항목_2": "교과목 코드",
    "항목_3": "E-mail",
    "항목_4": "cholbun84@jbnu.ac.kr",
    "항목_5": "전공선택",
    "항목_6": "연구실",
    "항목_7": "공대 1호관 248-1호",
    "항목_8": "담당교수명",
    "항목_9": "연락처",
    "항목_10": "정지용",
    "항목_11": "063-270-4063",
    "항목_12": "1",
    "항목_13": "3",
    "항목_14": "0000119909",
    "항목_15": "학점",
    "항목_16": "분반",
    "항목_17": "교과목 구분",
    "항목_18": "교과목명",
    "항목_19": "데이터베이스및실습",
    "항목_20": "학과/학년",
    "항목_21": "바이오(헬스케어정보) 3,바이오(헬스케어기기) 3",
    "항목_22": "상담가능시간",
    "항목_23": "1. 강의 기본정보",
    "항목_24": "강의실",
    "전주": "공과대학 1호관 147 전주:공과대학 1호관 340",
    "항목_26": "요일/시간",
    "항목_27": "화 8-A,화 8-B,화 9-A,화 9-B,목 6-A,목 6-B,목 7-A,목 7-B",
    "항목_28": "수업목표",
    "항목_29": "데이터베이스의 주요 개념과 원리를 이해하고 예제 중심으로 SQL, 데이터 모델링, 데이터베이스 프로그래밍 등을 실습함으로써 데이터베이스 구축 및 활용 능력을 함양한다."
  },
  "평가방법": {
    "항목_0": "A(%)",
    "항목_1": "A+B(%)",
    "항목_2": "C이하(%)",
    "항목_3": "총비율",
    "항목_4": "50",
    "항목_5": "80",
    "항목_6": "20",
    "항목_7": "100%",
    "항목_8": "절대평가 기준",
    "항목_9": "상대평가 비율",
    "항목_10": "상대평가Ⅱ",
    "항목_11": "- 강의",
    "항목_12": "√",
    "기타": "",
    "항목_14": "- 과제",
    "항목_15": "√",
    "항목_16": "* 장애학생 교수학습지원 사항",
    "항목_17": "- 평가",
    "항목_18": "√",
    "항목_19": "참고\n사항",
    "항목_20": "강의 파일, 자료 등 제공",
    "항목_21": "좌석배치(지정좌석) 조정",
    "항목_22": "과제 제출기한 연장",
    "항목_23": "대안적 과제 제시",
    "항목_24": "시험시간 연장",
    "항목_25": "별도의 시험 장소 제공",
    "항목_26": "※ 위 지원사항 등을 포함한 강의, 과제, 시험 등 학습과정에서 장애로 인하여 추가 지원이\n     필요한 경우 개강전 담당강사 및 장애학습 지원센터를 통해 문의 바랍니다.",
    "그 외(필요시 자유로이 추가 기술)": "",
    "항목_28": "주별",
    "항목_29": "수업목표",
    "항목_30": "수업내용",
    "항목_31": "수업방식",
    "항목_32": "주별 강의내용",
    "항목_33": "자료, 과제 및\n기타 참고사항",
    "항목_34": "온라인",
    "항목_35": "오프라인",
    "항목_36": "수업방식별시간",
    "항목_37": "1주",
    "항목_38": "강의 소개",
    "항목_39": "- 강의 개요 및 목표 소개\n- 강의에 대한 전반적인 정보 전달",
    "항목_40": "대면을 중심으로 하나 상황에 따라 비대면으로 진행할 수 있음"
  },
  "핵심역량": {
    "항목_0": "직전강의평가\n및\nCQI반영사항",
    "항목_1": "최신 기술 동향 분석 및 교재 반영",
    "항목_2": "구분",
    "항목_3": "소통역량",
    "항목_4": "창의역량",
    "항목_5": "인성역량",
    "항목_6": "실무역량",
    "항목_7": "도전역량",
    "항목_8": "문화역량",
    "항목_9": "합계",
    "항목_10": "대표역량",
    "항목_11": "비율(%)",
    "항목_12": "10",
    "항목_13": "40",
    "항목_14": "10",
    "항목_15": "30",
    "항목_16": "10",
    "항목_17": "0",
    "항목_18": "100",
    "항목_19": "교과목간의\n연계성",
    "항목_20": "주교재",
    "항목_21": "MySQL로 배우는 데이터베이스 개론과 실습",
    "항목_22": "저자",
    "항목_23": "참고자료",
    "항목_24": "데이터베이스 for Beginner",
    "항목_25": "박우창, 남송휘",
    "항목_26": "출판사",
    "항목_27": "한빛아카데미",
    "항목_28": "출판년도",
    "항목_29": "2024",
    "항목_30": "교재언어",
    "항목_31": "권장 선수과목",
    "항목_32": "한국어",
    "항목_33": "강의언어",
    "항목_34": "한국어",
    "항목_35": "필요 기자재",
    "항목_36": "컴퓨터, 빔 프로젝트",
    "항목_37": "데이터베이스",
    "항목_38": "권장 후수과목",
    "항목_39": "DA",
    "항목_40": "수업방식\n(복수가능√)",
    "항목_41": "강의",
    "항목_42": "발표/토론",
    "항목_43": "PBL",
    "항목_44": "플립러닝",
    "항목_45": "LMS활용",
    "항목_46": "실험실습",
    "항목_47": "기타",
    "항목_48": "√",
    "항목_49": "√",
    "항목_50": "√",
    "항목_51": "수업운영방향",
    "항목_52": "평가계획\n(100%)",
    "항목_53": "중간",
    "항목_54": "기말",
    "항목_55": "출석",
    "항목_56": "과제물",
    "항목_57": "안전교육",
    "항목_58": "발표/토론",
    "항목_59": "수업태도",
    "항목_60": "기타",
    "항목_61": "35%",
    "항목_62": "35%",
    "항목_63": "10%",
    "항목_64": "20%",
    "항목_65": "0%",
    "항목_66": "0%",
    "항목_67": "0%",
    "항목_68": "0%",
    "항목_69": "평가참고사항"
  }
}