{
  "기본정보": {
    "항목_0": "1 / 2",
    "항목_1": "전북대학교 강의계획서 (2025년 1학기)",
    "항목_2": "교과목 코드",
    "항목_3": "E-mail",
    "항목_4": "ksunys@jbnu.ac.kr",
    "항목_5": "전공선택",
    "항목_6": "연구실",
    "항목_7": "공대1호관 228",
    "항목_8": "담당교수명",
    "항목_9": "연락처",
    "항목_10": "김윤상",
    "항목_11": "063-270-4061",
    "항목_12": "2",
    "항목_13": "3",
    "항목_14": "0000121742",
    "항목_15": "학점",
    "항목_16": "분반",
    "항목_17": "교과목 구분",
    "항목_18": "교과목명",
    "항목_19": "건축종합설계",
    "항목_20": "학과/학년",
    "항목_21": "건축공 4",
    "항목_22": "상담가능시간",
    "항목_23": "1. 강의 기본정보",
    "항목_24": "강의실",
    "전주": "공과대학 1호관 235",
    "항목_26": "요일/시간",
    "항목_27": "월 8-A,월 8-B,월 9-A,월 9-B,금 1-A,금 1-B,금 2-A,금 2-B,금 3-A,금 3-B,금 4",
    "항목_28": "수업목표",
    "항목_29": "건축이 학문적으로 갖고있는 예술과 기술을 종합적으로 구현하는 취지에서 학생들에게 건축의 종합능력을 배양하고자 하는데 교과목의 목표가 있다. 그러기위해서 지금까지 익힌 공학기초과목, 설계과목과 기술과목을 총합하여 자기작품을 만들고자 한다. 아울러 팀을 구성하여 작업을 실시하므로서 협동작업과 공동체 의식을 배양하고자 한다."
  },
  "평가방법": {
    "항목_0": "A(%)",
    "항목_1": "A+B(%)",
    "항목_2": "C이하(%)",
    "항목_3": "총비율",
    "항목_4": "100%",
    "항목_5": "절대평가 기준",
    "항목_6": "상대평가 비율",
    "항목_7": "상대평가Ⅰ(A30%)",
    "항목_8": "- 강의",
    "기타": "",
    "항목_10": "- 과제",
    "항목_11": "* 장애학생 교수학습지원 사항",
    "항목_12": "- 평가",
    "항목_13": "참고\n사항",
    "항목_14": "강의 파일, 자료 등 제공",
    "항목_15": "좌석배치(지정좌석) 조정",
    "항목_16": "과제 제출기한 연장",
    "항목_17": "대안적 과제 제시",
    "항목_18": "시험시간 연장",
    "항목_19": "별도의 시험 장소 제공",
    "항목_20": "※ 위 지원사항 등을 포함한 강의, 과제, 시험 등 학습과정에서 장애로 인하여 추가 지원이\n     필요한 경우 개강전 담당강사 및 장애학습 지원센터를 통해 문의 바랍니다.",
    "항목_21": "√",
    "그 외(필요시 자유로이 추가 기술)": "",
    "항목_23": "주별",
    "항목_24": "수업목표",
    "항목_25": "수업내용",
    "항목_26": "수업방식",
    "항목_27": "주별 강의내용",
    "항목_28": "자료, 과제 및\n기타 참고사항",
    "항목_29": "온라인",
    "항목_30": "오프라인",
    "항목_31": "수업방식별시간",
    "항목_32": "1주",
    "항목_33": "강의개요\n-종합설계의 목적 및 내용, 방법설명\n-종합설계 기초강의",
    "항목_34": "이론"
  },
  "핵심역량": {
    "항목_0": "직전강의평가\n및\nCQI반영사항",
    "항목_1": "설계 평가 및 피드백에 대해서 사전 공지",
    "항목_2": "구분",
    "항목_3": "소통역량",
    "항목_4": "창의역량",
    "항목_5": "인성역량",
    "항목_6": "실무역량",
    "항목_7": "도전역량",
    "항목_8": "문화역량",
    "항목_9": "합계",
    "항목_10": "대표역량",
    "항목_11": "비율(%)",
    "항목_12": "10",
    "항목_13": "50",
    "항목_14": "5",
    "항목_15": "25",
    "항목_16": "10",
    "항목_17": "0",
    "항목_18": "100",
    "항목_19": "교과목간의\n연계성",
    "항목_20": "주교재",
    "항목_21": "저자",
    "항목_22": "참고자료",
    "항목_23": "박한규",
    "항목_24": "출판사",
    "항목_25": "기문당",
    "항목_26": "출판년도",
    "항목_27": "1994",
    "항목_28": "교재언어",
    "항목_29": "권장 선수과목",
    "항목_30": "강의언어",
    "항목_31": "한국어",
    "항목_32": "필요 기자재",
    "항목_33": "건축시공학 1,철근콘크리트구조학 1,건축법규",
    "항목_34": "권장 후수과목",
    "항목_35": "DA",
    "항목_36": "수업방식\n(복수가능√)",
    "항목_37": "강의",
    "항목_38": "발표/토론",
    "항목_39": "PBL",
    "항목_40": "플립러닝",
    "항목_41": "LMS활용",
    "항목_42": "실험실습",
    "항목_43": "기타",
    "항목_44": "√",
    "항목_45": "√",
    "항목_46": "√",
    "항목_47": "수업운영방향",
    "항목_48": "평가계획\n(100%)",
    "항목_49": "중간",
    "항목_50": "기말",
    "항목_51": "출석",
    "항목_52": "과제물",
    "항목_53": "안전교육",
    "항목_54": "발표/토론",
    "항목_55": "수업태도",
    "항목_56": "기타",
    "항목_57": "%",
    "항목_58": "%",
    "항목_59": "10%",
    "항목_60": "10%",
    "항목_61": "%",
    "항목_62": "%",
    "항목_63": "10%",
    "항목_64": "%",
    "항목_65": "평가참고사항"
  }
}