{
  "기본정보": {
    "항목_0": "1 / 2",
    "항목_1": "전북대학교 강의계획서 (2025년 1학기)",
    "항목_2": "교과목 코드",
    "항목_3": "E-mail",
    "항목_4": "ikmann@hanmail.net",
    "항목_5": "전공선택",
    "항목_6": "연구실",
    "항목_7": "담당교수명",
    "항목_8": "연락처",
    "항목_9": "임규만",
    "항목_10": "2",
    "항목_11": "3",
    "항목_12": "0000104689",
    "항목_13": "학점",
    "항목_14": "분반",
    "항목_15": "교과목 구분",
    "항목_16": "교과목명",
    "항목_17": "전기전자공학개론",
    "항목_18": "학과/학년",
    "항목_19": "융합기술공학부(IT융합기전차공학) 2",
    "항목_20": "상담가능시간",
    "항목_21": "1. 강의 기본정보",
    "항목_22": "강의실",
    "전주": "공과대학 5호관 414",
    "항목_24": "요일/시간",
    "항목_25": "목 1-A,목 1-B,목 2-A,목 2-B,목 3-A,목 3-B",
    "항목_26": "수업목표",
    "항목_27": "전기전자 기초가 되는 수동소자 및 반도체 소자에 대한 특성 및 회로해석에 대한 방법들을 숙지 시키는데 그 목적이 있다. \n다양한 종류의 회로 해석 방법을 소개하고 이러한 방법을 통해서 다양한 예제를 통해서 회로를 해석하는데 역점을 두고자 한다.\n특히 스마트제조 고급인력양성 위한 내용들을 역점을 두고자 한다."
  },
  "평가방법": {
    "항목_0": "A(%)",
    "항목_1": "A+B(%)",
    "항목_2": "C이하(%)",
    "항목_3": "총비율",
    "항목_4": "0",
    "항목_5": "0",
    "항목_6": "0",
    "항목_7": "100%",
    "항목_8": "절대평가 기준",
    "항목_9": "상대평가 비율",
    "항목_10": "상대평가Ⅰ(A30%)",
    "항목_11": "- 강의",
    "항목_12": "√",
    "항목_13": "√",
    "기타": "",
    "항목_15": "- 과제",
    "항목_16": "√",
    "항목_17": "√",
    "항목_18": "* 장애학생 교수학습지원 사항",
    "항목_19": "- 평가",
    "항목_20": "√",
    "항목_21": "참고\n사항",
    "항목_22": "강의 파일, 자료 등 제공",
    "항목_23": "좌석배치(지정좌석) 조정",
    "항목_24": "과제 제출기한 연장",
    "항목_25": "대안적 과제 제시",
    "항목_26": "시험시간 연장",
    "항목_27": "별도의 시험 장소 제공",
    "항목_28": "※ 위 지원사항 등을 포함한 강의, 과제, 시험 등 학습과정에서 장애로 인하여 추가 지원이\n     필요한 경우 개강전 담당강사 및 장애학습 지원센터를 통해 문의 바랍니다.",
    "그 외(필요시 자유로이 추가 기술)": "",
    "항목_30": "주별",
    "항목_31": "수업목표",
    "항목_32": "수업내용",
    "항목_33": "수업방식",
    "항목_34": "주별 강의내용",
    "항목_35": "자료, 과제 및\n기타 참고사항",
    "항목_36": "온라인",
    "항목_37": "오프라인",
    "항목_38": "수업방식별시간",
    "항목_39": "1주",
    "항목_40": "과목소개 - 양과 단위",
    "항목_41": "교재 소개 및 수업진행 방식, 전기와 관련 기초 단위와 양에 대해서 설명",
    "항목_42": "대면"
  },
  "핵심역량": {
    "항목_0": "직전강의평가\n및\nCQI반영사항",
    "항목_1": "기초 전기전자 회로해석",
    "항목_2": "구분",
    "항목_3": "소통역량",
    "항목_4": "창의역량",
    "항목_5": "인성역량",
    "항목_6": "실무역량",
    "항목_7": "도전역량",
    "항목_8": "문화역량",
    "항목_9": "합계",
    "항목_10": "대표역량",
    "항목_11": "비율(%)",
    "항목_12": "10",
    "항목_13": "30",
    "항목_14": "10",
    "항목_15": "20",
    "항목_16": "20",
    "항목_17": "10",
    "항목_18": "100",
    "항목_19": "교과목간의\n연계성",
    "항목_20": "주교재",
    "항목_21": "기초전기전자공학",
    "항목_22": "저자",
    "항목_23": "참고자료",
    "항목_24": "손상희 외5인",
    "항목_25": "출판사",
    "항목_26": "시그마프레스",
    "항목_27": "출판년도",
    "항목_28": "2014",
    "항목_29": "교재언어",
    "항목_30": "권장 선수과목",
    "항목_31": "한국어",
    "항목_32": "강의언어",
    "항목_33": "한국어",
    "항목_34": "필요 기자재",
    "항목_35": "빔프로젝트",
    "항목_36": "공업수학, 특히 미분방정식",
    "항목_37": "권장 후수과목",
    "항목_38": "DA",
    "항목_39": "수업방식\n(복수가능√)",
    "항목_40": "강의",
    "항목_41": "발표/토론",
    "항목_42": "PBL",
    "항목_43": "플립러닝",
    "항목_44": "LMS활용",
    "항목_45": "실험실습",
    "항목_46": "기타",
    "항목_47": "√",
    "항목_48": "√",
    "항목_49": "수업운영방향",
    "항목_50": "평가계획\n(100%)",
    "항목_51": "중간",
    "항목_52": "기말",
    "항목_53": "출석",
    "항목_54": "과제물",
    "항목_55": "안전교육",
    "항목_56": "발표/토론",
    "항목_57": "수업태도",
    "항목_58": "기타",
    "항목_59": "30%",
    "항목_60": "30%",
    "항목_61": "10%",
    "항목_62": "30%",
    "항목_63": "0%",
    "항목_64": "0%",
    "항목_65": "0%",
    "항목_66": "0%",
    "항목_67": "평가참고사항"
  }
}