{
  "기본정보": {
    "항목_0": "1 / 2",
    "항목_1": "전북대학교 강의계획서 (2025년 1학기)",
    "항목_2": "교과목 코드",
    "항목_3": "E-mail",
    "항목_4": "atc020@jbnu.ac.kr",
    "항목_5": "전공선택",
    "항목_6": "연구실",
    "항목_7": "진수당 251호",
    "항목_8": "담당교수명",
    "항목_9": "연락처",
    "항목_10": "김윤경",
    "항목_11": "063-219-5756",
    "항목_12": "2",
    "항목_13": "3",
    "항목_14": "0000128200",
    "항목_15": "학점",
    "항목_16": "분반",
    "항목_17": "교과목 구분",
    "항목_18": "교과목명",
    "항목_19": "산학실전캡스톤 2",
    "항목_20": "학과/학년",
    "항목_21": "컴퓨터공학부 4,IT정보공학과 4,컴퓨터공학부(컴퓨터) 4,컴퓨터인공지능",
    "항목_22": "상담가능시간",
    "항목_23": "1. 강의 기본정보",
    "항목_24": "강의실",
    "전주": "공과대학 2호관 116",
    "항목_26": "요일/시간",
    "항목_27": "금 8-A,금 8-B,금 9-A,금 9-B,금 10-A,금 10-B",
    "항목_28": "수업목표",
    "항목_29": "- 기업/산업 현장에서 도출된 기술적 문제를 프로젝트를 통해 연구/개발하여 실무 경험과 문제해결 능력을 배양\n- 산업 현장에서 요구되는 기술 및 배경 지식을 구체적으로 파악하고,  해당 기술/지식에 대한 습득 동기를 부여\n- 우수 프로젝트 결과물은 SW등록, 논문발표, 특허 등록을 지원\n- 오픈소스 SW를 활용한 학생들의 오픈소스 프로젝트 참여 지원"
  },
  "평가방법": {
    "항목_0": "A(%)",
    "항목_1": "A+B(%)",
    "항목_2": "C이하(%)",
    "항목_3": "총비율",
    "항목_4": "0",
    "항목_5": "0",
    "항목_6": "0",
    "항목_7": "100%",
    "항목_8": "절대평가 기준",
    "항목_9": "상대평가 비율",
    "항목_10": "절대평가",
    "항목_11": "- 강의",
    "항목_12": "√",
    "기타": "",
    "항목_14": "- 과제",
    "항목_15": "√",
    "항목_16": "√",
    "항목_17": "* 장애학생 교수학습지원 사항",
    "항목_18": "- 평가",
    "항목_19": "참고\n사항",
    "항목_20": "강의 파일, 자료 등 제공",
    "항목_21": "좌석배치(지정좌석) 조정",
    "항목_22": "과제 제출기한 연장",
    "항목_23": "대안적 과제 제시",
    "항목_24": "시험시간 연장",
    "항목_25": "별도의 시험 장소 제공",
    "항목_26": "※ 위 지원사항 등을 포함한 강의, 과제, 시험 등 학습과정에서 장애로 인하여 추가 지원이\n     필요한 경우 개강전 담당강사 및 장애학습 지원센터를 통해 문의 바랍니다.",
    "그 외(필요시 자유로이 추가 기술)": "",
    "항목_28": "주별",
    "항목_29": "수업목표",
    "항목_30": "수업내용",
    "항목_31": "수업방식",
    "항목_32": "주별 강의내용",
    "항목_33": "자료, 과제 및\n기타 참고사항",
    "항목_34": "온라인",
    "항목_35": "오프라인",
    "항목_36": "수업방식별시간",
    "항목_37": "1주",
    "항목_38": "오리엔테이션",
    "항목_39": "오리엔테이션",
    "항목_40": "오리엔테이션(교과목 소개 등)"
  },
  "핵심역량": {
    "항목_0": "직전강의평가\n및\nCQI반영사항",
    "항목_1": "해당없음",
    "항목_2": "구분",
    "항목_3": "소통역량",
    "항목_4": "창의역량",
    "항목_5": "인성역량",
    "항목_6": "실무역량",
    "항목_7": "도전역량",
    "항목_8": "문화역량",
    "항목_9": "합계",
    "항목_10": "대표역량",
    "항목_11": "비율(%)",
    "항목_12": "10",
    "항목_13": "20",
    "항목_14": "10",
    "항목_15": "50",
    "항목_16": "10",
    "항목_17": "0",
    "항목_18": "100",
    "항목_19": "교과목간의\n연계성",
    "항목_20": "주교재",
    "항목_21": "None-None-None-None",
    "항목_22": "저자",
    "항목_23": "참고자료",
    "항목_24": "None",
    "항목_25": "출판사",
    "항목_26": "None",
    "항목_27": "출판년도",
    "항목_28": "None",
    "항목_29": "교재언어",
    "항목_30": "권장 선수과목",
    "항목_31": "한국어",
    "항목_32": "강의언어",
    "항목_33": "한국어",
    "항목_34": "필요 기자재",
    "항목_35": "SW중심대학 J-EduTools 이용",
    "항목_36": "권장 후수과목",
    "항목_37": "DA",
    "항목_38": "수업방식\n(복수가능√)",
    "항목_39": "강의",
    "항목_40": "발표/토론",
    "항목_41": "PBL",
    "항목_42": "플립러닝",
    "항목_43": "LMS활용",
    "항목_44": "실험실습",
    "항목_45": "기타",
    "항목_46": "√",
    "항목_47": "√",
    "항목_48": "수업운영방향",
    "항목_49": "평가계획\n(100%)",
    "항목_50": "중간",
    "항목_51": "기말",
    "항목_52": "출석",
    "항목_53": "과제물",
    "항목_54": "안전교육",
    "항목_55": "발표/토론",
    "항목_56": "수업태도",
    "항목_57": "기타",
    "항목_58": "0%",
    "항목_59": "0%",
    "항목_60": "10%",
    "항목_61": "50%",
    "항목_62": "0%",
    "항목_63": "30%",
    "항목_64": "10%",
    "항목_65": "0%",
    "항목_66": "평가참고사항"
  }
}