{
  "기본정보": {
    "항목_0": "1 / 2",
    "항목_1": "전북대학교 강의계획서 (2025년 1학기)",
    "항목_2": "교과목 코드",
    "항목_3": "E-mail",
    "항목_4": "sk.yoon@jbnu.ac.kr",
    "항목_5": "전공선택",
    "항목_6": "연구실",
    "항목_7": "공대 7호관 609호",
    "항목_8": "담당교수명",
    "항목_9": "연락처",
    "항목_10": "윤수경",
    "항목_11": "063-270-3499",
    "항목_12": "1",
    "항목_13": "3",
    "항목_14": "0000117107",
    "항목_15": "학점",
    "항목_16": "분반",
    "항목_17": "교과목 구분",
    "항목_18": "교과목명",
    "항목_19": "임베디드시스템",
    "항목_20": "학과/학년",
    "항목_21": "컴퓨터공학부 4,IT정보공학과 4,컴퓨터공학부(컴퓨터) 4,컴퓨터인공지능",
    "항목_22": "상담가능시간",
    "항목_23": "이메일 연락 후 가능한 시간에 방문",
    "항목_24": "1. 강의 기본정보",
    "항목_25": "강의실",
    "전주": "공과대학 7호관 202",
    "항목_27": "요일/시간",
    "항목_28": "화 9-A,화 9-B,화 10-A,화 10-B,화 11-A,화 11-B",
    "항목_29": "수업목표",
    "본 수업은 임베디드 시스템(내장형 시스템)의 내부 구성 요소와 그 동작 방법에 대한 기본 개념을 소개 하고 임베디드 시스템의 구동 및 제어 방법을 실습한다. 이를 위해 다양한 유형의 IoT 디바이스를 직접 개발 할 수 있는 초소형 컴퓨터인 라즈베리파이를 활용하여 다양한 센서와 액추에이터들을 직접 제어 할 수 있는 프로그래밍 기법을 익힌다. 이를 통해 임베디드 컴퓨팅에 대한 전반적인 이해 뿐만 아니라, 임베디드 컴퓨팅을 활용한 다양한 IoT 디바이스를 직접 제작할 수 있는 능력을 배양한다. \n강의 초반에는 임베디드 시스템의 주요 부분에 대한 개괄적인 내용을 습득하고, 이후 파이썬 언어에 대한 수업이 진행된다. 중간 고사 이후에는 라즈베리 파이를 이용하여 초음파 센서, 온도 센서 등 다양한 센서를 통해 현실세계의 데이터를 직접 입력 받아 이를 통해 액추에이터가 원하는 동작을 수행 할 수 있는 임베디드 프로그램을 직접 작성하고, 이를 이용하여 다양한 유형의 IoT 디바이스 제작 프로젝트를 수행한다.\n\n** 모든 수업 자료 및 공지사항은 LMS (https": "//ieilms.jbnu.ac.kr/)를 활용합니다.\n** J-Edutools  활용 예정"
  },
  "평가방법": {
    "항목_0": "A(%)",
    "항목_1": "A+B(%)",
    "항목_2": "C이하(%)",
    "항목_3": "총비율",
    "항목_4": "40",
    "항목_5": "80",
    "항목_6": "20",
    "항목_7": "100%",
    "항목_8": "절대평가 기준",
    "항목_9": "상대평가 비율",
    "항목_10": "상대평가Ⅱ",
    "항목_11": "- 강의",
    "항목_12": "√",
    "항목_13": "√",
    "기타": "",
    "항목_15": "- 과제",
    "항목_16": "√",
    "항목_17": "√",
    "항목_18": "* 장애학생 교수학습지원 사항",
    "항목_19": "- 평가",
    "항목_20": "√",
    "항목_21": "√",
    "항목_22": "참고\n사항",
    "항목_23": "강의 파일, 자료 등 제공",
    "항목_24": "좌석배치(지정좌석) 조정",
    "항목_25": "과제 제출기한 연장",
    "항목_26": "대안적 과제 제시",
    "항목_27": "시험시간 연장",
    "항목_28": "별도의 시험 장소 제공",
    "항목_29": "※ 위 지원사항 등을 포함한 강의, 과제, 시험 등 학습과정에서 장애로 인하여 추가 지원이\n     필요한 경우 개강전 담당강사 및 장애학습 지원센터를 통해 문의 바랍니다.",
    "그 외(필요시 자유로이 추가 기술)": ""
  },
  "핵심역량": {
    "항목_0": "직전강의평가\n및\nCQI반영사항",
    "항목_1": "파이썬 언어 수업 내용 삭제",
    "항목_2": "구분",
    "항목_3": "소통역량",
    "항목_4": "창의역량",
    "항목_5": "인성역량",
    "항목_6": "실무역량",
    "항목_7": "도전역량",
    "항목_8": "문화역량",
    "항목_9": "합계",
    "항목_10": "대표역량",
    "항목_11": "비율(%)",
    "항목_12": "20",
    "항목_13": "30",
    "항목_14": "0",
    "항목_15": "40",
    "항목_16": "10",
    "항목_17": "0",
    "항목_18": "100",
    "항목_19": "교과목간의\n연계성",
    "항목_20": "주교재",
    "항목_21": "IoT 사물인터넷을 위한 라즈베리파이 4 정석",
    "항목_22": "저자",
    "항목_23": "참고자료",
    "Computers as components, 3rdedition by W. Wolf, Morgan Kaufmann, 2012\nIntroduction to computer science using Python": "a computational problem-solving focus, Charles Dierbach, Wiley, 2012",
    "항목_25": "최주호 외 2인",
    "항목_26": "출판사",
    "항목_27": "앤써북",
    "항목_28": "출판년도",
    "항목_29": "2019",
    "항목_30": "교재언어",
    "항목_31": "권장 선수과목",
    "항목_32": "한국어",
    "항목_33": "강의언어",
    "항목_34": "한국어",
    "항목_35": "필요 기자재",
    "항목_36": "** J-Edutools  활용 예정",
    "항목_37": "컴퓨터구조",
    "항목_38": "권장 후수과목",
    "항목_39": "DA",
    "항목_40": "수업방식\n(복수가능√)",
    "항목_41": "강의",
    "항목_42": "발표/토론",
    "항목_43": "PBL",
    "항목_44": "플립러닝",
    "항목_45": "LMS활용",
    "항목_46": "실험실습",
    "항목_47": "기타",
    "항목_48": "√",
    "항목_49": "√",
    "항목_50": "√",
    "항목_51": "√",
    "항목_52": "수업운영방향",
    "항목_53": "평가계획\n(100%)",
    "항목_54": "중간",
    "항목_55": "기말",
    "항목_56": "출석",
    "항목_57": "과제물",
    "항목_58": "안전교육",
    "항목_59": "발표/토론",
    "항목_60": "수업태도",
    "항목_61": "기타",
    "항목_62": "25%",
    "항목_63": "40%",
    "항목_64": "10%",
    "항목_65": "25%",
    "항목_66": "0%",
    "항목_67": "0%",
    "항목_68": "0%",
    "항목_69": "0%",
    "항목_70": "평가참고사항"
  }
}