{
  "기본정보": {
    "항목_0": "1 / 2",
    "항목_1": "전북대학교 강의계획서 (2025년 1학기)",
    "항목_2": "교과목 코드",
    "항목_3": "E-mail",
    "항목_4": "jiseungkim@jbnu.ac.kr",
    "항목_5": "전공선택",
    "항목_6": "연구실",
    "항목_7": "공과대학 7호관 615호",
    "항목_8": "담당교수명",
    "항목_9": "연락처",
    "항목_10": "김지승",
    "항목_11": "063-270-3403",
    "항목_12": "9",
    "항목_13": "3",
    "항목_14": "0000102877",
    "항목_15": "학점",
    "항목_16": "분반",
    "항목_17": "교과목 구분",
    "항목_18": "교과목명",
    "항목_19": "선형대수학",
    "항목_20": "학과/학년",
    "항목_21": "컴퓨터공학부 2,IT정보공학과 2,컴퓨터공학부(컴퓨터) 2,컴퓨터인공지능",
    "항목_22": "상담가능시간",
    "항목_23": "1. 강의 기본정보",
    "항목_24": "강의실",
    "전주": "공과대학 8호관 212",
    "항목_26": "요일/시간",
    "항목_27": "월 3-A,월 3-B,월 4-A,월 4-B,수 3-A,수 3-B",
    "항목_28": "수업목표",
    "항목_29": "선형대수학은 벡터 공간에서의 선형 변환과 행렬 등에 대해 연구하는 대수학의 한 분야로, 자연과학, 공학, 경제학 등 다양한 분야에 널리 적용되고 있다. 본 강좌에서는 선형대수학의 기본 요소인 벡터, 행렬, 선형 변환 등에 대한 개념을 이해하고, 관련 분야의 문제를 해결하는 방법을 학습하여 향후 실제 응용 문제들을 해결해나가는 능력을 기르는 것을 목표로 한다.\n특히, 머신러닝, 딥러닝, 컴퓨터 비전에서 많이 쓰이는 singular value decomposition을 이해하는데 그 목적이 있다."
  },
  "평가방법": {
    "항목_0": "A(%)",
    "항목_1": "A+B(%)",
    "항목_2": "C이하(%)",
    "항목_3": "총비율",
    "항목_4": "40",
    "항목_5": "80",
    "항목_6": "20",
    "항목_7": "100%",
    "항목_8": "절대평가 기준",
    "항목_9": "상대평가 비율",
    "항목_10": "상대평가Ⅱ",
    "항목_11": "- 강의",
    "항목_12": "√",
    "항목_13": "√",
    "기타": "",
    "항목_15": "- 과제",
    "항목_16": "√",
    "항목_17": "√",
    "항목_18": "* 장애학생 교수학습지원 사항",
    "항목_19": "- 평가",
    "항목_20": "√",
    "항목_21": "√",
    "항목_22": "√",
    "항목_23": "참고\n사항",
    "항목_24": "강의 파일, 자료 등 제공",
    "항목_25": "좌석배치(지정좌석) 조정",
    "항목_26": "과제 제출기한 연장",
    "항목_27": "대안적 과제 제시",
    "항목_28": "시험시간 연장",
    "항목_29": "별도의 시험 장소 제공",
    "항목_30": "※ 위 지원사항 등을 포함한 강의, 과제, 시험 등 학습과정에서 장애로 인하여 추가 지원이\n     필요한 경우 개강전 담당강사 및 장애학습 지원센터를 통해 문의 바랍니다.",
    "그 외(필요시 자유로이 추가 기술)": "",
    "항목_32": "주별",
    "항목_33": "수업목표",
    "항목_34": "수업내용",
    "항목_35": "수업방식",
    "항목_36": "주별 강의내용",
    "항목_37": "자료, 과제 및\n기타 참고사항",
    "항목_38": "온라인",
    "항목_39": "오프라인",
    "항목_40": "수업방식별시간"
  },
  "핵심역량": {
    "항목_0": "직전강의평가\n및\nCQI반영사항",
    "항목_1": "해당사항 없음",
    "항목_2": "구분",
    "항목_3": "소통역량",
    "항목_4": "창의역량",
    "항목_5": "인성역량",
    "항목_6": "실무역량",
    "항목_7": "도전역량",
    "항목_8": "문화역량",
    "항목_9": "합계",
    "항목_10": "대표역량",
    "항목_11": "비율(%)",
    "항목_12": "30",
    "항목_13": "30",
    "항목_14": "10",
    "항목_15": "10",
    "항목_16": "10",
    "항목_17": "10",
    "항목_18": "100",
    "항목_19": "교과목간의\n연계성",
    "항목_20": "주교재",
    "항목_21": "Introduction to Linear Algebra (International Fourth Edition)",
    "항목_22": "저자",
    "항목_23": "참고자료",
    "* 주교재": "Gilbert Strang, Introduction to Linear Algebra (International Fourth Edition), Wellesley-Cambridge Press, 2009.\n   - 다른 edition을 참고하여도 무방하나, 일부 내용이 다를 수 있음에 유의바람.\n   - 주교재의 해당 edition: http://www.kyobobook.co.kr/product/detailViewEng.laf?ejkGb=ENG&mallGb=ENG&barcode=9781733146609&orderClick=LEa&Kc=* 추가 참고 자료\n   - Gilbert Strang, Linear Algebra and Its Applications, 4th ed.",
    "항목_25": "Gilbert Strang",
    "항목_26": "출판사",
    "항목_27": "Wellesley-Cambridge Press",
    "항목_28": "출판년도",
    "항목_29": "2009",
    "항목_30": "교재언어",
    "항목_31": "권장 선수과목",
    "항목_32": "영어",
    "항목_33": "강의언어",
    "항목_34": "한국어",
    "항목_35": "필요 기자재",
    "항목_36": "컴퓨터, 빔 프로젝터",
    "항목_37": "벡터, 행렬 등에 대하여 다루어본 경우 수업을 보다 수월하게 들을 가능성이 있으나, 해당 내용에 대하여 본 수업에서",
    "항목_38": "권장 후수과목",
    "항목_39": "DA",
    "항목_40": "수업방식\n(복수가능√)",
    "항목_41": "강의",
    "항목_42": "발표/토론",
    "항목_43": "PBL",
    "항목_44": "플립러닝",
    "항목_45": "LMS활용",
    "항목_46": "실험실습",
    "항목_47": "기타",
    "항목_48": "√",
    "항목_49": "√",
    "항목_50": "√",
    "항목_51": "√",
    "항목_52": "수업운영방향",
    "항목_53": "평가계획\n(100%)",
    "항목_54": "중간",
    "항목_55": "기말",
    "항목_56": "출석",
    "항목_57": "과제물",
    "항목_58": "안전교육",
    "항목_59": "발표/토론",
    "항목_60": "수업태도",
    "항목_61": "기타",
    "항목_62": "35%",
    "항목_63": "35%",
    "항목_64": "10%",
    "항목_65": "20%",
    "항목_66": "0%",
    "항목_67": "0%",
    "항목_68": "0%",
    "항목_69": "0%",
    "항목_70": "평가참고사항",
    "항목_71": "1.시험 일정 (4/28, 6/16 저녁 7시) 2. 플립드 러닝 수업으로 매주 2-3시간의 영상이 올라오며, 이를 토대로 오프라인 수업 진행함. 3. 과제 횟수, 평가 비율 및 기준은 진행상황에 따라 바뀔 수 있음."
  }
}