{
  "기본정보": {
    "항목_0": "1 / 2",
    "항목_1": "전북대학교 강의계획서 (2025년 1학기)",
    "항목_2": "교과목 코드",
    "항목_3": "E-mail",
    "항목_4": "sjhee@jbnu.ac.kr",
    "항목_5": "전공필수",
    "항목_6": "연구실",
    "항목_7": "담당교수명",
    "항목_8": "연락처",
    "항목_9": "송준희",
    "항목_10": "472-2881",
    "항목_11": "1",
    "항목_12": "3",
    "항목_13": "0000100473",
    "항목_14": "학점",
    "항목_15": "분반",
    "항목_16": "교과목 구분",
    "항목_17": "교과목명",
    "항목_18": "고체역학",
    "항목_19": "학과/학년",
    "항목_20": "융합기술공학부(IT융합기전공학)(재) 2",
    "항목_21": "상담가능시간",
    "항목_22": "월, 목, 금 1교시",
    "항목_23": "1. 강의 기본정보",
    "항목_24": "강의실",
    "새만금": "캠퍼스관 309",
    "항목_26": "요일/시간",
    "항목_27": "월 10-A,월 10-B,월 11-A,월 11-B,월 12-A,월 12-B",
    "항목_28": "수업목표",
    "항목_29": "고체역학은 기계장치나 구조물을 설계하는데 있어서 부재의 강도 및 변형과 관련된 기본적인 정보를 제공한다. 기계장치나 구조물의 부재들은 다양한 형식의 하중에 의해 변형을 일으킨다. 재료의 변형은 사용소재의 종류에 따라 다르므로 구조부재의 안전성은 해당 소재의 응력-변형률 관계를 명확하게 정립하는 것으로부터 시작된다. 본 교과목은 하중조건에 따른 응력-변형률 관계를 설정하여 설계의 기본지식 확립을 목표로 하고 있다."
  },
  "평가방법": {
    "항목_0": "A(%)",
    "항목_1": "A+B(%)",
    "항목_2": "C이하(%)",
    "항목_3": "총비율",
    "항목_4": "0",
    "항목_5": "0",
    "항목_6": "0",
    "항목_7": "100%",
    "항목_8": "절대평가 기준",
    "항목_9": "상대평가 비율",
    "항목_10": "상대평가Ⅰ(A40%)",
    "항목_11": "- 강의",
    "항목_12": "√",
    "항목_13": "√",
    "기타": "",
    "항목_15": "- 과제",
    "항목_16": "* 장애학생 교수학습지원 사항",
    "항목_17": "- 평가",
    "항목_18": "참고\n사항",
    "항목_19": "강의 파일, 자료 등 제공",
    "항목_20": "좌석배치(지정좌석) 조정",
    "항목_21": "과제 제출기한 연장",
    "항목_22": "대안적 과제 제시",
    "항목_23": "시험시간 연장",
    "항목_24": "별도의 시험 장소 제공",
    "항목_25": "※ 위 지원사항 등을 포함한 강의, 과제, 시험 등 학습과정에서 장애로 인하여 추가 지원이\n     필요한 경우 개강전 담당강사 및 장애학습 지원센터를 통해 문의 바랍니다.",
    "그 외(필요시 자유로이 추가 기술)": "",
    "항목_27": "주별",
    "항목_28": "수업목표",
    "항목_29": "수업내용",
    "항목_30": "수업방식",
    "항목_31": "주별 강의내용",
    "항목_32": "자료, 과제 및\n기타 참고사항",
    "항목_33": "온라인",
    "항목_34": "오프라인",
    "항목_35": "수업방식별시간"
  },
  "핵심역량": {
    "항목_0": "직전강의평가\n및\nCQI반영사항",
    "항목_1": "반영사항 없음.",
    "항목_2": "구분",
    "항목_3": "소통역량",
    "항목_4": "창의역량",
    "항목_5": "인성역량",
    "항목_6": "실무역량",
    "항목_7": "도전역량",
    "항목_8": "문화역량",
    "항목_9": "합계",
    "항목_10": "대표역량",
    "항목_11": "비율(%)",
    "항목_12": "40",
    "항목_13": "40",
    "항목_14": "0",
    "항목_15": "0",
    "항목_16": "20",
    "항목_17": "0",
    "항목_18": "100",
    "항목_19": "교과목간의\n연계성",
    "항목_20": "주교재",
    "항목_21": "(Gere의 핵심) 재료역학",
    "항목_22": "저자",
    "항목_23": "참고자료",
    "항목_24": "- Beer의 재료역학,  McGraw-Hill Korea\n- 재료역학(Mechanics of Materials), 황충렬외 2인 공역, 반도출판사, 2008\n- 재료역학, 손세원외 5인 공저, 두양사, 2010\n- 컴퓨터원용 고체역학, 임재규외 3인 공역, 시그마프레스, 2011",
    "항목_25": "이종원",
    "항목_26": "출판사",
    "항목_27": "북스힐",
    "항목_28": "출판년도",
    "항목_29": "2017",
    "항목_30": "교재언어",
    "항목_31": "권장 선수과목",
    "항목_32": "한국어",
    "항목_33": "강의언어",
    "항목_34": "한국어",
    "항목_35": "필요 기자재",
    "항목_36": "컴퓨터, 암막, LCD프로젝터",
    "항목_37": "물리학, 수학, 정역학(공업역학)",
    "항목_38": "권장 후수과목",
    "항목_39": "DA",
    "항목_40": "수업방식\n(복수가능√)",
    "항목_41": "강의",
    "항목_42": "발표/토론",
    "항목_43": "PBL",
    "항목_44": "플립러닝",
    "항목_45": "LMS활용",
    "항목_46": "실험실습",
    "항목_47": "기타",
    "항목_48": "√",
    "항목_49": "√",
    "항목_50": "√",
    "항목_51": "수업운영방향",
    "항목_52": "평가계획\n(100%)",
    "항목_53": "중간",
    "항목_54": "기말",
    "항목_55": "출석",
    "항목_56": "과제물",
    "항목_57": "안전교육",
    "항목_58": "발표/토론",
    "항목_59": "수업태도",
    "항목_60": "기타",
    "항목_61": "30%",
    "항목_62": "40%",
    "항목_63": "10%",
    "항목_64": "20%",
    "항목_65": "0%",
    "항목_66": "0%",
    "항목_67": "0%",
    "항목_68": "0%",
    "항목_69": "평가참고사항"
  }
}