{
  "기본정보": {
    "항목_0": "1 / 2",
    "항목_1": "전북대학교 강의계획서 (2025년 1학기)",
    "항목_2": "교과목 코드",
    "항목_3": "E-mail",
    "항목_4": "ytjung@jbnu.ac.kr",
    "항목_5": "전공선택",
    "항목_6": "연구실",
    "항목_7": "4319",
    "항목_8": "담당교수명",
    "항목_9": "연락처",
    "항목_10": "정영태",
    "항목_11": "2480",
    "항목_12": "1",
    "항목_13": "3",
    "항목_14": "0000101114",
    "항목_15": "학점",
    "항목_16": "분반",
    "항목_17": "교과목 구분",
    "항목_18": "교과목명",
    "항목_19": "기구학",
    "항목_20": "학과/학년",
    "항목_21": "기계시스템 3,기계시스템(응용기계) 3,기계시스템(정밀기계) 3",
    "항목_22": "상담가능시간",
    "항목_23": "TBD",
    "항목_24": "1. 강의 기본정보",
    "항목_25": "강의실",
    "전주": "공과대학 8호관 406 전주:공과대학 3호관 403",
    "항목_27": "요일/시간",
    "항목_28": "화 8-A,화 8-B,화 9-A,화 9-B,목 6-A,목 6-B",
    "항목_29": "수업목표",
    "항목_30": "기구학은 기구들간의 상호 운동에 의해 생성되는 위치, 속도, 가속도와 이러한 움직임의 영향을 분석하고, 기구들이 우리가 원하는대로 움직일 수 있도록 설계하는 학문입니다. 복잡한 링크과 관절들이 엮여있는 자동차의 엔진과 조향장치, 로봇 팔의 링크와 관절의 움직임 등 다양한 기계 시스템들의 기구부 설계 및 분석에 기구학적 지식이 반드시 필요합니다. 본 수업에서 배우는 내용을 통하여 이러한 다양한 시스템들에 쓰일 수 있는 기구 메커니즘의 설계 및 분석 능력을 기르는것을 목표로 합니다."
  },
  "평가방법": {
    "항목_0": "A(%)",
    "항목_1": "A+B(%)",
    "항목_2": "C이하(%)",
    "항목_3": "총비율",
    "항목_4": "30",
    "항목_5": "90",
    "항목_6": "10",
    "항목_7": "100%",
    "항목_8": "절대평가 기준",
    "항목_9": "상대평가 비율",
    "항목_10": "상대평가Ⅱ",
    "항목_11": "- 강의",
    "항목_12": "√",
    "항목_13": "√",
    "기타": "",
    "항목_15": "- 과제",
    "항목_16": "* 장애학생 교수학습지원 사항",
    "항목_17": "- 평가",
    "항목_18": "√",
    "항목_19": "참고\n사항",
    "항목_20": "강의 파일, 자료 등 제공",
    "항목_21": "좌석배치(지정좌석) 조정",
    "항목_22": "과제 제출기한 연장",
    "항목_23": "대안적 과제 제시",
    "항목_24": "시험시간 연장",
    "항목_25": "별도의 시험 장소 제공",
    "항목_26": "※ 위 지원사항 등을 포함한 강의, 과제, 시험 등 학습과정에서 장애로 인하여 추가 지원이\n     필요한 경우 개강전 담당강사 및 장애학습 지원센터를 통해 문의 바랍니다.",
    "그 외(필요시 자유로이 추가 기술)": "",
    "항목_28": "주별",
    "항목_29": "수업목표",
    "항목_30": "수업내용",
    "항목_31": "수업방식",
    "항목_32": "주별 강의내용",
    "항목_33": "자료, 과제 및\n기타 참고사항",
    "항목_34": "온라인",
    "항목_35": "오프라인",
    "항목_36": "수업방식별시간",
    "항목_37": "1주",
    "항목_38": "기구학 Overview",
    "항목_39": "평가/강의"
  },
  "핵심역량": {
    "항목_0": "직전강의평가\n및\nCQI반영사항",
    "항목_1": "계산 과정이 어렵다는 의견이 많아, 기초부터 차근차근 진도를 나아갈 예정입니다.",
    "항목_2": "구분",
    "항목_3": "소통역량",
    "항목_4": "창의역량",
    "항목_5": "인성역량",
    "항목_6": "실무역량",
    "항목_7": "도전역량",
    "항목_8": "문화역량",
    "항목_9": "합계",
    "항목_10": "대표역량",
    "항목_11": "비율(%)",
    "항목_12": "20",
    "항목_13": "50",
    "항목_14": "10",
    "항목_15": "20",
    "항목_16": "0",
    "항목_17": "0",
    "항목_18": "100",
    "항목_19": "교과목간의\n연계성",
    "항목_20": "주교재",
    "항목_21": "저자",
    "항목_22": "참고자료",
    "항목_23": "Robert L. Norton 저 / 신동원, 김진호, 이일재 공역",
    "항목_24": "출판사",
    "항목_25": "McGraw-Hill Education Korea",
    "항목_26": "출판년도",
    "항목_27": "2021",
    "항목_28": "교재언어",
    "항목_29": "권장 선수과목",
    "항목_30": "한국어",
    "항목_31": "강의언어",
    "항목_32": "한국어",
    "항목_33": "필요 기자재",
    "항목_34": "권장 후수과목",
    "항목_35": "DA",
    "항목_36": "수업방식\n(복수가능√)",
    "항목_37": "강의",
    "항목_38": "발표/토론",
    "항목_39": "PBL",
    "항목_40": "플립러닝",
    "항목_41": "LMS활용",
    "항목_42": "실험실습",
    "항목_43": "기타",
    "항목_44": "√",
    "항목_45": "√",
    "항목_46": "수업운영방향",
    "항목_47": "평가계획\n(100%)",
    "항목_48": "중간",
    "항목_49": "기말",
    "항목_50": "출석",
    "항목_51": "과제물",
    "항목_52": "안전교육",
    "항목_53": "발표/토론",
    "항목_54": "수업태도",
    "항목_55": "기타",
    "항목_56": "30%",
    "항목_57": "50%",
    "항목_58": "0%",
    "항목_59": "5%",
    "항목_60": "0%",
    "항목_61": "%",
    "항목_62": "%",
    "항목_63": "%",
    "항목_64": "평가참고사항"
  }
}