{
  "기본정보": {
    "항목_0": "1 / 2",
    "항목_1": "전북대학교 강의계획서 (2025년 1학기)",
    "항목_2": "교과목 코드",
    "항목_3": "E-mail",
    "항목_4": "carisis@jbnu.ac.kr",
    "항목_5": "전공선택",
    "항목_6": "연구실",
    "항목_7": "7호관 527호",
    "항목_8": "담당교수명",
    "항목_9": "연락처",
    "항목_10": "김찬기",
    "항목_11": "0632704659",
    "항목_12": "1",
    "항목_13": "3",
    "항목_14": "0000121394",
    "항목_15": "학점",
    "항목_16": "분반",
    "항목_17": "교과목 구분",
    "항목_18": "교과목명",
    "항목_19": "논리설계",
    "항목_20": "학과/학년",
    "항목_21": "컴퓨터공학부 2,IT정보공학과 2,컴퓨터공학부(컴퓨터) 2,컴퓨터인공지능",
    "항목_22": "상담가능시간",
    "항목_23": "월요일 오후 2시-6시(상담 전 반드시 연락 요망)",
    "항목_24": "1. 강의 기본정보",
    "항목_25": "강의실",
    "전주": "공과대학 7호관 302",
    "항목_27": "요일/시간",
    "항목_28": "수 4-A,수 4-B,금 3-A,금 3-B,금 4-A,금 4-B",
    "항목_29": "수업목표",
    "항목_30": "해당 강의는 컴퓨터 시스템을 구성하는 디지털 회로의 기초 구성을 이해한다. 이를 바탕으로, 디지털 회로의 최적화 알고리즘, 주요 구성을 학습한다, 프로그래밍 언어를 통해 목적에 맞는 디지털 회로를 설계하는 방법을 알아본다."
  },
  "평가방법": {
    "항목_0": "A(%)",
    "항목_1": "A+B(%)",
    "항목_2": "C이하(%)",
    "항목_3": "총비율",
    "항목_4": "40",
    "항목_5": "80",
    "항목_6": "20",
    "항목_7": "100%",
    "항목_8": "절대평가 기준",
    "항목_9": "상대평가 비율",
    "항목_10": "상대평가Ⅱ",
    "항목_11": "- 강의",
    "항목_12": "√",
    "기타": "",
    "항목_14": "- 과제",
    "항목_15": "* 장애학생 교수학습지원 사항",
    "항목_16": "- 평가",
    "항목_17": "참고\n사항",
    "항목_18": "강의 파일, 자료 등 제공",
    "항목_19": "좌석배치(지정좌석) 조정",
    "항목_20": "과제 제출기한 연장",
    "항목_21": "대안적 과제 제시",
    "항목_22": "시험시간 연장",
    "항목_23": "별도의 시험 장소 제공",
    "항목_24": "※ 위 지원사항 등을 포함한 강의, 과제, 시험 등 학습과정에서 장애로 인하여 추가 지원이\n     필요한 경우 개강전 담당강사 및 장애학습 지원센터를 통해 문의 바랍니다.",
    "그 외(필요시 자유로이 추가 기술)": "",
    "항목_26": "주별",
    "항목_27": "수업목표",
    "항목_28": "수업내용",
    "항목_29": "수업방식",
    "항목_30": "주별 강의내용",
    "항목_31": "자료, 과제 및\n기타 참고사항",
    "항목_32": "온라인",
    "항목_33": "오프라인",
    "항목_34": "수업방식별시간",
    "항목_35": "1주",
    "Introduction": "Number Systems and Conversion",
    "항목_37": "대면 강의"
  },
  "핵심역량": {
    "항목_0": "직전강의평가\n및\nCQI반영사항",
    "항목_1": "특이 사항 없음",
    "항목_2": "구분",
    "항목_3": "소통역량",
    "항목_4": "창의역량",
    "항목_5": "인성역량",
    "항목_6": "실무역량",
    "항목_7": "도전역량",
    "항목_8": "문화역량",
    "항목_9": "합계",
    "항목_10": "대표역량",
    "항목_11": "비율(%)",
    "항목_12": "0",
    "항목_13": "30",
    "항목_14": "20",
    "항목_15": "30",
    "항목_16": "20",
    "항목_17": "0",
    "항목_18": "100",
    "항목_19": "교과목간의\n연계성",
    "항목_20": "주교재",
    "Fundamentals of logic design": "Enhanced 7th edition, 7판, 2020년",
    "항목_22": "저자",
    "항목_23": "참고자료",
    "항목_24": "수업은 영어 원서를 기준으로 하며(수업은 한국어로 진행), 현 최신 번역판(7판, 17년)을 같이 활용하여도 내용 이해에는 무리가 없으나,\n내용 및 숙제의 내용이 원서와 일치하지 않는 문제가 있을 수 있음",
    "항목_25": "Jr. Charles H. Roth, Larry L Kinney, and Eugene B. John",
    "항목_26": "출판사",
    "항목_27": "Cengage Learning",
    "항목_28": "출판년도",
    "항목_29": "2020",
    "항목_30": "교재언어",
    "항목_31": "권장 선수과목",
    "항목_32": "영어",
    "항목_33": "강의언어",
    "항목_34": "한국어",
    "항목_35": "필요 기자재",
    "항목_36": "권장 후수과목",
    "항목_37": "DA",
    "항목_38": "수업방식\n(복수가능√)",
    "항목_39": "강의",
    "항목_40": "발표/토론",
    "항목_41": "PBL",
    "항목_42": "플립러닝",
    "항목_43": "LMS활용",
    "항목_44": "실험실습",
    "항목_45": "기타",
    "항목_46": "√",
    "항목_47": "√",
    "항목_48": "수업운영방향",
    "항목_49": "평가계획\n(100%)",
    "항목_50": "중간",
    "항목_51": "기말",
    "항목_52": "출석",
    "항목_53": "과제물",
    "항목_54": "안전교육",
    "항목_55": "발표/토론",
    "항목_56": "수업태도",
    "항목_57": "기타",
    "항목_58": "30%",
    "항목_59": "30%",
    "항목_60": "10%",
    "항목_61": "30%",
    "항목_62": "0%",
    "항목_63": "0%",
    "항목_64": "0%",
    "항목_65": "0%",
    "항목_66": "평가참고사항"
  }
}