{
  "기본정보": {
    "항목_0": "1 / 2",
    "항목_1": "전북대학교 강의계획서 (2025년 1학기)",
    "항목_2": "교과목 코드",
    "항목_3": "E-mail",
    "항목_4": "kd.lee@snu.ac.kr",
    "항목_5": "전공필수",
    "항목_6": "연구실",
    "항목_7": "공대 9호관 203호",
    "항목_8": "담당교수명",
    "항목_9": "연락처",
    "항목_10": "이강덕",
    "항목_11": "01063734081",
    "항목_12": "1",
    "항목_13": "3",
    "항목_14": "0000128980",
    "항목_15": "학점",
    "항목_16": "분반",
    "항목_17": "교과목 구분",
    "항목_18": "교과목명",
    "항목_19": "항공역학심화",
    "항목_20": "학과/학년",
    "항목_21": "항공우주공 3",
    "항목_22": "상담가능시간",
    "수 17": "00~18:00",
    "항목_24": "1. 강의 기본정보",
    "항목_25": "강의실",
    "전주": "공과대학 9호관 203",
    "항목_27": "요일/시간",
    "항목_28": "수 2-A,수 2-B,수 3-A,수 3-B,수 4-A,수 4-B",
    "항목_29": "수업목표",
    "항목_30": "항공역학의 기본 개념, 유동의 지배방정식, 유선 및 포텐셜 흐름 이론, source, doublet, vortex flow, Kutta-Joukowski Theorem, Kutta 조건, 순환이론, 에어포일의 종류 및 공력 특성, 날개주위의 비압축성 흐름, 유한날개(3차원 날개) 이론, 등을 소개하며, 비행기의 날개에 대한 공력지식을 강의하고 비행기에 작용하는 양력과 항력의 물리적인 기초 개념을 습득하도록 한다."
  },
  "평가방법": {
    "항목_0": "A(%)",
    "항목_1": "A+B(%)",
    "항목_2": "C이하(%)",
    "항목_3": "총비율",
    "항목_4": "100%",
    "항목_5": "절대평가 기준",
    "항목_6": "상대평가 비율",
    "항목_7": "상대평가Ⅰ(A30%)",
    "항목_8": "- 강의",
    "항목_9": "√",
    "기타": "",
    "항목_11": "- 과제",
    "항목_12": "* 장애학생 교수학습지원 사항",
    "항목_13": "- 평가",
    "항목_14": "√",
    "항목_15": "참고\n사항",
    "항목_16": "강의 파일, 자료 등 제공",
    "항목_17": "좌석배치(지정좌석) 조정",
    "항목_18": "과제 제출기한 연장",
    "항목_19": "대안적 과제 제시",
    "항목_20": "시험시간 연장",
    "항목_21": "별도의 시험 장소 제공",
    "항목_22": "※ 위 지원사항 등을 포함한 강의, 과제, 시험 등 학습과정에서 장애로 인하여 추가 지원이\n     필요한 경우 개강전 담당강사 및 장애학습 지원센터를 통해 문의 바랍니다.",
    "그 외(필요시 자유로이 추가 기술)": "",
    "항목_24": "주별",
    "항목_25": "수업목표",
    "항목_26": "수업내용",
    "항목_27": "수업방식",
    "항목_28": "주별 강의내용",
    "항목_29": "자료, 과제 및\n기타 참고사항",
    "항목_30": "온라인",
    "항목_31": "오프라인",
    "항목_32": "수업방식별시간",
    "항목_33": "1주",
    "항목_34": "과목소개, 공기역학의 응용 분야",
    "항목_35": "강의"
  },
  "핵심역량": {
    "항목_0": "직전강의평가\n및\nCQI반영사항",
    "항목_1": "해당없음",
    "항목_2": "구분",
    "항목_3": "소통역량",
    "항목_4": "창의역량",
    "항목_5": "인성역량",
    "항목_6": "실무역량",
    "항목_7": "도전역량",
    "항목_8": "문화역량",
    "항목_9": "합계",
    "항목_10": "대표역량",
    "항목_11": "비율(%)",
    "항목_12": "30",
    "항목_13": "30",
    "항목_14": "0",
    "항목_15": "30",
    "항목_16": "10",
    "항목_17": "0",
    "항목_18": "100",
    "항목_19": "교과목간의\n연계성",
    "항목_20": "주교재",
    "항목_21": "저자",
    "항목_22": "참고자료",
    "항목_23": "Jphn D. Anderson Jr.",
    "항목_24": "출판사",
    "항목_25": "텍스트북스",
    "항목_26": "출판년도",
    "항목_27": "2011",
    "항목_28": "교재언어",
    "항목_29": "권장 선수과목",
    "항목_30": "강의언어",
    "항목_31": "한국어",
    "항목_32": "필요 기자재",
    "항목_33": "항공우주공학개론및기초설계, 창의적공학설계입문",
    "항목_34": "권장 후수과목",
    "항목_35": "DA",
    "항목_36": "수업방식\n(복수가능√)",
    "항목_37": "강의",
    "항목_38": "발표/토론",
    "항목_39": "PBL",
    "항목_40": "플립러닝",
    "항목_41": "LMS활용",
    "항목_42": "실험실습",
    "항목_43": "기타",
    "항목_44": "√",
    "항목_45": "수업운영방향",
    "항목_46": "평가계획\n(100%)",
    "항목_47": "중간",
    "항목_48": "기말",
    "항목_49": "출석",
    "항목_50": "과제물",
    "항목_51": "안전교육",
    "항목_52": "발표/토론",
    "항목_53": "수업태도",
    "항목_54": "기타",
    "항목_55": "30%",
    "항목_56": "30%",
    "항목_57": "10%",
    "항목_58": "15%",
    "항목_59": "%",
    "항목_60": "%",
    "항목_61": "5%",
    "항목_62": "%",
    "항목_63": "평가참고사항"
  }
}