{
  "기본정보": {
    "항목_0": "1 / 2",
    "항목_1": "전북대학교 강의계획서 (2025년 1학기)",
    "항목_2": "교과목 코드",
    "항목_3": "E-mail",
    "항목_4": "kjinsoo@jbnu.ac.kr",
    "항목_5": "전공선택",
    "항목_6": "연구실",
    "항목_7": "공과대학 4호관 4104호",
    "항목_8": "담당교수명",
    "항목_9": "연락처",
    "항목_10": "김진수",
    "항목_11": "063-270-2291",
    "항목_12": "1",
    "항목_13": "3",
    "항목_14": "0000117323",
    "항목_15": "학점",
    "항목_16": "분반",
    "항목_17": "교과목 구분",
    "항목_18": "교과목명",
    "항목_19": "전기전자회로",
    "항목_20": "학과/학년",
    "항목_21": "신소재(정보소재) 2",
    "항목_22": "상담가능시간",
    "항목_23": "금요일 오후 4시~6시",
    "항목_24": "1. 강의 기본정보",
    "항목_25": "강의실",
    "전주": "공과대학 4호관 418",
    "항목_27": "요일/시간",
    "항목_28": "화 1-A,화 1-B,화 2-A,화 2-B,목 3-A,목 3-B",
    "항목_29": "수업목표",
    "항목_30": "신소재공학을 전공으로 하는 학생을 주 대상으로 전기/전자/정보 소재 및 소자의 동작특성을 회로의 관점에서 이해하고 학습한다. 이러한 과정을 통해 부품/소재와 응용분야의 연관성을 이해하고 안목을 넓히는 것을 학습목표로 한다."
  },
  "평가방법": {
    "항목_0": "A(%)",
    "항목_1": "A+B(%)",
    "항목_2": "C이하(%)",
    "항목_3": "총비율",
    "항목_4": "0",
    "항목_5": "0",
    "항목_6": "0",
    "항목_7": "100%",
    "항목_8": "절대평가 기준",
    "항목_9": "상대평가 비율",
    "항목_10": "1. 전기/전자/정보 소재 및 소자의 동작특성을 회로의 관점에서 이해\n2. 신호처리/연산/표시 등 응용의 관점에서 소재/소자 특성 이해",
    "항목_11": "절대평가",
    "항목_12": "- 강의",
    "항목_13": "√",
    "기타": "",
    "항목_15": "- 과제",
    "항목_16": "√",
    "항목_17": "* 장애학생 교수학습지원 사항",
    "항목_18": "- 평가",
    "항목_19": "√",
    "항목_20": "참고\n사항",
    "항목_21": "강의 파일, 자료 등 제공",
    "항목_22": "좌석배치(지정좌석) 조정",
    "항목_23": "과제 제출기한 연장",
    "항목_24": "대안적 과제 제시",
    "항목_25": "시험시간 연장",
    "항목_26": "별도의 시험 장소 제공",
    "항목_27": "※ 위 지원사항 등을 포함한 강의, 과제, 시험 등 학습과정에서 장애로 인하여 추가 지원이\n     필요한 경우 개강전 담당강사 및 장애학습 지원센터를 통해 문의 바랍니다.",
    "그 외(필요시 자유로이 추가 기술)": "",
    "항목_29": "주별",
    "항목_30": "수업목표",
    "항목_31": "수업내용",
    "항목_32": "수업방식",
    "항목_33": "주별 강의내용",
    "항목_34": "자료, 과제 및\n기타 참고사항",
    "항목_35": "온라인",
    "항목_36": "오프라인",
    "항목_37": "수업방식별시간",
    "항목_38": "1주",
    "항목_39": "신소재공학분야에서 전기전자회로공학의 의미",
    "항목_40": "설문조사/ 이론강의",
    "항목_41": "PPT활용 및 판서"
  },
  "핵심역량": {
    "항목_0": "직전강의평가\n및\nCQI반영사항",
    "항목_1": "- '기초학력평가 분석결과'를 바탕으로 수강학생 수준에 맞추어 강의를 진행하여 학습 효율을 높이고자 함\n- 서면상담 및 직접 개인상담을 통해 수강학생의 강의 이해도를 파악하고 개선하고자 함 \n- 수업 시작 전에 진행 한 'Review'에 대해 만족도가 높은 것으로 파악되어, 2023학년도 1학기에도 활용하고자 함\n- 수업을 비대면/대면 강의를 혼용하여 진행 하였으며, 대면 강의에 대한 만족도가 높은 것으로 파악 됨. 강의는 '대면'으로 진행할 계획이며, 필요한 경우 '비대면' 활용 예정",
    "항목_2": "구분",
    "항목_3": "소통역량",
    "항목_4": "창의역량",
    "항목_5": "인성역량",
    "항목_6": "실무역량",
    "항목_7": "도전역량",
    "항목_8": "문화역량",
    "항목_9": "합계",
    "항목_10": "대표역량",
    "항목_11": "비율(%)",
    "항목_12": "20",
    "항목_13": "30",
    "항목_14": "10",
    "항목_15": "20",
    "항목_16": "10",
    "항목_17": "10",
    "항목_18": "100",
    "항목_19": "교과목간의\n연계성",
    "항목_20": "주교재",
    "항목_21": "회로이론",
    "항목_22": "저자",
    "항목_23": "참고자료",
    "참고도서": "(1) 전자회로 (강문상 외 7인, 홍릉과학, Electronic Devices by Thomas L. Floyd)\n(2) 회로해석 (임재탁 외 2인, 사이텍미디어, Basic Electric Circuit Analysis by D. E. Johnson)",
    "항목_25": "박병훈 외 4인",
    "항목_26": "출판사",
    "항목_27": "성진미디어",
    "항목_28": "출판년도",
    "항목_29": "2015",
    "항목_30": "교재언어",
    "항목_31": "권장 선수과목",
    "항목_32": "한국어",
    "항목_33": "강의언어",
    "항목_34": "한국어",
    "항목_35": "필요 기자재",
    "항목_36": "일반물리학",
    "항목_37": "권장 후수과목",
    "항목_38": "DA",
    "항목_39": "수업방식\n(복수가능√)",
    "항목_40": "강의",
    "항목_41": "발표/토론",
    "항목_42": "PBL",
    "항목_43": "플립러닝",
    "항목_44": "LMS활용",
    "항목_45": "실험실습",
    "항목_46": "기타",
    "항목_47": "√",
    "항목_48": "√",
    "항목_49": "수업운영방향",
    "항목_50": "평가계획\n(100%)",
    "항목_51": "중간",
    "항목_52": "기말",
    "항목_53": "출석",
    "항목_54": "과제물",
    "항목_55": "안전교육",
    "항목_56": "발표/토론",
    "항목_57": "수업태도",
    "항목_58": "기타",
    "항목_59": "35%",
    "항목_60": "35%",
    "항목_61": "10%",
    "항목_62": "10%",
    "항목_63": "0%",
    "항목_64": "0%",
    "항목_65": "10%",
    "항목_66": "0%",
    "항목_67": "평가참고사항"
  }
}