{
  "기본정보": {
    "항목_0": "1 / 2",
    "항목_1": "전북대학교 강의계획서 (2025년 1학기)",
    "항목_2": "교과목 코드",
    "항목_3": "E-mail",
    "항목_4": "hkseo@jbnu.ac.kr",
    "항목_5": "전공필수",
    "항목_6": "연구실",
    "항목_7": "공대6호관 125호",
    "항목_8": "담당교수명",
    "항목_9": "연락처",
    "항목_10": "서형기",
    "항목_11": "270-4097",
    "항목_12": "3",
    "항목_13": "3",
    "항목_14": "0000102077",
    "항목_15": "학점",
    "항목_16": "분반",
    "항목_17": "교과목 구분",
    "항목_18": "교과목명",
    "항목_19": "물리화학 1",
    "항목_20": "학과/학년",
    "항목_21": "화학공학부 2,화공부(생명) 2,화공부(나노) 2,화공부(에너지) 2",
    "항목_22": "상담가능시간",
    "항목_23": "Wed 10-12",
    "항목_24": "1. 강의 기본정보",
    "항목_25": "강의실",
    "전주": "공과대학 6호관 B11",
    "항목_27": "요일/시간",
    "항목_28": "화 8-A,화 8-B,화 9-A,화 9-B,목 7-A,목 7-B",
    "항목_29": "수업목표",
    "항목_30": "This subject deals with both chemical thermodynamics and phase changes. The principal emphasis is on equilibrium thermodynamics and also the introduction of phase diagrams is quite extensive. There will be three lectures per week and the regularly scheduled mid-term and final exams will be given."
  },
  "평가방법": {
    "항목_0": "A(%)",
    "항목_1": "A+B(%)",
    "항목_2": "C이하(%)",
    "항목_3": "총비율",
    "항목_4": "40",
    "항목_5": "80",
    "항목_6": "20",
    "항목_7": "100%",
    "항목_8": "절대평가 기준",
    "항목_9": "상대평가 비율",
    "항목_10": "상대평가Ⅱ",
    "항목_11": "- 강의",
    "항목_12": "√",
    "항목_13": "√",
    "항목_14": "√",
    "기타": "",
    "항목_16": "- 과제",
    "항목_17": "* 장애학생 교수학습지원 사항",
    "항목_18": "- 평가",
    "항목_19": "√",
    "항목_20": "참고\n사항",
    "항목_21": "강의 파일, 자료 등 제공",
    "항목_22": "좌석배치(지정좌석) 조정",
    "항목_23": "과제 제출기한 연장",
    "항목_24": "대안적 과제 제시",
    "항목_25": "시험시간 연장",
    "항목_26": "별도의 시험 장소 제공",
    "항목_27": "※ 위 지원사항 등을 포함한 강의, 과제, 시험 등 학습과정에서 장애로 인하여 추가 지원이\n     필요한 경우 개강전 담당강사 및 장애학습 지원센터를 통해 문의 바랍니다.",
    "그 외(필요시 자유로이 추가 기술)": "",
    "항목_29": "주별",
    "항목_30": "수업목표",
    "항목_31": "수업내용",
    "항목_32": "수업방식",
    "항목_33": "주별 강의내용",
    "항목_34": "자료, 과제 및\n기타 참고사항",
    "항목_35": "온라인",
    "항목_36": "오프라인",
    "항목_37": "수업방식별시간",
    "항목_38": "1주",
    "항목_39": "General Introduction of the course & Ch.1. Fundamental Concepts of Thermodynamics",
    "항목_40": "lecture"
  },
  "핵심역량": {
    "항목_0": "직전강의평가\n및\nCQI반영사항",
    "항목_1": "학생 의견을 반영하여 강의자료 업데이트함",
    "항목_2": "구분",
    "항목_3": "소통역량",
    "항목_4": "창의역량",
    "항목_5": "인성역량",
    "항목_6": "실무역량",
    "항목_7": "도전역량",
    "항목_8": "문화역량",
    "항목_9": "합계",
    "항목_10": "대표역량",
    "항목_11": "비율(%)",
    "항목_12": "70",
    "항목_13": "30",
    "항목_14": "0",
    "항목_15": "0",
    "항목_16": "0",
    "항목_17": "0",
    "항목_18": "100",
    "항목_19": "교과목간의\n연계성",
    "항목_20": "주교재",
    "항목_21": "저자",
    "항목_22": "참고자료",
    "항목_23": "Thomas Engel and Phillip Reid",
    "항목_24": "출판사",
    "항목_25": "Pearson Prentice Hall, NJ",
    "항목_26": "출판년도",
    "항목_27": "2013",
    "항목_28": "교재언어",
    "항목_29": "권장 선수과목",
    "항목_30": "강의언어",
    "항목_31": "한국어",
    "항목_32": "필요 기자재",
    "항목_33": "일반화학,일반물리학",
    "항목_34": "권장 후수과목",
    "항목_35": "DA",
    "항목_36": "수업방식\n(복수가능√)",
    "항목_37": "강의",
    "항목_38": "발표/토론",
    "항목_39": "PBL",
    "항목_40": "플립러닝",
    "항목_41": "LMS활용",
    "항목_42": "실험실습",
    "항목_43": "기타",
    "항목_44": "√",
    "항목_45": "수업운영방향",
    "항목_46": "평가계획\n(100%)",
    "항목_47": "중간",
    "항목_48": "기말",
    "항목_49": "출석",
    "항목_50": "과제물",
    "항목_51": "안전교육",
    "항목_52": "발표/토론",
    "항목_53": "수업태도",
    "항목_54": "기타",
    "항목_55": "40%",
    "항목_56": "40%",
    "항목_57": "10%",
    "항목_58": "10%",
    "항목_59": "%",
    "항목_60": "%",
    "항목_61": "%",
    "항목_62": "%",
    "항목_63": "평가참고사항"
  }
}