{
  "기본정보": {
    "항목_0": "1 / 2",
    "항목_1": "전북대학교 강의계획서 (2025년 1학기)",
    "항목_2": "교과목 코드",
    "항목_3": "E-mail",
    "항목_4": "43925@jbnu.ac.kr",
    "항목_5": "전공선택",
    "항목_6": "연구실",
    "항목_7": "담당교수명",
    "항목_8": "연락처",
    "항목_9": "김진",
    "항목_10": "1",
    "항목_11": "3",
    "항목_12": "0000128963",
    "항목_13": "학점",
    "항목_14": "분반",
    "항목_15": "교과목 구분",
    "항목_16": "교과목명",
    "항목_17": "공간관리및스마트도시정책론",
    "항목_18": "학과/학년",
    "항목_19": "도시공 4",
    "항목_20": "상담가능시간",
    "항목_21": "1. 강의 기본정보",
    "항목_22": "강의실",
    "전주": "공과대학 9호관 914",
    "항목_24": "요일/시간",
    "항목_25": "월 6-A,월 6-B,월 7-A,월 7-B,월 8-A,월 8-B",
    "항목_26": "수업목표",
    "항목_27": "도시의 생성, 성장 및 쇠퇴 과정에 나타나는 문제점을 파악하며 󰡒도시의 입지별 및 기능별 변화의  원인과 대처방안은 무엇인가?󰡓과학기술의 발전과 그에 따른 법제도는 우리 삶을 안전하고 편안하게 해 주는 한편 부작용은 없는가? 공간에 대한 인식과 스마트도시정책은 어떻게 변화해가고 있는지 등을 잘 살펴 볼 필요가 있습니다. 첫째, 대한민국의 경제성장과 궤를 같이하면서 산업화와 도시화가 시작되기 전후인 1960년대부터 1970년대 그리고 70년대 이후 우리나라 도시개발의 역사적 특성을 고찰하고자 합니다. 둘째, 2000년대 등장하게 된 도시재생이라는 새로운 정책 필요성을 파악하고, 셋째, 과학적 데이터 기반의 도시관리의 필요성이 도시성장과 안정적 유지를 위해 얼마나 중요한 것인가 되새겨 보게 될 것입니다. 특히 현시점에서 도시관리와 더불어 미래에도 도시를 안정적으로 유지할 수 있는 체계적이고도 촘촘한 도시관리를 다양한 분야(주택, 자연환경, 산업입지, 과학기술, 공간정보 활용)에서 종합적으로 생각했으면 합니다. 넷째, 현장 상황을 파악하여 도시재생적 관점과 스마트도시관리 관점에서 이슈가 되고 있는 문제를 파악하고 대안을 마련하도록 학생 스스로 전문가와 면담 등을 통한 Teamwork 등의 활동도 합니다(Teamwork 활동). 즉, 수업에 참여하는 모든 수강생이 실무적 능력을 배양할 수 있도록 하나의 주제를 학문적으로나 실무적으로 이론에서부터 기술적 접근까지 전 과정을 추진하고자 합니다."
  },
  "평가방법": {
    "항목_0": "A(%)",
    "항목_1": "A+B(%)",
    "항목_2": "C이하(%)",
    "항목_3": "총비율",
    "항목_4": "0",
    "항목_5": "0",
    "항목_6": "0",
    "항목_7": "100%",
    "항목_8": "절대평가 기준",
    "항목_9": "상대평가 비율",
    "항목_10": "절대평가",
    "항목_11": "- 강의",
    "항목_12": "√",
    "기타": "",
    "항목_14": "- 과제",
    "항목_15": "√",
    "항목_16": "√",
    "항목_17": "* 장애학생 교수학습지원 사항",
    "항목_18": "- 평가",
    "항목_19": "√",
    "항목_20": "√",
    "항목_21": "참고\n사항",
    "항목_22": "강의 파일, 자료 등 제공",
    "항목_23": "좌석배치(지정좌석) 조정",
    "항목_24": "과제 제출기한 연장",
    "항목_25": "대안적 과제 제시",
    "항목_26": "시험시간 연장",
    "항목_27": "별도의 시험 장소 제공",
    "항목_28": "※ 위 지원사항 등을 포함한 강의, 과제, 시험 등 학습과정에서 장애로 인하여 추가 지원이\n     필요한 경우 개강전 담당강사 및 장애학습 지원센터를 통해 문의 바랍니다.",
    "그 외(필요시 자유로이 추가 기술)": ""
  },
  "핵심역량": {
    "항목_0": "직전강의평가\n및\nCQI반영사항",
    "항목_1": "수업참여학생과 함께 실사례 중심과 우문현답(우리의 문제는 현장에 답이 있다)의 정신으로 한 학기를 진행하고자 합니다. 함께 고민하고 함께 해결책을 제시했으면 합니다.",
    "항목_2": "구분",
    "항목_3": "소통역량",
    "항목_4": "창의역량",
    "항목_5": "인성역량",
    "항목_6": "실무역량",
    "항목_7": "도전역량",
    "항목_8": "문화역량",
    "항목_9": "합계",
    "항목_10": "대표역량",
    "항목_11": "비율(%)",
    "항목_12": "20",
    "항목_13": "10",
    "항목_14": "20",
    "항목_15": "20",
    "항목_16": "20",
    "항목_17": "10",
    "항목_18": "100",
    "항목_19": "교과목간의\n연계성",
    "항목_20": "주교재",
    "항목_21": "도시재생",
    "항목_22": "저자",
    "항목_23": "참고자료",
    "항목_24": "공간정보의 이해와 활용, 대한공간정보학회와 대한국토도시계획학회, 2023. / 한국의 공간정보정책 회고와 전망, 사공호상, 국토연구원, 2023.\n현장에서 도시재생을 바라보다, 국토연구원, 2020./ 당신에게 나는 무엇입니다?, 황지욱, 하움출판사, 2023.\n도시재생 사업의 지속가능 전략에 대한 연구, 수원시정연구원, 송아라 송애정 이태희 장민영, 2018.",
    "항목_25": "대한국토도시계획학회 편저",
    "항목_26": "출판사",
    "항목_27": "보성각",
    "항목_28": "출판년도",
    "항목_29": "2015",
    "항목_30": "교재언어",
    "항목_31": "권장 선수과목",
    "항목_32": "한국어",
    "항목_33": "강의언어",
    "항목_34": "한국어",
    "항목_35": "필요 기자재",
    "항목_36": "권장 후수과목",
    "항목_37": "DA",
    "항목_38": "수업방식\n(복수가능√)",
    "항목_39": "강의",
    "항목_40": "발표/토론",
    "항목_41": "PBL",
    "항목_42": "플립러닝",
    "항목_43": "LMS활용",
    "항목_44": "실험실습",
    "항목_45": "기타",
    "항목_46": "√",
    "항목_47": "√",
    "항목_48": "√",
    "항목_49": "수업운영방향",
    "항목_50": "평가계획\n(100%)",
    "항목_51": "중간",
    "항목_52": "기말",
    "항목_53": "출석",
    "항목_54": "과제물",
    "항목_55": "안전교육",
    "항목_56": "발표/토론",
    "항목_57": "수업태도",
    "항목_58": "기타",
    "항목_59": "20%",
    "항목_60": "30%",
    "항목_61": "20%",
    "항목_62": "10%",
    "항목_63": "0%",
    "항목_64": "10%",
    "항목_65": "10%",
    "항목_66": "0%",
    "항목_67": "평가참고사항"
  }
}