{
  "기본정보": {
    "항목_0": "1 / 2",
    "항목_1": "전북대학교 강의계획서 (2025년 1학기)",
    "항목_2": "교과목 코드",
    "항목_3": "E-mail",
    "항목_4": "whhjsh@naver.com",
    "항목_5": "전공선택",
    "항목_6": "연구실",
    "항목_7": "담당교수명",
    "항목_8": "연락처",
    "항목_9": "이현주",
    "항목_10": "1",
    "항목_11": "3",
    "항목_12": "0000126130",
    "항목_13": "학점",
    "항목_14": "분반",
    "항목_15": "교과목 구분",
    "항목_16": "교과목명",
    "항목_17": "소프트웨어인터페이스디자인",
    "항목_18": "학과/학년",
    "항목_19": "소프트웨어공학과(재) 4",
    "항목_20": "상담가능시간",
    "항목_21": "1. 강의 기본정보",
    "항목_22": "강의실",
    "전주": "공과대학 5호관 509-1",
    "항목_24": "요일/시간",
    "항목_25": "토 1-A,토 1-B,토 2-A,토 2-B,토 3-A,토 3-B",
    "항목_26": "수업목표",
    "항목_27": "1. 웹/앱을 위한 UX/UI개념을 이해할 수 있다.\n- 사용자 인터렉션을 위한 인터페이스 계층구조를 이해할 수 있다.\n- UI를 통한 단방향/쌍방향 사용자 인터렉션을 이해할 수 있다.\n2. UX/UI가 고려된 콘텐츠를 기획 및 프로토 타입 제작을 경험 할 수 있다.\n- 시스템 관점에서 UX 디자인을 이해할 수 있다.\n- 사용자의 인지적 특성을 인터랙션 디자인에 반영할 수 있다.\n- 설계원칙을 명확하게 이해하고 인터렉션 디자인에 적용할 수 있다.\n- 태스크 지식을 전문 사용자 수준으로 이해할 수 있다.\n- 사용자 요구사항과 설계원칙을 반영하여 인터랙션을 디자인할 수 있다."
  },
  "평가방법": {
    "항목_0": "A(%)",
    "항목_1": "A+B(%)",
    "항목_2": "C이하(%)",
    "항목_3": "총비율",
    "항목_4": "0",
    "항목_5": "0",
    "항목_6": "0",
    "항목_7": "100%",
    "항목_8": "절대평가 기준",
    "항목_9": "상대평가 비율",
    "항목_10": "상대평가Ⅰ(A40%)",
    "항목_11": "- 강의",
    "항목_12": "√",
    "기타": "",
    "항목_14": "- 과제",
    "항목_15": "√",
    "항목_16": "* 장애학생 교수학습지원 사항",
    "항목_17": "- 평가",
    "항목_18": "√",
    "항목_19": "참고\n사항",
    "항목_20": "강의 파일, 자료 등 제공",
    "항목_21": "좌석배치(지정좌석) 조정",
    "항목_22": "과제 제출기한 연장",
    "항목_23": "대안적 과제 제시",
    "항목_24": "시험시간 연장",
    "항목_25": "별도의 시험 장소 제공",
    "항목_26": "※ 위 지원사항 등을 포함한 강의, 과제, 시험 등 학습과정에서 장애로 인하여 추가 지원이\n     필요한 경우 개강전 담당강사 및 장애학습 지원센터를 통해 문의 바랍니다.",
    "그 외(필요시 자유로이 추가 기술)": ""
  },
  "핵심역량": {
    "항목_0": "직전강의평가\n및\nCQI반영사항",
    "항목_1": "개인별 역량강화를 위해 상세한 개발 크리틱 진행",
    "항목_2": "구분",
    "항목_3": "소통역량",
    "항목_4": "창의역량",
    "항목_5": "인성역량",
    "항목_6": "실무역량",
    "항목_7": "도전역량",
    "항목_8": "문화역량",
    "항목_9": "합계",
    "항목_10": "대표역량",
    "항목_11": "비율(%)",
    "항목_12": "30",
    "항목_13": "10",
    "항목_14": "20",
    "항목_15": "30",
    "항목_16": "5",
    "항목_17": "5",
    "항목_18": "100",
    "항목_19": "교과목간의\n연계성",
    "항목_20": "주교재",
    "항목_21": "About Face 4 인터랙션 디자인의 본질 목표 지향 디자인부터 스마트기기 환경까지, 시대를 초월하는 UX 방법론,UX 프로페셔널 시리즈",
    "항목_22": "저자",
    "항목_23": "참고자료",
    "항목_24": "인간 중심 UX 디자인 미래를 만드는 인터랙션 디자인 프로세스, 킴 굿윈, 에이콘출판, 2013\nHuman Computer Interaction 개론 UX Innovation을 위한 원리와 방법, 김진우, 안그라픽스, 2012",
    "항목_25": "앨런 쿠퍼 외 3",
    "항목_26": "출판사",
    "항목_27": "에이콘출판",
    "항목_28": "출판년도",
    "항목_29": "2015",
    "항목_30": "교재언어",
    "항목_31": "권장 선수과목",
    "항목_32": "한국어",
    "항목_33": "강의언어",
    "항목_34": "한국어",
    "항목_35": "필요 기자재",
    "항목_36": "권장 후수과목",
    "항목_37": "DA",
    "항목_38": "수업방식\n(복수가능√)",
    "항목_39": "강의",
    "항목_40": "발표/토론",
    "항목_41": "PBL",
    "항목_42": "플립러닝",
    "항목_43": "LMS활용",
    "항목_44": "실험실습",
    "항목_45": "기타",
    "항목_46": "√",
    "항목_47": "√",
    "항목_48": "수업운영방향",
    "항목_49": "평가계획\n(100%)",
    "항목_50": "중간",
    "항목_51": "기말",
    "항목_52": "출석",
    "항목_53": "과제물",
    "항목_54": "안전교육",
    "항목_55": "발표/토론",
    "항목_56": "수업태도",
    "항목_57": "기타",
    "항목_58": "20%",
    "항목_59": "30%",
    "항목_60": "20%",
    "항목_61": "30%",
    "항목_62": "0%",
    "항목_63": "0%",
    "항목_64": "0%",
    "항목_65": "0%",
    "항목_66": "평가참고사항"
  }
}