{
  "기본정보": {
    "항목_0": "1 / 2",
    "항목_1": "전북대학교 강의계획서 (2025년 1학기)",
    "항목_2": "교과목 코드",
    "항목_3": "E-mail",
    "항목_4": "moagala@naver.com",
    "항목_5": "전공선택",
    "항목_6": "연구실",
    "항목_7": "공대1호관 119호",
    "항목_8": "담당교수명",
    "항목_9": "연락처",
    "항목_10": "임치수",
    "항목_11": "063-270-2427",
    "항목_12": "1",
    "항목_13": "3",
    "항목_14": "0000105818",
    "항목_15": "학점",
    "항목_16": "분반",
    "항목_17": "교과목 구분",
    "항목_18": "교과목명",
    "항목_19": "토목재료및실험",
    "항목_20": "학과/학년",
    "항목_21": "토목/환경/자원.에너지공학부(토목공학) 2",
    "항목_22": "상담가능시간",
    "항목_23": "1. 강의 기본정보",
    "항목_24": "강의실",
    "전주": "공과대학 1호관 224 전주:공과대학 1호관 249",
    "항목_26": "요일/시간",
    "항목_27": "수 7-A,수 7-B,수 8-A,수 8-B,수 9-A,수 9-B,수 10-A,수 10-B",
    "항목_28": "수업목표",
    "항목_29": "토목구조물을 축조하는데 사용되는 모든 재료의 중요성을 이해하며, 다양한 토목구조물에 사용되는 다양한 토목재료에 관한 지식을 이해하여 토목재료를 토목구조물에 합리적으로 사용 할 뿐만 아니라 사용에 적절한 새로운 재료의 개발에 필요한 토목재료의 전반에 대한 이해 능력 배양"
  },
  "평가방법": {
    "항목_0": "A(%)",
    "항목_1": "A+B(%)",
    "항목_2": "C이하(%)",
    "항목_3": "총비율",
    "항목_4": "40",
    "항목_5": "80",
    "항목_6": "20",
    "항목_7": "100%",
    "항목_8": "절대평가 기준",
    "항목_9": "상대평가 비율",
    "항목_10": "상대평가Ⅱ",
    "항목_11": "- 강의",
    "항목_12": "√",
    "기타": "",
    "항목_14": "- 과제",
    "항목_15": "* 장애학생 교수학습지원 사항",
    "항목_16": "- 평가",
    "항목_17": "참고\n사항",
    "항목_18": "강의 파일, 자료 등 제공",
    "항목_19": "좌석배치(지정좌석) 조정",
    "항목_20": "과제 제출기한 연장",
    "항목_21": "대안적 과제 제시",
    "항목_22": "시험시간 연장",
    "항목_23": "별도의 시험 장소 제공",
    "항목_24": "※ 위 지원사항 등을 포함한 강의, 과제, 시험 등 학습과정에서 장애로 인하여 추가 지원이\n     필요한 경우 개강전 담당강사 및 장애학습 지원센터를 통해 문의 바랍니다.",
    "그 외(필요시 자유로이 추가 기술)": "",
    "항목_26": "주별",
    "항목_27": "수업목표",
    "항목_28": "수업내용",
    "항목_29": "수업방식",
    "항목_30": "주별 강의내용",
    "항목_31": "자료, 과제 및\n기타 참고사항",
    "항목_32": "온라인",
    "항목_33": "오프라인",
    "항목_34": "수업방식별시간",
    "항목_35": "1주",
    "Chap 1": "재료의 공학적 개념",
    "항목_37": "PPT 강의"
  },
  "핵심역량": {
    "항목_0": "직전강의평가\n및\nCQI반영사항",
    "항목_1": "강의 진도를 천천히 진행해달라는 요청이 있어서 수업 진행속도를 조절하고자 함",
    "항목_2": "구분",
    "항목_3": "소통역량",
    "항목_4": "창의역량",
    "항목_5": "인성역량",
    "항목_6": "실무역량",
    "항목_7": "도전역량",
    "항목_8": "문화역량",
    "항목_9": "합계",
    "항목_10": "대표역량",
    "항목_11": "비율(%)",
    "항목_12": "10",
    "항목_13": "50",
    "항목_14": "10",
    "항목_15": "30",
    "항목_16": "0",
    "항목_17": "0",
    "항목_18": "100",
    "항목_19": "교과목간의\n연계성",
    "항목_20": "주교재",
    "항목_21": "저자",
    "항목_22": "참고자료",
    "항목_23": "이형준,김형기,강수태,홍기남,김용주,이재준",
    "항목_24": "출판사",
    "항목_25": "동화기술",
    "항목_26": "출판년도",
    "항목_27": "2016",
    "항목_28": "교재언어",
    "항목_29": "권장 선수과목",
    "항목_30": "강의언어",
    "항목_31": "한국어",
    "항목_32": "필요 기자재",
    "항목_33": "권장 후수과목",
    "항목_34": "DA",
    "항목_35": "수업방식\n(복수가능√)",
    "항목_36": "강의",
    "항목_37": "발표/토론",
    "항목_38": "PBL",
    "항목_39": "플립러닝",
    "항목_40": "LMS활용",
    "항목_41": "실험실습",
    "항목_42": "기타",
    "항목_43": "√",
    "항목_44": "수업운영방향",
    "항목_45": "평가계획\n(100%)",
    "항목_46": "중간",
    "항목_47": "기말",
    "항목_48": "출석",
    "항목_49": "과제물",
    "항목_50": "안전교육",
    "항목_51": "발표/토론",
    "항목_52": "수업태도",
    "항목_53": "기타",
    "항목_54": "0%",
    "항목_55": "60%",
    "항목_56": "10%",
    "항목_57": "30%",
    "항목_58": "%",
    "항목_59": "%",
    "항목_60": "0%",
    "항목_61": "%",
    "항목_62": "평가참고사항"
  }
}