{
  "기본정보": {
    "항목_0": "1 / 2",
    "항목_1": "전북대학교 강의계획서 (2025년 1학기)",
    "항목_2": "교과목 코드",
    "항목_3": "E-mail",
    "항목_4": "yooney@jbnu.ac.kr",
    "항목_5": "전공선택",
    "항목_6": "연구실",
    "항목_7": "담당교수명",
    "항목_8": "연락처",
    "항목_9": "이윤희",
    "항목_10": "270-4993",
    "항목_11": "1",
    "항목_12": "3",
    "항목_13": "0000125713",
    "항목_14": "학점",
    "항목_15": "분반",
    "항목_16": "교과목 구분",
    "항목_17": "교과목명",
    "항목_18": "원자로이론",
    "항목_19": "학과/학년",
    "항목_20": "양자시스템공학과 3",
    "항목_21": "상담가능시간",
    "항목_22": "1. 강의 기본정보",
    "항목_23": "강의실",
    "전주": "공과대학 8호관 302",
    "항목_25": "요일/시간",
    "항목_26": "월 8-A,월 8-B,수 7-A,수 7-B,수 8-A,수 8-B",
    "항목_27": "수업목표",
    "항목_28": "원자로심 내부의 중성자 거동으로 인해 발생하는 연쇄 반응을 포함한 미시적 관점에서 중성자 상호 작용과 이를 거시적 관점으로 이해하기 위한 중성자 확산이론, 원자로 동역학, 핵연료 연소, 제어 등에 대한 전문 지식을 습득하는 것을 목표로 함."
  },
  "평가방법": {
    "항목_0": "A(%)",
    "항목_1": "A+B(%)",
    "항목_2": "C이하(%)",
    "항목_3": "총비율",
    "항목_4": "100%",
    "항목_5": "절대평가 기준",
    "항목_6": "상대평가 비율",
    "항목_7": "상대평가Ⅰ(A30%)",
    "항목_8": "- 강의",
    "항목_9": "√",
    "기타": "",
    "항목_11": "- 과제",
    "항목_12": "* 장애학생 교수학습지원 사항",
    "항목_13": "- 평가",
    "항목_14": "√",
    "항목_15": "참고\n사항",
    "항목_16": "강의 파일, 자료 등 제공",
    "항목_17": "좌석배치(지정좌석) 조정",
    "항목_18": "과제 제출기한 연장",
    "항목_19": "대안적 과제 제시",
    "항목_20": "시험시간 연장",
    "항목_21": "별도의 시험 장소 제공",
    "항목_22": "※ 위 지원사항 등을 포함한 강의, 과제, 시험 등 학습과정에서 장애로 인하여 추가 지원이\n     필요한 경우 개강전 담당강사 및 장애학습 지원센터를 통해 문의 바랍니다.",
    "그 외(필요시 자유로이 추가 기술)": "",
    "항목_24": "주별",
    "항목_25": "수업목표",
    "항목_26": "수업내용",
    "항목_27": "수업방식",
    "항목_28": "주별 강의내용",
    "항목_29": "자료, 과제 및\n기타 참고사항",
    "항목_30": "온라인",
    "항목_31": "오프라인",
    "항목_32": "수업방식별시간",
    "항목_33": "1주",
    "항목_34": "1. Introduction",
    "항목_35": "- The First Nuclear Reactor\n- Nuclear Reactor and Reactor Physics",
    "항목_36": "대면 강의"
  },
  "핵심역량": {
    "항목_0": "직전강의평가\n및\nCQI반영사항",
    "항목_1": "본 강의는 신임 교원에 의해 진행되므로 해당 없음.",
    "항목_2": "구분",
    "항목_3": "소통역량",
    "항목_4": "창의역량",
    "항목_5": "인성역량",
    "항목_6": "실무역량",
    "항목_7": "도전역량",
    "항목_8": "문화역량",
    "항목_9": "합계",
    "항목_10": "대표역량",
    "항목_11": "비율(%)",
    "항목_12": "10",
    "항목_13": "40",
    "항목_14": "10",
    "항목_15": "30",
    "항목_16": "10",
    "항목_17": "0",
    "항목_18": "100",
    "항목_19": "교과목간의\n연계성",
    "항목_20": "주교재",
    "항목_21": "Introduction to Nuclear Engineering 3rd Edition",
    "항목_22": "저자",
    "항목_23": "참고자료",
    "항목_24": "Introduction to Nuclear Reactor Theory 3rd Edition - John R. Larmash",
    "항목_25": "John R. Larmash",
    "항목_26": "출판사",
    "항목_27": "Prentice Hall",
    "항목_28": "출판년도",
    "항목_29": "2001",
    "항목_30": "교재언어",
    "항목_31": "권장 선수과목",
    "항목_32": "영어",
    "항목_33": "강의언어",
    "항목_34": "한국어",
    "항목_35": "필요 기자재",
    "항목_36": "핵공학개론 1, 2",
    "항목_37": "권장 후수과목",
    "항목_38": "DA",
    "항목_39": "수업방식\n(복수가능√)",
    "항목_40": "강의",
    "항목_41": "발표/토론",
    "항목_42": "PBL",
    "항목_43": "플립러닝",
    "항목_44": "LMS활용",
    "항목_45": "실험실습",
    "항목_46": "기타",
    "항목_47": "√",
    "항목_48": "√",
    "항목_49": "수업운영방향",
    "항목_50": "평가계획\n(100%)",
    "항목_51": "중간",
    "항목_52": "기말",
    "항목_53": "출석",
    "항목_54": "과제물",
    "항목_55": "안전교육",
    "항목_56": "발표/토론",
    "항목_57": "수업태도",
    "항목_58": "기타",
    "항목_59": "30%",
    "항목_60": "40%",
    "항목_61": "10%",
    "항목_62": "20%",
    "항목_63": "0%",
    "항목_64": "0%",
    "항목_65": "0%",
    "항목_66": "0%",
    "항목_67": "평가참고사항"
  }
}