{
  "기본정보": {
    "항목_0": "1 / 2",
    "항목_1": "전북대학교 강의계획서 (2025년 1학기)",
    "항목_2": "교과목 코드",
    "항목_3": "E-mail",
    "항목_4": "yuhs@jbnu.ac.kr",
    "항목_5": "전공선택",
    "항목_6": "연구실",
    "항목_7": "공대 4328호실",
    "항목_8": "담당교수명",
    "항목_9": "연락처",
    "항목_10": "유효선",
    "항목_11": "(063) 270-2346",
    "항목_12": "2",
    "항목_13": "3",
    "항목_14": "0000108176",
    "항목_15": "학점",
    "항목_16": "분반",
    "항목_17": "교과목 구분",
    "항목_18": "교과목명",
    "항목_19": "기계재료및실험",
    "항목_20": "학과/학년",
    "항목_21": "기계시스템 3,기계시스템(응용기계) 3,기계시스템(정밀기계) 3",
    "항목_22": "상담가능시간",
    "항목_23": "1. 강의 기본정보",
    "항목_24": "강의실",
    "전주": "공과대학 4호관 315",
    "항목_26": "요일/시간",
    "항목_27": "월 8-A,월 8-B,월 9-A,월 9-B,월 10-A,월 10-B,수 8-A,수 8-B",
    "항목_28": "수업목표",
    "항목_29": "본 과목은 자동차, 선박, 항공기 그리고 발전소 등의 각종 기계구조물요소에 사용되는 기계재료의 종류 및 기계적 성질 등의 전반적인 내용과 재료의 금속학적 결정구조와 변형기구를 다룬 분야이다. 본 강의의 목표는 근래 산업현장에서 사용되는 주요한 기계재료의 종류, 야금학적 요소, 용도 그리고 기계적 성질 등을 이해하는데 있다. 또한 기계구조물의 안정성과 신뢰성 확보 및 향상을 위한 강도설계의 관점에서 재료의 선정 및 기계적 성질(미시적,  거시적 변형기구) 그리고 재료의 거동을 이해하고 재료실험 방법을 익힌다."
  },
  "평가방법": {
    "항목_0": "A(%)",
    "항목_1": "A+B(%)",
    "항목_2": "C이하(%)",
    "항목_3": "총비율",
    "항목_4": "30",
    "항목_5": "90",
    "항목_6": "10",
    "항목_7": "100%",
    "항목_8": "절대평가 기준",
    "항목_9": "상대평가 비율",
    "항목_10": "상대평가Ⅱ",
    "항목_11": "- 강의",
    "항목_12": "√",
    "항목_13": "√",
    "기타": "",
    "항목_15": "- 과제",
    "항목_16": "√",
    "항목_17": "* 장애학생 교수학습지원 사항",
    "항목_18": "- 평가",
    "항목_19": "√",
    "항목_20": "참고\n사항",
    "항목_21": "강의 파일, 자료 등 제공",
    "항목_22": "좌석배치(지정좌석) 조정",
    "항목_23": "과제 제출기한 연장",
    "항목_24": "대안적 과제 제시",
    "항목_25": "시험시간 연장",
    "항목_26": "별도의 시험 장소 제공",
    "항목_27": "※ 위 지원사항 등을 포함한 강의, 과제, 시험 등 학습과정에서 장애로 인하여 추가 지원이\n     필요한 경우 개강전 담당강사 및 장애학습 지원센터를 통해 문의 바랍니다.",
    "그 외(필요시 자유로이 추가 기술)": "",
    "항목_29": "주별",
    "항목_30": "수업목표",
    "항목_31": "수업내용",
    "항목_32": "수업방식",
    "항목_33": "주별 강의내용",
    "항목_34": "자료, 과제 및\n기타 참고사항",
    "항목_35": "온라인",
    "항목_36": "오프라인",
    "항목_37": "수업방식별시간",
    "항목_38": "1주",
    "항목_39": "오리엔테이션과 수업목표 이해기계재료의 종류",
    "항목_40": "강의"
  },
  "핵심역량": {
    "항목_0": "직전강의평가\n및\nCQI반영사항",
    "항목_1": "본 강좌의 재료실험에서 안전교육에 대한 추가",
    "항목_2": "구분",
    "항목_3": "소통역량",
    "항목_4": "창의역량",
    "항목_5": "인성역량",
    "항목_6": "실무역량",
    "항목_7": "도전역량",
    "항목_8": "문화역량",
    "항목_9": "합계",
    "항목_10": "대표역량",
    "항목_11": "비율(%)",
    "항목_12": "10",
    "항목_13": "50",
    "항목_14": "0",
    "항목_15": "40",
    "항목_16": "0",
    "항목_17": "0",
    "항목_18": "100",
    "항목_19": "교과목간의\n연계성",
    "항목_20": "주교재",
    "항목_21": "저자",
    "항목_22": "참고자료",
    "항목_23": "이택순 저",
    "항목_24": "출판사",
    "항목_25": "동명사",
    "항목_26": "출판년도",
    "항목_27": "교재언어",
    "항목_28": "권장 선수과목",
    "항목_29": "강의언어",
    "항목_30": "한국어",
    "항목_31": "필요 기자재",
    "항목_32": "고체역학 1",
    "항목_33": "권장 후수과목",
    "항목_34": "DA",
    "항목_35": "수업방식\n(복수가능√)",
    "항목_36": "강의",
    "항목_37": "발표/토론",
    "항목_38": "PBL",
    "항목_39": "플립러닝",
    "항목_40": "LMS활용",
    "항목_41": "실험실습",
    "항목_42": "기타",
    "항목_43": "√",
    "항목_44": "수업운영방향",
    "항목_45": "평가계획\n(100%)",
    "항목_46": "중간",
    "항목_47": "기말",
    "항목_48": "출석",
    "항목_49": "과제물",
    "항목_50": "안전교육",
    "항목_51": "발표/토론",
    "항목_52": "수업태도",
    "항목_53": "기타",
    "항목_54": "0%",
    "항목_55": "80%",
    "항목_56": "5%",
    "항목_57": "15%",
    "항목_58": "0%",
    "항목_59": "%",
    "항목_60": "0%",
    "항목_61": "%",
    "항목_62": "평가참고사항"
  }
}