{
  "기본정보": {
    "항목_0": "1 / 2",
    "항목_1": "전북대학교 강의계획서 (2025년 1학기)",
    "항목_2": "교과목 코드",
    "항목_3": "E-mail",
    "항목_4": "dlee@jbnu.ac.kr",
    "항목_5": "전공필수",
    "항목_6": "연구실",
    "항목_7": "담당교수명",
    "항목_8": "연락처",
    "항목_9": "이동원",
    "항목_10": "2070-2344",
    "항목_11": "1",
    "항목_12": "3",
    "항목_13": "0000128955",
    "항목_14": "학점",
    "항목_15": "분반",
    "항목_16": "교과목 구분",
    "항목_17": "교과목명",
    "항목_18": "고분자생명과학 1",
    "항목_19": "학과/학년",
    "항목_20": "고분자.나노공 3",
    "항목_21": "상담가능시간",
    "항목_22": "월 오후 4-6 시",
    "항목_23": "1. 강의 기본정보",
    "항목_24": "강의실",
    "전주": "공과대학 9호관 307",
    "항목_26": "요일/시간",
    "항목_27": "화 3-A,화 3-B,목 1-A,목 1-B,목 2-A,목 2-B",
    "항목_28": "수업목표",
    "항목_29": "고분자전공학생에 요구되는 DNA, 단백질 등 생체 고분자에 대한 기초 및 생체재료를 바이오 분야에 응용하는 데 필요한 기조지식을 제공함."
  },
  "평가방법": {
    "항목_0": "A(%)",
    "항목_1": "A+B(%)",
    "항목_2": "C이하(%)",
    "항목_3": "총비율",
    "항목_4": "100%",
    "항목_5": "절대평가 기준",
    "항목_6": "상대평가 비율",
    "항목_7": "상대평가Ⅰ(A30%)",
    "항목_8": "- 강의",
    "항목_9": "√",
    "기타": "",
    "항목_11": "- 과제",
    "항목_12": "√",
    "항목_13": "* 장애학생 교수학습지원 사항",
    "항목_14": "- 평가",
    "항목_15": "√",
    "항목_16": "참고\n사항",
    "항목_17": "강의 파일, 자료 등 제공",
    "항목_18": "좌석배치(지정좌석) 조정",
    "항목_19": "과제 제출기한 연장",
    "항목_20": "대안적 과제 제시",
    "항목_21": "시험시간 연장",
    "항목_22": "별도의 시험 장소 제공",
    "항목_23": "※ 위 지원사항 등을 포함한 강의, 과제, 시험 등 학습과정에서 장애로 인하여 추가 지원이\n     필요한 경우 개강전 담당강사 및 장애학습 지원센터를 통해 문의 바랍니다.",
    "그 외(필요시 자유로이 추가 기술)": "",
    "항목_25": "주별",
    "항목_26": "수업목표",
    "항목_27": "수업내용",
    "항목_28": "수업방식",
    "항목_29": "주별 강의내용",
    "항목_30": "자료, 과제 및\n기타 참고사항",
    "항목_31": "온라인",
    "항목_32": "오프라인",
    "항목_33": "수업방식별시간",
    "항목_34": "1주",
    "항목_35": "Introduction of the course, Basic concepts of biochemistry",
    "항목_36": "강의 소개",
    "항목_37": "비대면 강의"
  },
  "핵심역량": {
    "항목_0": "직전강의평가\n및\nCQI반영사항",
    "항목_1": "관련 동영상 활용\n최신 바이오관련산업의 기사를 활용\n고분자의 의학적 활용에 관한 개념 소개",
    "항목_2": "구분",
    "항목_3": "소통역량",
    "항목_4": "창의역량",
    "항목_5": "인성역량",
    "항목_6": "실무역량",
    "항목_7": "도전역량",
    "항목_8": "문화역량",
    "항목_9": "합계",
    "항목_10": "대표역량",
    "항목_11": "비율(%)",
    "항목_12": "50",
    "항목_13": "50",
    "항목_14": "0",
    "항목_15": "0",
    "항목_16": "0",
    "항목_17": "0",
    "항목_18": "100",
    "항목_19": "교과목간의\n연계성",
    "항목_20": "주교재",
    "항목_21": "Biochemistry (The molecular basis of life)",
    "항목_22": "저자",
    "항목_23": "참고자료",
    "항목_24": "Trudy McKee, James R. Mckee",
    "항목_25": "출판사",
    "항목_26": "사이플러스",
    "항목_27": "출판년도",
    "항목_28": "2017",
    "항목_29": "교재언어",
    "항목_30": "권장 선수과목",
    "항목_31": "한국어",
    "항목_32": "강의언어",
    "항목_33": "한국어",
    "항목_34": "필요 기자재",
    "항목_35": "권장 후수과목",
    "항목_36": "DA",
    "항목_37": "수업방식\n(복수가능√)",
    "항목_38": "강의",
    "항목_39": "발표/토론",
    "항목_40": "PBL",
    "항목_41": "플립러닝",
    "항목_42": "LMS활용",
    "항목_43": "실험실습",
    "항목_44": "기타",
    "항목_45": "√",
    "항목_46": "√",
    "항목_47": "√",
    "항목_48": "수업운영방향",
    "항목_49": "평가계획\n(100%)",
    "항목_50": "중간",
    "항목_51": "기말",
    "항목_52": "출석",
    "항목_53": "과제물",
    "항목_54": "안전교육",
    "항목_55": "발표/토론",
    "항목_56": "수업태도",
    "항목_57": "기타",
    "항목_58": "30%",
    "항목_59": "50%",
    "항목_60": "20%",
    "항목_61": "0%",
    "항목_62": "0%",
    "항목_63": "0%",
    "항목_64": "0%",
    "항목_65": "0%",
    "항목_66": "평가참고사항"
  }
}