{
  "기본정보": {
    "항목_0": "1 / 2",
    "항목_1": "전북대학교 강의계획서 (2025년 1학기)",
    "항목_2": "교과목 코드",
    "항목_3": "E-mail",
    "항목_4": "songkk@jbnu.ac.kr",
    "항목_5": "전공선택",
    "항목_6": "연구실",
    "항목_7": "공대 4호관 4409실",
    "항목_8": "담당교수명",
    "항목_9": "연락처",
    "항목_10": "송규근",
    "항목_11": "010-5114-2376",
    "항목_12": "1",
    "항목_13": "3",
    "항목_14": "0000104449",
    "항목_15": "학점",
    "항목_16": "분반",
    "항목_17": "교과목 구분",
    "항목_18": "교과목명",
    "항목_19": "자동차공학",
    "항목_20": "학과/학년",
    "항목_21": "융합기술공학부(IT융합기전공학)(재) 2",
    "항목_22": "상담가능시간",
    "항목_23": "상시 가능",
    "항목_24": "1. 강의 기본정보",
    "항목_25": "강의실",
    "새만금": "캠퍼스관 310",
    "항목_27": "요일/시간",
    "항목_28": "수 10-A,수 10-B,수 11-A,수 11-B,수 12-A,수 12-B",
    "항목_29": "수업목표",
    "항목_30": "자동차는 기계, 전기전자 기술이 종합된 기계장치로서 우리 일상 생활의 필수품으로 자리잡고 있으면서 인류의 생활 활동과 산업 활동에 크게 기여하고 있다.\n본 강의에서는 자동차에 대한 이론, 구조, 작동원리, 요소 부품의 설계 및 성능향상, 자동차 공해 문제 및 자율주행 자동차 등 자동차 전반에 대한 폭넓은 교육을 하고자 한다."
  },
  "평가방법": {
    "항목_0": "A(%)",
    "항목_1": "A+B(%)",
    "항목_2": "C이하(%)",
    "항목_3": "총비율",
    "항목_4": "0",
    "항목_5": "0",
    "항목_6": "0",
    "항목_7": "100%",
    "항목_8": "절대평가 기준",
    "항목_9": "상대평가 비율",
    "항목_10": "상대평가Ⅰ(A40%)",
    "항목_11": "- 강의",
    "항목_12": "√",
    "기타": "",
    "항목_14": "- 과제",
    "항목_15": "√",
    "항목_16": "* 장애학생 교수학습지원 사항",
    "항목_17": "- 평가",
    "항목_18": "√",
    "항목_19": "참고\n사항",
    "항목_20": "강의 파일, 자료 등 제공",
    "항목_21": "좌석배치(지정좌석) 조정",
    "항목_22": "과제 제출기한 연장",
    "항목_23": "대안적 과제 제시",
    "항목_24": "시험시간 연장",
    "항목_25": "별도의 시험 장소 제공",
    "항목_26": "※ 위 지원사항 등을 포함한 강의, 과제, 시험 등 학습과정에서 장애로 인하여 추가 지원이\n     필요한 경우 개강전 담당강사 및 장애학습 지원센터를 통해 문의 바랍니다.",
    "그 외(필요시 자유로이 추가 기술)": "",
    "항목_28": "주별",
    "항목_29": "수업목표",
    "항목_30": "수업내용",
    "항목_31": "수업방식",
    "항목_32": "주별 강의내용",
    "항목_33": "자료, 과제 및\n기타 참고사항",
    "항목_34": "온라인",
    "항목_35": "오프라인",
    "항목_36": "수업방식별시간"
  },
  "핵심역량": {
    "항목_0": "직전강의평가\n및\nCQI반영사항",
    "항목_1": "동영상 및 시청각 교보재를 많이 확보, 활용하여 강의 내용의 이해를 향상시키고자 한다.",
    "항목_2": "구분",
    "항목_3": "소통역량",
    "항목_4": "창의역량",
    "항목_5": "인성역량",
    "항목_6": "실무역량",
    "항목_7": "도전역량",
    "항목_8": "문화역량",
    "항목_9": "합계",
    "항목_10": "대표역량",
    "항목_11": "비율(%)",
    "항목_12": "10",
    "항목_13": "30",
    "항목_14": "10",
    "항목_15": "50",
    "항목_16": "0",
    "항목_17": "0",
    "항목_18": "100",
    "항목_19": "교과목간의\n연계성",
    "항목_20": "주교재",
    "항목_21": "친환경 자동차공학",
    "항목_22": "저자",
    "항목_23": "참고자료",
    "항목_24": "-자동차공학    -장성규 저,  인터비젼-\n-자동차공학    -이창식 저,  동명사-\n-자동차공학    -김봉곤 외1,  문운당-",
    "항목_25": "최낙정",
    "항목_26": "출판사",
    "항목_27": "문운당",
    "항목_28": "출판년도",
    "항목_29": "2022",
    "항목_30": "교재언어",
    "항목_31": "권장 선수과목",
    "항목_32": "한국어",
    "항목_33": "강의언어",
    "항목_34": "한국어",
    "항목_35": "필요 기자재",
    "항목_36": "자동차 관련 동영상 및 사진",
    "항목_37": "-연소공학,  열역학,  열전달,  내연기관",
    "항목_38": "권장 후수과목",
    "항목_39": "DA",
    "항목_40": "수업방식\n(복수가능√)",
    "항목_41": "강의",
    "항목_42": "발표/토론",
    "항목_43": "PBL",
    "항목_44": "플립러닝",
    "항목_45": "LMS활용",
    "항목_46": "실험실습",
    "항목_47": "기타",
    "항목_48": "√",
    "항목_49": "√",
    "항목_50": "수업운영방향",
    "항목_51": "평가계획\n(100%)",
    "항목_52": "중간",
    "항목_53": "기말",
    "항목_54": "출석",
    "항목_55": "과제물",
    "항목_56": "안전교육",
    "항목_57": "발표/토론",
    "항목_58": "수업태도",
    "항목_59": "기타",
    "항목_60": "40%",
    "항목_61": "40%",
    "항목_62": "10%",
    "항목_63": "10%",
    "항목_64": "0%",
    "항목_65": "0%",
    "항목_66": "0%",
    "항목_67": "0%",
    "항목_68": "평가참고사항",
    "항목_69": "시험과 출석, 과제 , 발표 등 수업태도"
  }
}