{
  "기본정보": {
    "항목_0": "1 / 2",
    "항목_1": "전북대학교 강의계획서 (2025년 1학기)",
    "항목_2": "교과목 코드",
    "항목_3": "E-mail",
    "항목_4": "syshin@jbnu.ac.kr",
    "항목_5": "전공필수",
    "항목_6": "연구실",
    "항목_7": "학습도서관 105호",
    "항목_8": "담당교수명",
    "항목_9": "연락처",
    "항목_10": "김성찬",
    "항목_11": "063-219-5775",
    "항목_12": "1",
    "항목_13": "3",
    "항목_14": "0000100526",
    "항목_15": "학점",
    "항목_16": "분반",
    "항목_17": "교과목 구분",
    "항목_18": "교과목명",
    "항목_19": "공업역학",
    "항목_20": "학과/학년",
    "항목_21": "항공우주공 2",
    "항목_22": "상담가능시간",
    "항목_23": "상시(전화후약속시간정함)",
    "항목_24": "1. 강의 기본정보",
    "항목_25": "강의실",
    "전주": "공과대학 9호관 204",
    "항목_27": "요일/시간",
    "항목_28": "금 1-A,금 1-B,금 2-A,금 2-B,금 3-A,금 3-B",
    "항목_29": "수업목표",
    "항목_30": "공업역학은 기계, 항공우주, 건축 등의 분야에서 다루어지는 강체 및 구조물에 대한 역학적인 해석의 기초를 제공한다. 본 강의에서는 기계 및 항공우주시스템을 구성하는 강체 및 구조물을 중심으로 힘의 정적평형상태를 다루는 정역학에 관하여 학습하며 정적평형상태에 있는 강체 및 구조물에 대한 역학적인 해석능력을 습득하는 것을 목표로 한다."
  },
  "평가방법": {
    "항목_0": "A(%)",
    "항목_1": "A+B(%)",
    "항목_2": "C이하(%)",
    "항목_3": "총비율",
    "항목_4": "0",
    "항목_5": "0",
    "항목_6": "0",
    "항목_7": "100%",
    "항목_8": "절대평가 기준",
    "항목_9": "상대평가 비율",
    "항목_10": "상대평가Ⅰ(A30%)",
    "항목_11": "- 강의",
    "항목_12": "√",
    "기타": "",
    "항목_14": "- 과제",
    "항목_15": "* 장애학생 교수학습지원 사항",
    "항목_16": "- 평가",
    "항목_17": "√",
    "항목_18": "참고\n사항",
    "항목_19": "강의 파일, 자료 등 제공",
    "항목_20": "좌석배치(지정좌석) 조정",
    "항목_21": "과제 제출기한 연장",
    "항목_22": "대안적 과제 제시",
    "항목_23": "시험시간 연장",
    "항목_24": "별도의 시험 장소 제공",
    "항목_25": "※ 위 지원사항 등을 포함한 강의, 과제, 시험 등 학습과정에서 장애로 인하여 추가 지원이\n     필요한 경우 개강전 담당강사 및 장애학습 지원센터를 통해 문의 바랍니다.",
    "그 외(필요시 자유로이 추가 기술)": "",
    "항목_27": "주별",
    "항목_28": "수업목표",
    "항목_29": "수업내용",
    "항목_30": "수업방식",
    "항목_31": "주별 강의내용",
    "항목_32": "자료, 과제 및\n기타 참고사항",
    "항목_33": "온라인",
    "항목_34": "오프라인",
    "항목_35": "수업방식별시간",
    "항목_36": "1주",
    "항목_37": "강의 소개 및 개요",
    "항목_38": "강의"
  },
  "핵심역량": {
    "항목_0": "직전강의평가\n및\nCQI반영사항",
    "항목_1": ". 실제 문제 풀이 및 개념 설명\n. 퀴즈 및 레포트(과제)를 통한 복습 및 문제 풀이",
    "항목_2": "구분",
    "항목_3": "소통역량",
    "항목_4": "창의역량",
    "항목_5": "인성역량",
    "항목_6": "실무역량",
    "항목_7": "도전역량",
    "항목_8": "문화역량",
    "항목_9": "합계",
    "항목_10": "대표역량",
    "항목_11": "비율(%)",
    "항목_12": "35",
    "항목_13": "30",
    "항목_14": "10",
    "항목_15": "20",
    "항목_16": "0",
    "항목_17": "5",
    "항목_18": "100",
    "항목_19": "교과목간의\n연계성",
    "항목_20": "주교재",
    "항목_21": "저자",
    "항목_22": "참고자료",
    "항목_23": "F.P. Beer, E.R. Johnston Jr., D.F. Mazurek(고승기 외 5인 역)",
    "항목_24": "출판사",
    "항목_25": "McGrawHill(퍼스트북)",
    "항목_26": "출판년도",
    "항목_27": "2021",
    "항목_28": "교재언어",
    "항목_29": "권장 선수과목",
    "항목_30": "강의언어",
    "항목_31": "한국어",
    "항목_32": "필요 기자재",
    "항목_33": "수학1, 수학2, 일반물리학1, 일반물리학2",
    "항목_34": "권장 후수과목",
    "항목_35": "DA",
    "항목_36": "수업방식\n(복수가능√)",
    "항목_37": "강의",
    "항목_38": "발표/토론",
    "항목_39": "PBL",
    "항목_40": "플립러닝",
    "항목_41": "LMS활용",
    "항목_42": "실험실습",
    "항목_43": "기타",
    "항목_44": "√",
    "항목_45": "수업운영방향",
    "항목_46": "평가계획\n(100%)",
    "항목_47": "중간",
    "항목_48": "기말",
    "항목_49": "출석",
    "항목_50": "과제물",
    "항목_51": "안전교육",
    "항목_52": "발표/토론",
    "항목_53": "수업태도",
    "항목_54": "기타",
    "항목_55": "30%",
    "항목_56": "30%",
    "항목_57": "10%",
    "항목_58": "30%",
    "항목_59": "%",
    "항목_60": "%",
    "항목_61": "0%",
    "항목_62": "%",
    "항목_63": "평가참고사항"
  }
}