{
  "기본정보": {
    "항목_0": "1 / 2",
    "항목_1": "전북대학교 강의계획서 (2025년 1학기)",
    "항목_2": "교과목 코드",
    "항목_3": "E-mail",
    "항목_4": "kjongguk@jbnu.ac.kr",
    "항목_5": "전공선택",
    "항목_6": "연구실",
    "항목_7": "담당교수명",
    "항목_8": "연락처",
    "항목_9": "김종국",
    "항목_10": "063 270 2448",
    "항목_11": "1",
    "항목_12": "3",
    "항목_13": "0000106623",
    "항목_14": "학점",
    "항목_15": "분반",
    "항목_16": "교과목 구분",
    "항목_17": "교과목명",
    "항목_18": "환경독성학",
    "항목_19": "학과/학년",
    "항목_20": "토목/환경/자원.에너지공학부(환경공학) 3",
    "항목_21": "상담가능시간",
    "항목_22": "1. 강의 기본정보",
    "항목_23": "강의실",
    "전주": "공과대학 6호관 517",
    "항목_25": "요일/시간",
    "항목_26": "화 3-A,화 3-B,목 1-A,목 1-B,목 2-A,목 2-B",
    "항목_27": "수업목표",
    "항목_28": "1. 환경독성학의 기본 개념 및 기초 이론을 익히면서 환경보건, 생태 및 건강 위해성 평가 등에 대해서 학습.\n2. 독성물질 배출 사이트 부근, 작업장 환경, 생활 환경, 농업환경 등에서 발생하는 화학물질, 다환 방향족 탄화수소 (PAHs), 미량오염물질(particulates), 중금속(heavy metals), 휘발성 유기 화학물질(VOCs), 내분비계 장애 물질 (endocrine disrupters), 잔류성 유기오염물질 (POPs) 등의 독성과 화학적 특성, 발생 원인, 환경매질 내 거동, 생체 노출 및 거동, 인체 노출 및 경로 등을 알아본다.\n3. 지구 역사상 발생하였던 화학물질 누출, 사고, 피해에 관한 사례에 관해 알아보고, 현재 대한민국에서 발생하고 있는 화학물질 피해에 관한 사례들을 알아본다.\n4. 유해성 (hazard)과 위해성(risk) 및 불확실성 (Uncertainty)등의 기본개념을 알고, 평가 기법에 대한 기본 원리 및 과정을 알아본다."
  },
  "평가방법": {
    "항목_0": "A(%)",
    "항목_1": "A+B(%)",
    "항목_2": "C이하(%)",
    "항목_3": "총비율",
    "항목_4": "0",
    "항목_5": "0",
    "항목_6": "0",
    "항목_7": "100%",
    "항목_8": "절대평가 기준",
    "항목_9": "상대평가 비율",
    "항목_10": "상대평가Ⅰ(A30%)",
    "항목_11": "- 강의",
    "항목_12": "√",
    "항목_13": "√",
    "기타": "",
    "항목_15": "- 과제",
    "항목_16": "√",
    "항목_17": "√",
    "항목_18": "* 장애학생 교수학습지원 사항",
    "항목_19": "- 평가",
    "항목_20": "√",
    "항목_21": "√",
    "항목_22": "√",
    "항목_23": "참고\n사항",
    "항목_24": "강의 파일, 자료 등 제공",
    "항목_25": "좌석배치(지정좌석) 조정",
    "항목_26": "과제 제출기한 연장",
    "항목_27": "대안적 과제 제시",
    "항목_28": "시험시간 연장",
    "항목_29": "별도의 시험 장소 제공",
    "항목_30": "※ 위 지원사항 등을 포함한 강의, 과제, 시험 등 학습과정에서 장애로 인하여 추가 지원이\n     필요한 경우 개강전 담당강사 및 장애학습 지원센터를 통해 문의 바랍니다.",
    "그 외(필요시 자유로이 추가 기술)": "",
    "항목_32": "주별",
    "항목_33": "수업목표",
    "항목_34": "수업내용",
    "항목_35": "수업방식",
    "항목_36": "주별 강의내용",
    "항목_37": "자료, 과제 및\n기타 참고사항",
    "항목_38": "온라인",
    "항목_39": "오프라인",
    "항목_40": "수업방식별시간"
  },
  "핵심역량": {
    "항목_0": "직전강의평가\n및\nCQI반영사항",
    "항목_1": "레포트를 통해 부족한 전공관련 지식을 보충하고  ppt 자료를 활용한 조별 발표수업을 진행",
    "항목_2": "구분",
    "항목_3": "소통역량",
    "항목_4": "창의역량",
    "항목_5": "인성역량",
    "항목_6": "실무역량",
    "항목_7": "도전역량",
    "항목_8": "문화역량",
    "항목_9": "합계",
    "항목_10": "대표역량",
    "항목_11": "비율(%)",
    "항목_12": "20",
    "항목_13": "20",
    "항목_14": "20",
    "항목_15": "20",
    "항목_16": "10",
    "항목_17": "10",
    "항목_18": "100",
    "항목_19": "교과목간의\n연계성",
    "항목_20": "주교재",
    "항목_21": "저자",
    "항목_22": "참고자료",
    "항목_23": "국립독성연구원",
    "항목_24": "출판사",
    "항목_25": "국립독성연구원",
    "항목_26": "출판년도",
    "항목_27": "2007",
    "항목_28": "교재언어",
    "항목_29": "권장 선수과목",
    "항목_30": "강의언어",
    "항목_31": "한국어",
    "항목_32": "필요 기자재",
    "항목_33": "권장 후수과목",
    "항목_34": "DA",
    "항목_35": "수업방식\n(복수가능√)",
    "항목_36": "강의",
    "항목_37": "발표/토론",
    "항목_38": "PBL",
    "항목_39": "플립러닝",
    "항목_40": "LMS활용",
    "항목_41": "실험실습",
    "항목_42": "기타",
    "항목_43": "√",
    "항목_44": "√",
    "항목_45": "수업운영방향",
    "항목_46": "평가계획\n(100%)",
    "항목_47": "중간",
    "항목_48": "기말",
    "항목_49": "출석",
    "항목_50": "과제물",
    "항목_51": "안전교육",
    "항목_52": "발표/토론",
    "항목_53": "수업태도",
    "항목_54": "기타",
    "항목_55": "30%",
    "항목_56": "40%",
    "항목_57": "10%",
    "항목_58": "10%",
    "항목_59": "%",
    "항목_60": "%",
    "항목_61": "%",
    "항목_62": "%",
    "항목_63": "평가참고사항"
  }
}