{
  "기본정보": {
    "항목_0": "1 / 2",
    "항목_1": "전북대학교 강의계획서 (2025년 1학기)",
    "항목_2": "교과목 코드",
    "항목_3": "E-mail",
    "항목_4": "yhra@jbnu.ac.kr",
    "항목_5": "전공선택",
    "항목_6": "연구실",
    "항목_7": "공대 4호관 4108호",
    "항목_8": "담당교수명",
    "항목_9": "연락처",
    "항목_10": "라용호",
    "항목_11": "063-270-2302",
    "항목_12": "1",
    "항목_13": "3",
    "항목_14": "0000127844",
    "항목_15": "학점",
    "항목_16": "분반",
    "항목_17": "교과목 구분",
    "항목_18": "교과목명",
    "항목_19": "반도체패키징공학",
    "항목_20": "학과/학년",
    "항목_21": "신소재(정보소재) 4",
    "항목_22": "상담가능시간",
    "월~금, 09": "00-18:00",
    "항목_24": "1. 강의 기본정보",
    "항목_25": "강의실",
    "전주": "공과대학 4호관 403",
    "항목_27": "요일/시간",
    "항목_28": "화 6-A,화 6-B,화 7-A,화 7-B,목 8-A,목 8-B",
    "항목_29": "수업목표",
    "항목_30": "- 반도체 패키징의 개념과 각 부문의 기초에 대하여 이론적으로 이해한다.\n- 반도체 패키징에 사용되는 재료들의 구조적, 물리적, 기계적 특성에 대하여 이해한다.\n- 반도체 패키징의 종류와 패키징 제조 공정에 대하여 체계적으로 이해한다.\n- 반도체 패키지 소자 및 모듈의 전기적 및 구조적 해석을 진행한다."
  },
  "평가방법": {
    "항목_0": "A(%)",
    "항목_1": "A+B(%)",
    "항목_2": "C이하(%)",
    "항목_3": "총비율",
    "항목_4": "0",
    "항목_5": "0",
    "항목_6": "0",
    "항목_7": "100%",
    "항목_8": "절대평가 기준",
    "항목_9": "상대평가 비율",
    "항목_10": "1. 반도체 패키징의 개념 및 종류, 기본 공정의 이해도\n2. Wafer 기반 패키징 기술, 전기 및 구조적 해석의 이해도",
    "항목_11": "절대평가",
    "항목_12": "- 강의",
    "항목_13": "√",
    "항목_14": "√",
    "기타": "",
    "항목_16": "- 과제",
    "항목_17": "* 장애학생 교수학습지원 사항",
    "항목_18": "- 평가",
    "항목_19": "참고\n사항",
    "항목_20": "강의 파일, 자료 등 제공",
    "항목_21": "좌석배치(지정좌석) 조정",
    "항목_22": "과제 제출기한 연장",
    "항목_23": "대안적 과제 제시",
    "항목_24": "시험시간 연장",
    "항목_25": "별도의 시험 장소 제공",
    "항목_26": "※ 위 지원사항 등을 포함한 강의, 과제, 시험 등 학습과정에서 장애로 인하여 추가 지원이\n     필요한 경우 개강전 담당강사 및 장애학습 지원센터를 통해 문의 바랍니다.",
    "그 외(필요시 자유로이 추가 기술)": "",
    "항목_28": "주별",
    "항목_29": "수업목표",
    "항목_30": "수업내용",
    "항목_31": "수업방식",
    "항목_32": "주별 강의내용",
    "항목_33": "자료, 과제 및\n기타 참고사항",
    "항목_34": "온라인",
    "항목_35": "오프라인",
    "항목_36": "수업방식별시간",
    "항목_37": "1주",
    "항목_38": "1. 강좌 소개 & 진행 방식 설명\n2. 패키징 공학이란 무엇이며 왜 배워야 하는가?",
    "항목_39": "1. 강좌 소개 & 진행 방식 설명\n2. 패키징 공학이란 무엇이며 왜 배워야 하는가?",
    "항목_40": "판서 / PPT"
  },
  "핵심역량": {
    "항목_0": "직전강의평가\n및\nCQI반영사항",
    "항목_1": "이해도 향상을 위해 동영상 시청 자료 등을 추가 활용",
    "항목_2": "구분",
    "항목_3": "소통역량",
    "항목_4": "창의역량",
    "항목_5": "인성역량",
    "항목_6": "실무역량",
    "항목_7": "도전역량",
    "항목_8": "문화역량",
    "항목_9": "합계",
    "항목_10": "대표역량",
    "항목_11": "비율(%)",
    "항목_12": "30",
    "항목_13": "20",
    "항목_14": "20",
    "항목_15": "20",
    "항목_16": "10",
    "항목_17": "0",
    "항목_18": "100",
    "항목_19": "교과목간의\n연계성",
    "항목_20": "주교재",
    "항목_21": "반도체 패키지 (Semiconductor Package)",
    "항목_22": "저자",
    "항목_23": "참고자료",
    "항목_24": "나노반도체 소자 설계 및 제조공정 기술, 저자 최성제, 자유아카데미,  2021",
    "항목_25": "고광덕",
    "항목_26": "출판사",
    "항목_27": "성안당",
    "항목_28": "출판년도",
    "항목_29": "2019",
    "항목_30": "교재언어",
    "항목_31": "권장 선수과목",
    "항목_32": "한국어",
    "항목_33": "강의언어",
    "항목_34": "한국어",
    "항목_35": "필요 기자재",
    "항목_36": "판서, Beam projector",
    "항목_37": "반도체 소자공학",
    "항목_38": "권장 후수과목",
    "항목_39": "DA",
    "항목_40": "수업방식\n(복수가능√)",
    "항목_41": "강의",
    "항목_42": "발표/토론",
    "항목_43": "PBL",
    "항목_44": "플립러닝",
    "항목_45": "LMS활용",
    "항목_46": "실험실습",
    "항목_47": "기타",
    "항목_48": "√",
    "항목_49": "√",
    "항목_50": "수업운영방향",
    "항목_51": "평가계획\n(100%)",
    "항목_52": "중간",
    "항목_53": "기말",
    "항목_54": "출석",
    "항목_55": "과제물",
    "항목_56": "안전교육",
    "항목_57": "발표/토론",
    "항목_58": "수업태도",
    "항목_59": "기타",
    "항목_60": "35%",
    "항목_61": "35%",
    "항목_62": "20%",
    "항목_63": "10%",
    "항목_64": "0%",
    "항목_65": "0%",
    "항목_66": "0%",
    "항목_67": "0%",
    "항목_68": "평가참고사항"
  }
}