{
  "기본정보": {
    "항목_0": "1 / 2",
    "항목_1": "전북대학교 강의계획서 (2025년 1학기)",
    "항목_2": "교과목 코드",
    "항목_3": "E-mail",
    "항목_4": "dlee462@jbnu.ac.kr",
    "항목_5": "전공필수",
    "항목_6": "연구실",
    "항목_7": "담당교수명",
    "항목_8": "연락처",
    "항목_9": "이동휘",
    "항목_10": "063-270-2373",
    "항목_11": "1",
    "항목_12": "3",
    "항목_13": "0000108173",
    "항목_14": "학점",
    "항목_15": "분반",
    "항목_16": "교과목 구분",
    "항목_17": "교과목명",
    "항목_18": "열역학 1및연습",
    "항목_19": "학과/학년",
    "항목_20": "기계시스템 2,기계시스템(응용기계) 2,기계시스템(정밀기계) 2",
    "항목_21": "상담가능시간",
    "화 13": "00~18:00  목 13:00~18:00",
    "항목_23": "1. 강의 기본정보",
    "항목_24": "강의실",
    "전주": "공과대학 4호관 315 전주:공과대학 8호관 406",
    "항목_26": "요일/시간",
    "항목_27": "화 1-A,화 1-B,화 2-A,화 2-B,목 3-A,목 3-B,목 4-A,목 4-B",
    "항목_28": "수업목표",
    "항목_29": "산업분야에서 중요한 열변환계(thermal system)를 이해하기 위해 이상과정(ideal process) 또는 자연계의 실제과정(real process)에서의 물질의 성질 및 상태를 살피는 한편, 계의 에너지 변환과정에서 나타나는 열(heat)과 일(work)의 이동(전달)에 있어서 지배되는 에너지보존법칙(열역학 제 1법칙)과 실제계(real system)의 과정을 이해하는 데에 필요한 열역학 제 2 법칙의 기초이론을 습득한다."
  },
  "평가방법": {
    "항목_0": "A(%)",
    "항목_1": "A+B(%)",
    "항목_2": "C이하(%)",
    "항목_3": "총비율",
    "항목_4": "0",
    "항목_5": "0",
    "항목_6": "0",
    "항목_7": "100%",
    "항목_8": "절대평가 기준",
    "항목_9": "상대평가 비율",
    "항목_10": "상대평가Ⅰ(A30%)",
    "항목_11": "- 강의",
    "항목_12": "√",
    "기타": "",
    "항목_14": "- 과제",
    "항목_15": "√",
    "항목_16": "* 장애학생 교수학습지원 사항",
    "항목_17": "- 평가",
    "항목_18": "√",
    "항목_19": "참고\n사항",
    "항목_20": "강의 파일, 자료 등 제공",
    "항목_21": "좌석배치(지정좌석) 조정",
    "항목_22": "과제 제출기한 연장",
    "항목_23": "대안적 과제 제시",
    "항목_24": "시험시간 연장",
    "항목_25": "별도의 시험 장소 제공",
    "항목_26": "※ 위 지원사항 등을 포함한 강의, 과제, 시험 등 학습과정에서 장애로 인하여 추가 지원이\n     필요한 경우 개강전 담당강사 및 장애학습 지원센터를 통해 문의 바랍니다.",
    "그 외(필요시 자유로이 추가 기술)": "",
    "항목_28": "주별",
    "항목_29": "수업목표",
    "항목_30": "수업내용",
    "항목_31": "수업방식",
    "항목_32": "주별 강의내용",
    "항목_33": "자료, 과제 및\n기타 참고사항",
    "항목_34": "온라인",
    "항목_35": "오프라인",
    "항목_36": "수업방식별시간",
    "항목_37": "1주",
    "항목_38": "1. Introduction of Thermodynamics \n     - Part 1",
    "항목_39": "강의"
  },
  "핵심역량": {
    "항목_0": "직전강의평가\n및\nCQI반영사항",
    "항목_1": "비대면 수업으로 인해 학생들의 피드백을 직접적으로 들을 수 없었던 점을 2개분반을 대면수업으로 진행하여 개선할 예정.",
    "항목_2": "구분",
    "항목_3": "소통역량",
    "항목_4": "창의역량",
    "항목_5": "인성역량",
    "항목_6": "실무역량",
    "항목_7": "도전역량",
    "항목_8": "문화역량",
    "항목_9": "합계",
    "항목_10": "대표역량",
    "항목_11": "비율(%)",
    "항목_12": "20",
    "항목_13": "50",
    "항목_14": "10",
    "항목_15": "20",
    "항목_16": "0",
    "항목_17": "0",
    "항목_18": "100",
    "항목_19": "교과목간의\n연계성",
    "항목_20": "주교재",
    "항목_21": "저자",
    "항목_22": "참고자료",
    "항목_23": "MICHAEL J. MORAN, HOWARD N. SHAPIRO",
    "항목_24": "출판사",
    "항목_25": "WILEY",
    "항목_26": "출판년도",
    "항목_27": "2017",
    "항목_28": "교재언어",
    "항목_29": "권장 선수과목",
    "항목_30": "강의언어",
    "항목_31": "한국어",
    "항목_32": "필요 기자재",
    "항목_33": "일반물리학 1,일반화학 1,수학 1",
    "항목_34": "권장 후수과목",
    "항목_35": "DA",
    "항목_36": "수업방식\n(복수가능√)",
    "항목_37": "강의",
    "항목_38": "발표/토론",
    "항목_39": "PBL",
    "항목_40": "플립러닝",
    "항목_41": "LMS활용",
    "항목_42": "실험실습",
    "항목_43": "기타",
    "항목_44": "√",
    "항목_45": "수업운영방향",
    "항목_46": "평가계획\n(100%)",
    "항목_47": "중간",
    "항목_48": "기말",
    "항목_49": "출석",
    "항목_50": "과제물",
    "항목_51": "안전교육",
    "항목_52": "발표/토론",
    "항목_53": "수업태도",
    "항목_54": "기타",
    "항목_55": "40%",
    "항목_56": "40%",
    "항목_57": "10%",
    "항목_58": "10%",
    "항목_59": "0%",
    "항목_60": "%",
    "항목_61": "0%",
    "항목_62": "%",
    "항목_63": "평가참고사항"
  }
}