{
  "기본정보": {
    "항목_0": "1 / 2",
    "항목_1": "전북대학교 강의계획서 (2025년 1학기)",
    "항목_2": "교과목 코드",
    "항목_3": "E-mail",
    "항목_4": "kbsuhk@jbnu.ac.kr",
    "항목_5": "전공선택",
    "항목_6": "연구실",
    "항목_7": "공대 2호관 112",
    "항목_8": "담당교수명",
    "항목_9": "연락처",
    "항목_10": "김병석",
    "항목_11": "063-270-2352",
    "항목_12": "1",
    "항목_13": "3",
    "항목_14": "0000125882",
    "항목_15": "학점",
    "항목_16": "분반",
    "항목_17": "교과목 구분",
    "항목_18": "교과목명",
    "항목_19": "재료전기화학",
    "항목_20": "학과/학년",
    "항목_21": "유기소재섬유공학과 3",
    "항목_22": "상담가능시간",
    "항목_23": "1. 강의 기본정보",
    "항목_24": "강의실",
    "전주": "공과대학 2호관 416",
    "항목_26": "요일/시간",
    "항목_27": "월 8-A,월 8-B,월 9-A,월 9-B,수 8-A,수 8-B",
    "항목_28": "수업목표",
    "항목_29": "전기화학은 물리화학의 기초로부터 응용분야까지 적용되는 학문으로서, 현재는 화학의 전 분야에서 그 원리가 적용되고 있으며, 중요한 각종 측정수단으로서도 활용되고 있다. 일반적으로 모든 자연적 화학반응이나 인위적 화학반응은 궁극적으로 모두가 전기화학적 반응에 기초를 두고 있으며, 이러한 전기적인 현상과 화학적인 현상의 관련성을 연구하는 분야를 전기화학이라고 하고, 이런 현상을 바탕으로 하여 공업적으로 매우 다양하게 적용되고 있다. 그 예로 전극과 전해질재료, 분석전기화학, 분자전기화학, 전기화학적 에너지변환, 전해석출과 표면처리, 공업전기화학과 전기화학공학, 생물전기화학, 전지, 전자공학, 에너지공학, 유기생물 전기화학, 금속의 부식방식 분야의 평가 등 여러 가지 분야에 이 전기화학의 원리가 적용되고 있다. 이런 학문의 원리를 숙지, 이해시켜 공업적으로 접목할 수 있도록 그 능력을 배양하는데 그 목적을 둔다."
  },
  "평가방법": {
    "항목_0": "A(%)",
    "항목_1": "A+B(%)",
    "항목_2": "C이하(%)",
    "항목_3": "총비율",
    "항목_4": "0",
    "항목_5": "0",
    "항목_6": "0",
    "항목_7": "100%",
    "항목_8": "절대평가 기준",
    "항목_9": "상대평가 비율",
    "항목_10": "1. 전기화학 기본 개념에 대한 이해도\n2. 전기화학 반응의 특징에 대한 이해도",
    "항목_11": "절대평가",
    "항목_12": "- 강의",
    "기타": "",
    "항목_14": "- 과제",
    "항목_15": "√",
    "항목_16": "* 장애학생 교수학습지원 사항",
    "항목_17": "- 평가",
    "항목_18": "√",
    "항목_19": "√",
    "항목_20": "참고\n사항",
    "항목_21": "강의 파일, 자료 등 제공",
    "항목_22": "좌석배치(지정좌석) 조정",
    "항목_23": "과제 제출기한 연장",
    "항목_24": "대안적 과제 제시",
    "항목_25": "시험시간 연장",
    "항목_26": "별도의 시험 장소 제공",
    "항목_27": "※ 위 지원사항 등을 포함한 강의, 과제, 시험 등 학습과정에서 장애로 인하여 추가 지원이\n     필요한 경우 개강전 담당강사 및 장애학습 지원센터를 통해 문의 바랍니다.",
    "그 외(필요시 자유로이 추가 기술)": "",
    "항목_29": "주별",
    "항목_30": "수업목표",
    "항목_31": "수업내용",
    "항목_32": "수업방식",
    "항목_33": "주별 강의내용",
    "항목_34": "자료, 과제 및\n기타 참고사항",
    "항목_35": "온라인",
    "항목_36": "오프라인",
    "항목_37": "수업방식별시간"
  },
  "핵심역량": {
    "항목_0": "직전강의평가\n및\nCQI반영사항",
    "항목_1": "없음.",
    "항목_2": "구분",
    "항목_3": "소통역량",
    "항목_4": "창의역량",
    "항목_5": "인성역량",
    "항목_6": "실무역량",
    "항목_7": "도전역량",
    "항목_8": "문화역량",
    "항목_9": "합계",
    "항목_10": "대표역량",
    "항목_11": "비율(%)",
    "항목_12": "30",
    "항목_13": "30",
    "항목_14": "20",
    "항목_15": "10",
    "항목_16": "10",
    "항목_17": "0",
    "항목_18": "100",
    "항목_19": "교과목간의\n연계성",
    "항목_20": "주교재",
    "항목_21": "저자",
    "항목_22": "참고자료",
    "항목_23": "Handouts + journal papers\n전기화학, 오승모 저, 자유아카데미 2014\n재료전기화학, 이철태 저, 단국대학교출판부 2010. \n전기화학적 분석, 황훈 저, 자유아카데미 2018.",
    "항목_24": "출판사",
    "항목_25": "출판년도",
    "항목_26": "교재언어",
    "항목_27": "권장 선수과목",
    "항목_28": "한국어",
    "항목_29": "강의언어",
    "항목_30": "한국어",
    "항목_31": "필요 기자재",
    "항목_32": "선수과목 필요없음 (전기화학, 에너지소재에 대한 기본 개념이 없어도, 본 강의를 통해서 기초부터 응용분야까지 알",
    "항목_33": "권장 후수과목",
    "항목_34": "DA",
    "항목_35": "수업방식\n(복수가능√)",
    "항목_36": "강의",
    "항목_37": "발표/토론",
    "항목_38": "PBL",
    "항목_39": "플립러닝",
    "항목_40": "LMS활용",
    "항목_41": "실험실습",
    "항목_42": "기타",
    "항목_43": "√",
    "항목_44": "√",
    "항목_45": "√",
    "항목_46": "√",
    "항목_47": "수업운영방향",
    "항목_48": "평가계획\n(100%)",
    "항목_49": "중간",
    "항목_50": "기말",
    "항목_51": "출석",
    "항목_52": "과제물",
    "항목_53": "안전교육",
    "항목_54": "발표/토론",
    "항목_55": "수업태도",
    "항목_56": "기타",
    "항목_57": "40%",
    "항목_58": "40%",
    "항목_59": "0%",
    "항목_60": "10%",
    "항목_61": "0%",
    "항목_62": "10%",
    "항목_63": "0%",
    "항목_64": "0%",
    "항목_65": "평가참고사항",
    "항목_66": "한학기 동안에 개인소통 2회"
  }
}