{
  "기본정보": {
    "항목_0": "1 / 2",
    "항목_1": "전북대학교 강의계획서 (2025년 1학기)",
    "항목_2": "교과목 코드",
    "항목_3": "E-mail",
    "항목_4": "hkbaik@jbnu.ac.kr",
    "항목_5": "전공필수",
    "항목_6": "연구실",
    "항목_7": "담당교수명",
    "항목_8": "연락처",
    "항목_9": "백흥기",
    "항목_10": "5",
    "항목_11": "3",
    "항목_12": "0000104848",
    "항목_13": "학점",
    "항목_14": "분반",
    "항목_15": "교과목 구분",
    "항목_16": "교과목명",
    "항목_17": "전자회로실험",
    "항목_18": "학과/학년",
    "항목_19": "전자공학부 3",
    "항목_20": "상담가능시간",
    "항목_21": "카카오톡 오픈 채팅방 개설하여 수시로 상담",
    "항목_22": "1. 강의 기본정보",
    "항목_23": "강의실",
    "전주": "공과대학 7호관 110",
    "항목_25": "요일/시간",
    "항목_26": "화 8-A,화 8-B,화 9-A,화 9-B,목 6-A,목 6-B,목 7-A,목 7-B",
    "항목_27": "수업목표",
    "항목_28": "전자회로에서 학습한 이론을 실험을 통하여 확인함으로써 이론에 대한 이해를 깊게 하며, 이론과 측정치의 차이를 규명함으로써 간략화된 이론 및 측정 오차 등의 한계를 인식하도록 한다. 또한 피 측정 회로의 설계 방법 및 구현 방법, 부품에 대한 이해, 측정 장비의 사용법 등을 익혀 전자회로의 구현 능력을 배양한다."
  },
  "평가방법": {
    "항목_0": "A(%)",
    "항목_1": "A+B(%)",
    "항목_2": "C이하(%)",
    "항목_3": "총비율",
    "항목_4": "0",
    "항목_5": "0",
    "항목_6": "0",
    "항목_7": "100%",
    "항목_8": "절대평가 기준",
    "항목_9": "상대평가 비율",
    "항목_10": "성취도 80%이상 시 A이상, 60이상~80%미만 시 B이상, 60%미만 시 C+이하",
    "항목_11": "절대평가",
    "항목_12": "- 강의",
    "항목_13": "√",
    "기타": "",
    "항목_15": "- 과제",
    "항목_16": "√",
    "항목_17": "* 장애학생 교수학습지원 사항",
    "항목_18": "- 평가",
    "항목_19": "√",
    "항목_20": "√",
    "항목_21": "참고\n사항",
    "항목_22": "강의 파일, 자료 등 제공",
    "항목_23": "좌석배치(지정좌석) 조정",
    "항목_24": "과제 제출기한 연장",
    "항목_25": "대안적 과제 제시",
    "항목_26": "시험시간 연장",
    "항목_27": "별도의 시험 장소 제공",
    "항목_28": "※ 위 지원사항 등을 포함한 강의, 과제, 시험 등 학습과정에서 장애로 인하여 추가 지원이\n     필요한 경우 개강전 담당강사 및 장애학습 지원센터를 통해 문의 바랍니다.",
    "그 외(필요시 자유로이 추가 기술)": "",
    "항목_30": "주별",
    "항목_31": "수업목표",
    "항목_32": "수업내용",
    "항목_33": "수업방식",
    "항목_34": "주별 강의내용",
    "항목_35": "자료, 과제 및\n기타 참고사항",
    "항목_36": "온라인",
    "항목_37": "오프라인",
    "항목_38": "수업방식별시간",
    "항목_39": "1주",
    "항목_40": "과목 소개 및 조 편성",
    "항목_41": "전자회로실험 과목 소개, 조 편성 (A, B조), 실험 테이블 배정",
    "항목_42": "강의"
  },
  "핵심역량": {
    "항목_0": "직전강의평가\n및\nCQI반영사항",
    "항목_1": "없음.",
    "항목_2": "구분",
    "항목_3": "소통역량",
    "항목_4": "창의역량",
    "항목_5": "인성역량",
    "항목_6": "실무역량",
    "항목_7": "도전역량",
    "항목_8": "문화역량",
    "항목_9": "합계",
    "항목_10": "대표역량",
    "항목_11": "비율(%)",
    "항목_12": "10",
    "항목_13": "20",
    "항목_14": "5",
    "항목_15": "50",
    "항목_16": "10",
    "항목_17": "5",
    "항목_18": "100",
    "항목_19": "교과목간의\n연계성",
    "항목_20": "주교재",
    "항목_21": "저자",
    "항목_22": "참고자료",
    "항목_23": "LMS에 실험 자료 제공",
    "항목_24": "출판사",
    "항목_25": "출판년도",
    "항목_26": "교재언어",
    "항목_27": "권장 선수과목",
    "항목_28": "한국어",
    "항목_29": "강의언어",
    "항목_30": "한국어",
    "항목_31": "필요 기자재",
    "항목_32": "계측 장비, 빔 프로젝터",
    "항목_33": "전자회로1, 창의적 공학설계 입문",
    "항목_34": "권장 후수과목",
    "항목_35": "DA",
    "항목_36": "수업방식\n(복수가능√)",
    "항목_37": "강의",
    "항목_38": "발표/토론",
    "항목_39": "PBL",
    "항목_40": "플립러닝",
    "항목_41": "LMS활용",
    "항목_42": "실험실습",
    "항목_43": "기타",
    "항목_44": "√",
    "항목_45": "√",
    "항목_46": "√",
    "항목_47": "수업운영방향",
    "항목_48": "평가계획\n(100%)",
    "항목_49": "중간",
    "항목_50": "기말",
    "항목_51": "출석",
    "항목_52": "과제물",
    "항목_53": "안전교육",
    "항목_54": "발표/토론",
    "항목_55": "수업태도",
    "항목_56": "기타",
    "항목_57": "0%",
    "항목_58": "20%",
    "항목_59": "20%",
    "항목_60": "60%",
    "항목_61": "0%",
    "항목_62": "0%",
    "항목_63": "0%",
    "항목_64": "0%",
    "항목_65": "평가참고사항"
  }
}