{
  "기본정보": {
    "항목_0": "1 / 2",
    "항목_1": "전북대학교 강의계획서 (2025년 1학기)",
    "항목_2": "교과목 코드",
    "항목_3": "E-mail",
    "항목_4": "ksl@jbnu.ac.kr",
    "항목_5": "전공필수",
    "항목_6": "연구실",
    "항목_7": "공대 7호관 626호",
    "항목_8": "담당교수명",
    "항목_9": "연락처",
    "항목_10": "이경수",
    "항목_11": "063-270-2406",
    "항목_12": "2",
    "항목_13": "3",
    "항목_14": "0000115488",
    "항목_15": "학점",
    "항목_16": "분반",
    "항목_17": "교과목 구분",
    "항목_18": "교과목명",
    "항목_19": "데이터베이스",
    "항목_20": "학과/학년",
    "항목_21": "컴퓨터공학부 3,IT정보공학과 3,컴퓨터공학부(컴퓨터) 3,컴퓨터인공지능",
    "항목_22": "상담가능시간",
    "항목_23": "1. 강의 기본정보",
    "항목_24": "강의실",
    "전주": "공과대학 7호관 534",
    "항목_26": "요일/시간",
    "항목_27": "수 2-A,수 2-B,금 1-A,금 1-B,금 2-A,금 2-B",
    "항목_28": "수업목표",
    "항목_29": "[수업 목표]\n1. 관계형 모델 및 ER모델을 이해하고 활용할 수 있는 역량 강화\n2. SQL 및 NoSQL의 데이터 모델링과 성능 최적화 개념 이해\n3. 트랜잭션, 인덱싱, 정규화, 트리거 등 DB 심화 개념 이해\n4. DAO, DTO, Repository 패턴 등 데이터베이스 관련 디자인 패턴의 이해 \n\n[강좌 설명]\n본 강좌는 다음과 같은 내용을 포함하고 있음.\n1. 관계형 데이터베이스 (Relational Database, RDB)에 대한 기본 이해 및 실습\n2. NoSQL에 대한 이해 및 실습\n3. 데이터 모델 및 디자인패턴 이론 및 구현 실습\n\n본 수업은 다음과 같은 방식으로 진행하고자 함.\n1. 수요일 1시간 금요일 2시간 수업으로 구성되어 있으며 오프라인으로 진행함.\n2. 수업 시간에 실습이 포함되어 있으며, JCloud 또는 JCode를 활용함.\n3. 수업 시간에 실습이 포함되어 있으며, MySQL, MongoDB 및 JAVA를 메인으로 사용할 계획이며, PostgreSQL, Python 등을 고려할 수 있음.\n4. 특정 주제마다 (CRUD, JOIN, TRANSACTION, TRIGGER, MongoDB, DAO & DTO) 학생들이 직접 코드를 짜볼 수 있도록 실습을 진행.\n5. 성적은 중간/기말/출석/실습/기타 점수로 구성되며, 학생들이 특정 항목 내에서 자유롭게 기타 점수 획득이 가능함."
  },
  "평가방법": {
    "항목_0": "A(%)",
    "항목_1": "A+B(%)",
    "항목_2": "C이하(%)",
    "항목_3": "총비율",
    "항목_4": "40",
    "항목_5": "80",
    "항목_6": "20",
    "항목_7": "100%",
    "항목_8": "절대평가 기준",
    "항목_9": "상대평가 비율",
    "항목_10": "상대평가Ⅱ"
  },
  "핵심역량": {
    "항목_0": "직전강의평가\n및\nCQI반영사항",
    "항목_1": "해당사항 없음",
    "항목_2": "구분",
    "항목_3": "소통역량",
    "항목_4": "창의역량",
    "항목_5": "인성역량",
    "항목_6": "실무역량",
    "항목_7": "도전역량",
    "항목_8": "문화역량",
    "항목_9": "합계",
    "항목_10": "대표역량",
    "항목_11": "비율(%)",
    "항목_12": "10",
    "항목_13": "20",
    "항목_14": "0",
    "항목_15": "50",
    "항목_16": "20",
    "항목_17": "0",
    "항목_18": "100",
    "항목_19": "교과목간의\n연계성",
    "항목_20": "주교재",
    "항목_21": "Database System Concepts",
    "항목_22": "저자",
    "항목_23": "참고자료",
    "항목_24": "PPT 및 수업 녹화 제공 예정",
    "항목_25": "Silberschatz, Korth and Sudarshan",
    "항목_26": "출판사",
    "항목_27": "McGraw-Hill",
    "항목_28": "출판년도",
    "항목_29": "2019",
    "항목_30": "교재언어",
    "항목_31": "권장 선수과목",
    "항목_32": "영어",
    "항목_33": "강의언어",
    "항목_34": "한국어",
    "항목_35": "필요 기자재",
    "항목_36": "노트북 (선택)",
    "항목_37": "객체지향프로그래밍, 리눅스",
    "항목_38": "권장 후수과목",
    "항목_39": "DA",
    "항목_40": "수업방식\n(복수가능√)",
    "항목_41": "강의",
    "항목_42": "발표/토론",
    "항목_43": "PBL",
    "항목_44": "플립러닝",
    "항목_45": "LMS활용",
    "항목_46": "실험실습",
    "항목_47": "기타",
    "항목_48": "√",
    "항목_49": "√",
    "항목_50": "수업운영방향",
    "항목_51": "평가계획\n(100%)",
    "항목_52": "중간",
    "항목_53": "기말",
    "항목_54": "출석",
    "항목_55": "과제물",
    "항목_56": "안전교육",
    "항목_57": "발표/토론",
    "항목_58": "수업태도",
    "항목_59": "기타",
    "항목_60": "25%",
    "항목_61": "50%",
    "항목_62": "5%",
    "항목_63": "10%",
    "항목_64": "0%",
    "항목_65": "0%",
    "항목_66": "0%",
    "항목_67": "10%",
    "항목_68": "평가참고사항",
    "항목_69": "성적은 중간/기말/출석/실습/기타 점수로 구성되며, 학생들이 특정 항목 내에서 자유롭게 기타 점수 획득이 가능함. 중간고사는 RDB 이론 필기 시험으로 진행되며, 기말고사는 전반적인 DB에 대한 실기로 진행 될 예정임."
  }
}