{
  "기본정보": {
    "항목_0": "1 / 2",
    "항목_1": "전북대학교 강의계획서 (2025년 1학기)",
    "항목_2": "교과목 코드",
    "항목_3": "E-mail",
    "항목_4": "hjkwon@jbnu.ac.kr",
    "항목_5": "전공필수",
    "항목_6": "연구실",
    "항목_7": "공대4호관 306호",
    "항목_8": "담당교수명",
    "항목_9": "연락처",
    "항목_10": "권한중",
    "항목_11": "063-270-2299",
    "항목_12": "1",
    "항목_13": "3",
    "항목_14": "0000108489",
    "항목_15": "학점",
    "항목_16": "분반",
    "항목_17": "교과목 구분",
    "항목_18": "교과목명",
    "항목_19": "금속열역학",
    "항목_20": "학과/학년",
    "항목_21": "신소재(금속시스템) 3",
    "항목_22": "상담가능시간",
    "항목_23": "월, 수 오후 2시~4시",
    "항목_24": "1. 강의 기본정보",
    "항목_25": "강의실",
    "전주": "공과대학 4호관 402",
    "항목_27": "요일/시간",
    "항목_28": "수 4-A,수 4-B,금 3-A,금 3-B,금 4-A,금 4-B",
    "항목_29": "수업목표",
    "항목_30": "이 과목은 금속공학을 포함한 재료공학을 전공하는 학부 3, 4학년을 대상으로 열역학에 대한 기초적인 이해를 목적으로 함. 세부적으로 열역학 법칙, 열역학 함수와 열역학을 실제로 적용하기 위한 다양한 사례들(2원계 용액, 기체, 액체 및 고체 물질의 자유에너지 및 다이어그램 등)에 대해 소개하고자 함"
  },
  "평가방법": {
    "항목_0": "A(%)",
    "항목_1": "A+B(%)",
    "항목_2": "C이하(%)",
    "항목_3": "총비율",
    "항목_4": "100%",
    "항목_5": "절대평가 기준",
    "항목_6": "상대평가 비율",
    "항목_7": "상대평가Ⅰ(A30%)",
    "항목_8": "- 강의",
    "항목_9": "√",
    "항목_10": "√",
    "기타": "",
    "항목_12": "- 과제",
    "항목_13": "√",
    "항목_14": "* 장애학생 교수학습지원 사항",
    "항목_15": "- 평가",
    "항목_16": "√",
    "항목_17": "참고\n사항",
    "항목_18": "강의 파일, 자료 등 제공",
    "항목_19": "좌석배치(지정좌석) 조정",
    "항목_20": "과제 제출기한 연장",
    "항목_21": "대안적 과제 제시",
    "항목_22": "시험시간 연장",
    "항목_23": "별도의 시험 장소 제공",
    "항목_24": "※ 위 지원사항 등을 포함한 강의, 과제, 시험 등 학습과정에서 장애로 인하여 추가 지원이\n     필요한 경우 개강전 담당강사 및 장애학습 지원센터를 통해 문의 바랍니다.",
    "그 외(필요시 자유로이 추가 기술)": "",
    "항목_26": "주별",
    "항목_27": "수업목표",
    "항목_28": "수업내용",
    "항목_29": "수업방식",
    "항목_30": "주별 강의내용",
    "항목_31": "자료, 과제 및\n기타 참고사항",
    "항목_32": "온라인",
    "항목_33": "오프라인",
    "항목_34": "수업방식별시간",
    "항목_35": "1주",
    "항목_36": "- 서론\n- 열역학 제1법칙(제1, 2장)",
    "항목_37": "강의",
    "항목_38": "PPT 형식의 수업 자료에 대한 설명 및 토의"
  },
  "핵심역량": {
    "항목_0": "직전강의평가\n및\nCQI반영사항",
    "항목_1": "학생들이 열역학 개념을 쉽게 이해하고 실질적으로 열역학을 활용할 수 있도록 돕고자 함",
    "항목_2": "구분",
    "항목_3": "소통역량",
    "항목_4": "창의역량",
    "항목_5": "인성역량",
    "항목_6": "실무역량",
    "항목_7": "도전역량",
    "항목_8": "문화역량",
    "항목_9": "합계",
    "항목_10": "대표역량",
    "항목_11": "비율(%)",
    "항목_12": "10",
    "항목_13": "10",
    "항목_14": "10",
    "항목_15": "40",
    "항목_16": "20",
    "항목_17": "10",
    "항목_18": "100",
    "항목_19": "교과목간의\n연계성",
    "항목_20": "주교재",
    "항목_21": "재료열역학 ( Introduction to the Thermodynamics of Meterial  5th edition )\n    -민동준외 3명 역( David R. Gaskell 저 )-홍릉과학출판사-2009",
    "항목_22": "저자",
    "항목_23": "참고자료",
    "항목_24": "민동준외 3명 역( David R. Gaskell 저 )",
    "항목_25": "출판사",
    "항목_26": "홍릉과학출판사",
    "항목_27": "출판년도",
    "항목_28": "2009",
    "항목_29": "교재언어",
    "항목_30": "권장 선수과목",
    "항목_31": "한국어",
    "항목_32": "강의언어",
    "항목_33": "한국어",
    "항목_34": "필요 기자재",
    "항목_35": "금속물리화학 1, 금속물리화학 2",
    "항목_36": "권장 후수과목",
    "항목_37": "DA",
    "항목_38": "수업방식\n(복수가능√)",
    "항목_39": "강의",
    "항목_40": "발표/토론",
    "항목_41": "PBL",
    "항목_42": "플립러닝",
    "항목_43": "LMS활용",
    "항목_44": "실험실습",
    "항목_45": "기타",
    "항목_46": "√",
    "항목_47": "√",
    "항목_48": "수업운영방향",
    "항목_49": "평가계획\n(100%)",
    "항목_50": "중간",
    "항목_51": "기말",
    "항목_52": "출석",
    "항목_53": "과제물",
    "항목_54": "안전교육",
    "항목_55": "발표/토론",
    "항목_56": "수업태도",
    "항목_57": "기타",
    "항목_58": "40%",
    "항목_59": "40%",
    "항목_60": "20%",
    "항목_61": "0%",
    "항목_62": "0%",
    "항목_63": "0%",
    "항목_64": "0%",
    "항목_65": "0%",
    "항목_66": "평가참고사항"
  }
}