{
  "기본정보": {
    "항목_0": "1 / 2",
    "항목_1": "전북대학교 강의계획서 (2025년 1학기)",
    "항목_2": "교과목 코드",
    "항목_3": "E-mail",
    "항목_4": "kujeong@jbnu.ac.kr",
    "항목_5": "전공선택",
    "항목_6": "연구실",
    "항목_7": "공대 9호관 707호",
    "항목_8": "담당교수명",
    "항목_9": "연락처",
    "항목_10": "정광운",
    "항목_11": "063-270-4633",
    "항목_12": "1",
    "항목_13": "3",
    "항목_14": "0000118739",
    "항목_15": "학점",
    "항목_16": "분반",
    "항목_17": "교과목 구분",
    "항목_18": "교과목명",
    "항목_19": "고분자나노구조분석 1",
    "항목_20": "학과/학년",
    "항목_21": "고분자.나노공 2",
    "항목_22": "상담가능시간",
    "Every Friday Morning from 9": "00 am to 11 am",
    "항목_24": "1. 강의 기본정보",
    "항목_25": "강의실",
    "전주": "공과대학 9호관 307",
    "항목_27": "요일/시간",
    "항목_28": "월 1-A,월 1-B,월 2-A,월 2-B,수 1-A,수 1-B",
    "항목_29": "수업목표",
    "항목_30": "Through Polymer Nanostructure Analysis 1, we are going to learn about not only spectroscopic analytic techniqes, such as FT-IR, NMR, and UV, but also the fundametal definition of polymers and their applications. This class is mainly given in English even though professor is going to give objectives and summary both in Korean and in English.\n\nTherefore, students can learn about polymer synthesis as well as improve their English abilities in writing, reading and listening."
  },
  "평가방법": {
    "항목_0": "A(%)",
    "항목_1": "A+B(%)",
    "항목_2": "C이하(%)",
    "항목_3": "총비율",
    "항목_4": "0",
    "항목_5": "0",
    "항목_6": "0",
    "항목_7": "100%",
    "항목_8": "절대평가 기준",
    "항목_9": "상대평가 비율",
    "항목_10": "상대평가Ⅰ(A40%)",
    "항목_11": "- 강의",
    "항목_12": "√",
    "기타": "",
    "항목_14": "- 과제",
    "항목_15": "* 장애학생 교수학습지원 사항",
    "항목_16": "- 평가",
    "항목_17": "√",
    "항목_18": "참고\n사항",
    "항목_19": "강의 파일, 자료 등 제공",
    "항목_20": "좌석배치(지정좌석) 조정",
    "항목_21": "과제 제출기한 연장",
    "항목_22": "대안적 과제 제시",
    "항목_23": "시험시간 연장",
    "항목_24": "별도의 시험 장소 제공",
    "항목_25": "※ 위 지원사항 등을 포함한 강의, 과제, 시험 등 학습과정에서 장애로 인하여 추가 지원이\n     필요한 경우 개강전 담당강사 및 장애학습 지원센터를 통해 문의 바랍니다.",
    "그 외(필요시 자유로이 추가 기술)": "",
    "항목_27": "주별",
    "항목_28": "수업목표",
    "항목_29": "수업내용",
    "항목_30": "수업방식",
    "항목_31": "주별 강의내용",
    "항목_32": "자료, 과제 및\n기타 참고사항",
    "항목_33": "온라인",
    "항목_34": "오프라인",
    "항목_35": "수업방식별시간"
  },
  "핵심역량": {
    "항목_0": "직전강의평가\n및\nCQI반영사항",
    "항목_1": "The content of this class will include the current research trends related with this class. \nThe class will be slow down when the important concept is delivered.",
    "항목_2": "구분",
    "항목_3": "소통역량",
    "항목_4": "창의역량",
    "항목_5": "인성역량",
    "항목_6": "실무역량",
    "항목_7": "도전역량",
    "항목_8": "문화역량",
    "항목_9": "합계",
    "항목_10": "대표역량",
    "항목_11": "비율(%)",
    "항목_12": "30",
    "항목_13": "30",
    "항목_14": "5",
    "항목_15": "5",
    "항목_16": "15",
    "항목_17": "15",
    "항목_18": "100",
    "항목_19": "교과목간의\n연계성",
    "항목_20": "주교재",
    "항목_21": "Donald L. Pavia, Gary M. Lampman, George S. Kriz, James R. Vyvyan, Introduction to Spectroscopy, 4TH Eds, Brooks/Core, Australia, 2009.",
    "항목_22": "저자",
    "항목_23": "참고자료",
    "항목_24": "None",
    "항목_25": "Donald L. Pavia",
    "항목_26": "출판사",
    "항목_27": "Brooks",
    "항목_28": "출판년도",
    "항목_29": "2009",
    "항목_30": "교재언어",
    "항목_31": "권장 선수과목",
    "항목_32": "영어",
    "항목_33": "강의언어",
    "항목_34": "영어",
    "항목_35": "필요 기자재",
    "항목_36": "None",
    "항목_37": "None",
    "항목_38": "권장 후수과목",
    "항목_39": "DA",
    "항목_40": "수업방식\n(복수가능√)",
    "항목_41": "강의",
    "항목_42": "발표/토론",
    "항목_43": "PBL",
    "항목_44": "플립러닝",
    "항목_45": "LMS활용",
    "항목_46": "실험실습",
    "항목_47": "기타",
    "항목_48": "√",
    "항목_49": "√",
    "항목_50": "수업운영방향",
    "항목_51": "평가계획\n(100%)",
    "항목_52": "중간",
    "항목_53": "기말",
    "항목_54": "출석",
    "항목_55": "과제물",
    "항목_56": "안전교육",
    "항목_57": "발표/토론",
    "항목_58": "수업태도",
    "항목_59": "기타",
    "항목_60": "40%",
    "항목_61": "40%",
    "항목_62": "10%",
    "항목_63": "10%",
    "항목_64": "0%",
    "항목_65": "0%",
    "항목_66": "0%",
    "항목_67": "0%",
    "항목_68": "평가참고사항",
    "항목_69": "Mid-term examination will be substituted by quizes."
  }
}