{
  "기본정보": {
    "항목_0": "1 / 2",
    "항목_1": "전북대학교 강의계획서 (2025년 1학기)",
    "항목_2": "교과목 코드",
    "항목_3": "E-mail",
    "항목_4": "jhseo@jbnu.ac.kr",
    "항목_5": "전공필수",
    "항목_6": "연구실",
    "항목_7": "담당교수명",
    "항목_8": "연락처",
    "항목_9": "서준호",
    "항목_10": "063-270-4295",
    "항목_11": "1",
    "항목_12": "3",
    "항목_13": "0000123759",
    "항목_14": "학점",
    "항목_15": "분반",
    "항목_16": "교과목 구분",
    "항목_17": "교과목명",
    "항목_18": "양자시스템공학기초실험 1",
    "항목_19": "학과/학년",
    "항목_20": "양자시스템공학과 2",
    "항목_21": "상담가능시간",
    "항목_22": "수업시간 외 수시상담 가능. 그러나, 가급적 이메일로 문의 바람.",
    "항목_23": "1. 강의 기본정보",
    "항목_24": "강의실",
    "전주": "공과대학 1호관 161",
    "항목_26": "요일/시간",
    "항목_27": "월 8-A,월 8-B,월 9-A,월 9-B,월 10-A,월 10-B,수 8-A,수 8-B",
    "항목_28": "수업목표",
    "항목_29": "양자시스템 및 공학 전반에 걸쳐 사용되는 기초 물리량 (압력, 온도, 유량 등)에 대해 물리량 측정을 위한 기초 계측이론을 학습하고 각종 센서의 작동원리 및 특성을 이해한다.\n4차 산업혁명 대응에 필수적인 컴퓨터 기반 제어계측 프로그래밍 역량 확보를 위해 LabView 프로그래밍 기초를 공부한다."
  },
  "평가방법": {
    "항목_0": "A(%)",
    "항목_1": "A+B(%)",
    "항목_2": "C이하(%)",
    "항목_3": "총비율",
    "항목_4": "100%",
    "항목_5": "절대평가 기준",
    "항목_6": "상대평가 비율",
    "항목_7": "상대평가Ⅰ(A30%)",
    "항목_8": "- 강의",
    "항목_9": "√",
    "기타": "",
    "항목_11": "- 과제",
    "항목_12": "√",
    "항목_13": "* 장애학생 교수학습지원 사항",
    "항목_14": "- 평가",
    "항목_15": "√",
    "항목_16": "참고\n사항",
    "항목_17": "강의 파일, 자료 등 제공",
    "항목_18": "좌석배치(지정좌석) 조정",
    "항목_19": "과제 제출기한 연장",
    "항목_20": "대안적 과제 제시",
    "항목_21": "시험시간 연장",
    "항목_22": "별도의 시험 장소 제공",
    "항목_23": "※ 위 지원사항 등을 포함한 강의, 과제, 시험 등 학습과정에서 장애로 인하여 추가 지원이\n     필요한 경우 개강전 담당강사 및 장애학습 지원센터를 통해 문의 바랍니다.",
    "그 외(필요시 자유로이 추가 기술)": "",
    "항목_25": "주별",
    "항목_26": "수업목표",
    "항목_27": "수업내용",
    "항목_28": "수업방식",
    "항목_29": "주별 강의내용",
    "항목_30": "자료, 과제 및\n기타 참고사항",
    "항목_31": "온라인",
    "항목_32": "오프라인",
    "항목_33": "수업방식별시간",
    "항목_34": "1주",
    "항목_35": "실험자료 오차분석-1 (강의)",
    "항목_36": "오차의 종류 및 분석기법",
    "항목_37": "강의 (또는 동영상)",
    "항목_38": "강의 파일"
  },
  "핵심역량": {
    "항목_0": "직전강의평가\n및\nCQI반영사항",
    "항목_1": "실험 이론 교육을 줄이고, 실험 실습을 좀 더 늘리는 방향으로 개선함",
    "항목_2": "구분",
    "항목_3": "소통역량",
    "항목_4": "창의역량",
    "항목_5": "인성역량",
    "항목_6": "실무역량",
    "항목_7": "도전역량",
    "항목_8": "문화역량",
    "항목_9": "합계",
    "항목_10": "대표역량",
    "항목_11": "비율(%)",
    "항목_12": "30",
    "항목_13": "20",
    "항목_14": "10",
    "항목_15": "20",
    "항목_16": "10",
    "항목_17": "10",
    "항목_18": "100",
    "항목_19": "교과목간의\n연계성",
    "항목_20": "주교재",
    "항목_21": "Experimental Methods for Engineers 8th Ed.",
    "항목_22": "저자",
    "항목_23": "참고자료",
    "항목_24": "1. 열혈파이썬 기초편, 윤성우, 오랜지 미디어, 2021",
    "항목_25": "J.P. Holman",
    "항목_26": "출판사",
    "항목_27": "McGraw-Hill",
    "항목_28": "출판년도",
    "항목_29": "2011",
    "항목_30": "교재언어",
    "항목_31": "권장 선수과목",
    "항목_32": "한국어",
    "항목_33": "강의언어",
    "항목_34": "한국어",
    "항목_35": "필요 기자재",
    "항목_36": "퍼스널 컴퓨터, NI-DAQ 보드,  온도센서 등",
    "항목_37": "권장 후수과목",
    "항목_38": "DA",
    "항목_39": "수업방식\n(복수가능√)",
    "항목_40": "강의",
    "항목_41": "발표/토론",
    "항목_42": "PBL",
    "항목_43": "플립러닝",
    "항목_44": "LMS활용",
    "항목_45": "실험실습",
    "항목_46": "기타",
    "항목_47": "√",
    "항목_48": "√",
    "항목_49": "수업운영방향",
    "항목_50": "평가계획\n(100%)",
    "항목_51": "중간",
    "항목_52": "기말",
    "항목_53": "출석",
    "항목_54": "과제물",
    "항목_55": "안전교육",
    "항목_56": "발표/토론",
    "항목_57": "수업태도",
    "항목_58": "기타",
    "항목_59": "40%",
    "항목_60": "40%",
    "항목_61": "15%",
    "항목_62": "0%",
    "항목_63": "5%",
    "항목_64": "0%",
    "항목_65": "0%",
    "항목_66": "0%",
    "항목_67": "평가참고사항"
  }
}