{
  "기본정보": {
    "항목_0": "1 / 2",
    "항목_1": "전북대학교 강의계획서 (2025년 1학기)",
    "항목_2": "교과목 코드",
    "항목_3": "E-mail",
    "항목_4": "ghhwang@jbnu.ac.kr",
    "항목_5": "전공필수",
    "항목_6": "연구실",
    "항목_7": "공대2호관 201호",
    "항목_8": "담당교수명",
    "항목_9": "연락처",
    "항목_10": "황국화",
    "항목_11": "063-270-2370",
    "항목_12": "1",
    "항목_13": "3",
    "항목_14": "0000114286",
    "항목_15": "학점",
    "항목_16": "분반",
    "항목_17": "교과목 구분",
    "항목_18": "교과목명",
    "항목_19": "자원처리공학",
    "항목_20": "학과/학년",
    "항목_21": "토목/환경/자원.에너지공학부(자원.에너지공학) 2",
    "항목_22": "상담가능시간",
    "항목_23": "수업 외 시간(예약 후 가능)",
    "항목_24": "1. 강의 기본정보",
    "항목_25": "강의실",
    "전주": "공과대학 2호관 405",
    "항목_27": "요일/시간",
    "항목_28": "화 3-A,화 3-B,목 1-A,목 1-B,목 2-A,목 2-B",
    "항목_29": "수업목표",
    "항목_30": "자원처리의 개념을 익히고 각 처리 방법과 응용 가능한 분야에 대한 지식을 넓히기 위한 수업이다."
  },
  "평가방법": {
    "항목_0": "A(%)",
    "항목_1": "A+B(%)",
    "항목_2": "C이하(%)",
    "항목_3": "총비율",
    "항목_4": "0",
    "항목_5": "0",
    "항목_6": "0",
    "항목_7": "100%",
    "항목_8": "절대평가 기준",
    "항목_9": "상대평가 비율",
    "항목_10": "절대평가",
    "항목_11": "- 강의",
    "기타": "",
    "항목_13": "- 과제",
    "항목_14": "* 장애학생 교수학습지원 사항",
    "항목_15": "- 평가",
    "항목_16": "참고\n사항",
    "항목_17": "강의 파일, 자료 등 제공",
    "항목_18": "좌석배치(지정좌석) 조정",
    "항목_19": "과제 제출기한 연장",
    "항목_20": "대안적 과제 제시",
    "항목_21": "시험시간 연장",
    "항목_22": "별도의 시험 장소 제공",
    "항목_23": "※ 위 지원사항 등을 포함한 강의, 과제, 시험 등 학습과정에서 장애로 인하여 추가 지원이\n     필요한 경우 개강전 담당강사 및 장애학습 지원센터를 통해 문의 바랍니다.",
    "항목_24": "√",
    "그 외(필요시 자유로이 추가 기술)": "",
    "항목_26": "주별",
    "항목_27": "수업목표",
    "항목_28": "수업내용",
    "항목_29": "수업방식",
    "항목_30": "주별 강의내용",
    "항목_31": "자료, 과제 및\n기타 참고사항",
    "항목_32": "온라인",
    "항목_33": "오프라인",
    "항목_34": "수업방식별시간",
    "항목_35": "1주",
    "항목_36": "- 자원처리공학에서는 무엇을 다루는가?\n- 과거 및 현재 자원처리의 범주 및 개념변화\n- 자원처리공학에서 처음 접하게 되는 광물들의 이름들",
    "- 강의소개\n- Chapter 1": "자원처리란?",
    "항목_38": "강의"
  },
  "핵심역량": {
    "항목_0": "직전강의평가\n및\nCQI반영사항",
    "항목_1": "해당없음.",
    "항목_2": "구분",
    "항목_3": "소통역량",
    "항목_4": "창의역량",
    "항목_5": "인성역량",
    "항목_6": "실무역량",
    "항목_7": "도전역량",
    "항목_8": "문화역량",
    "항목_9": "합계",
    "항목_10": "대표역량",
    "항목_11": "비율(%)",
    "항목_12": "0",
    "항목_13": "50",
    "항목_14": "0",
    "항목_15": "50",
    "항목_16": "0",
    "항목_17": "0",
    "항목_18": "100",
    "항목_19": "교과목간의\n연계성",
    "항목_20": "주교재",
    "항목_21": "자원처리공학(자체교재)",
    "항목_22": "저자",
    "항목_23": "참고자료",
    "항목_24": "전북대학교자원처리연구실",
    "항목_25": "출판사",
    "항목_26": "전북대학교자원처리연구실",
    "항목_27": "출판년도",
    "항목_28": "2022",
    "항목_29": "교재언어",
    "항목_30": "권장 선수과목",
    "항목_31": "한국어",
    "항목_32": "강의언어",
    "항목_33": "한국어",
    "항목_34": "필요 기자재",
    "항목_35": "해당사항 없음",
    "항목_36": "권장 후수과목",
    "항목_37": "DA",
    "항목_38": "수업방식\n(복수가능√)",
    "항목_39": "강의",
    "항목_40": "발표/토론",
    "항목_41": "PBL",
    "항목_42": "플립러닝",
    "항목_43": "LMS활용",
    "항목_44": "실험실습",
    "항목_45": "기타",
    "항목_46": "√",
    "항목_47": "√",
    "항목_48": "수업운영방향",
    "항목_49": "평가계획\n(100%)",
    "항목_50": "중간",
    "항목_51": "기말",
    "항목_52": "출석",
    "항목_53": "과제물",
    "항목_54": "안전교육",
    "항목_55": "발표/토론",
    "항목_56": "수업태도",
    "항목_57": "기타",
    "항목_58": "40%",
    "항목_59": "50%",
    "항목_60": "10%",
    "항목_61": "0%",
    "항목_62": "0%",
    "항목_63": "0%",
    "항목_64": "0%",
    "항목_65": "0%",
    "항목_66": "평가참고사항"
  }
}