{
  "기본정보": {
    "항목_0": "1 / 2",
    "항목_1": "전북대학교 강의계획서 (2025년 1학기)",
    "항목_2": "교과목 코드",
    "항목_3": "E-mail",
    "항목_4": "jang@jbnu.ac.kr",
    "항목_5": "전공선택",
    "항목_6": "연구실",
    "항목_7": "담당교수명",
    "항목_8": "연락처",
    "항목_9": "장한두",
    "항목_10": "1",
    "항목_11": "3",
    "항목_12": "0000118571",
    "항목_13": "학점",
    "항목_14": "분반",
    "항목_15": "교과목 구분",
    "항목_16": "교과목명",
    "항목_17": "단지계획및지구단위계획",
    "항목_18": "학과/학년",
    "항목_19": "도시공 3",
    "항목_20": "상담가능시간",
    "항목_21": "1. 강의 기본정보",
    "항목_22": "강의실",
    "전주": "공과대학 9호관 916",
    "항목_24": "요일/시간",
    "항목_25": "화 3-A,화 3-B,화 4-A,화 4-B,목 3-A,목 3-B,목 4-A,목 4-B",
    "항목_26": "수업목표",
    "항목_27": "이 수업의 목표는  신시가지 토지이용계획을 작성하는 단지설계의 기초과정으로서 4학년때 응시하는 도시계획기사 자격증 시험에  학생들이 친숙하게 대비하고, 관련 법제도 이해에 기반하여 개별 단지를 계획하는 실무적 능력의 기초를 배양하는 것이다."
  },
  "평가방법": {
    "항목_0": "A(%)",
    "항목_1": "A+B(%)",
    "항목_2": "C이하(%)",
    "항목_3": "총비율",
    "항목_4": "40",
    "항목_5": "80",
    "항목_6": "20",
    "항목_7": "100%",
    "항목_8": "절대평가 기준",
    "항목_9": "상대평가 비율",
    "항목_10": "상대평가Ⅱ",
    "항목_11": "- 강의",
    "항목_12": "√",
    "기타": "",
    "항목_14": "- 과제",
    "항목_15": "√",
    "항목_16": "* 장애학생 교수학습지원 사항",
    "항목_17": "- 평가",
    "항목_18": "√",
    "항목_19": "참고\n사항",
    "항목_20": "강의 파일, 자료 등 제공",
    "항목_21": "좌석배치(지정좌석) 조정",
    "항목_22": "과제 제출기한 연장",
    "항목_23": "대안적 과제 제시",
    "항목_24": "시험시간 연장",
    "항목_25": "별도의 시험 장소 제공",
    "항목_26": "※ 위 지원사항 등을 포함한 강의, 과제, 시험 등 학습과정에서 장애로 인하여 추가 지원이\n     필요한 경우 개강전 담당강사 및 장애학습 지원센터를 통해 문의 바랍니다.",
    "그 외(필요시 자유로이 추가 기술)": "",
    "항목_28": "주별",
    "항목_29": "수업목표",
    "항목_30": "수업내용",
    "항목_31": "수업방식",
    "항목_32": "주별 강의내용",
    "항목_33": "자료, 과제 및\n기타 참고사항",
    "항목_34": "온라인",
    "항목_35": "오프라인",
    "항목_36": "수업방식별시간",
    "항목_37": "1주",
    "항목_38": "1_국내 아파트계획의 특성과 발전",
    "항목_39": "(아파트 계획역사, 국내외 비교를 통한 국내 주거단지 \n   현황 파악)",
    "항목_40": "대면"
  },
  "핵심역량": {
    "항목_0": "직전강의평가\n및\nCQI반영사항",
    "항목_1": "개인별로 작성하는 단지설계 도면의 지도 부문을  보완 \n좀 더 난이도를 높혀서 기사시험 대비가 용이하도록 보완",
    "항목_2": "구분",
    "항목_3": "소통역량",
    "항목_4": "창의역량",
    "항목_5": "인성역량",
    "항목_6": "실무역량",
    "항목_7": "도전역량",
    "항목_8": "문화역량",
    "항목_9": "합계",
    "항목_10": "대표역량",
    "항목_11": "비율(%)",
    "항목_12": "15",
    "항목_13": "25",
    "항목_14": "10",
    "항목_15": "25",
    "항목_16": "15",
    "항목_17": "10",
    "항목_18": "100",
    "항목_19": "교과목간의\n연계성",
    "항목_20": "주교재",
    "항목_21": "지구단위계획의 이해",
    "항목_22": "저자",
    "항목_23": "참고자료",
    "항목_24": "강의록",
    "항목_25": "한국도시설계학회",
    "항목_26": "출판사",
    "항목_27": "기문당",
    "항목_28": "출판년도",
    "항목_29": "2009",
    "항목_30": "교재언어",
    "항목_31": "권장 선수과목",
    "항목_32": "한국어",
    "항목_33": "강의언어",
    "항목_34": "한국어",
    "항목_35": "필요 기자재",
    "항목_36": "노트북, 데스크탑, 스마트학습시스템",
    "항목_37": "없음",
    "항목_38": "권장 후수과목",
    "항목_39": "DA",
    "항목_40": "수업방식\n(복수가능√)",
    "항목_41": "강의",
    "항목_42": "발표/토론",
    "항목_43": "PBL",
    "항목_44": "플립러닝",
    "항목_45": "LMS활용",
    "항목_46": "실험실습",
    "항목_47": "기타",
    "항목_48": "√",
    "항목_49": "√",
    "항목_50": "√",
    "항목_51": "수업운영방향",
    "항목_52": "평가계획\n(100%)",
    "항목_53": "중간",
    "항목_54": "기말",
    "항목_55": "출석",
    "항목_56": "과제물",
    "항목_57": "안전교육",
    "항목_58": "발표/토론",
    "항목_59": "수업태도",
    "항목_60": "기타",
    "항목_61": "30%",
    "항목_62": "30%",
    "항목_63": "20%",
    "항목_64": "15%",
    "항목_65": "5%",
    "항목_66": "0%",
    "항목_67": "0%",
    "항목_68": "0%",
    "항목_69": "평가참고사항"
  }
}