{
  "기본정보": {
    "항목_0": "1 / 2",
    "항목_1": "전북대학교 강의계획서 (2025년 1학기)",
    "항목_2": "교과목 코드",
    "항목_3": "E-mail",
    "항목_4": "yonjig@jbnu.ac.kr",
    "항목_5": "전공선택",
    "항목_6": "연구실",
    "항목_7": "270-4763",
    "항목_8": "담당교수명",
    "항목_9": "연락처",
    "항목_10": "김연직",
    "항목_11": "270-4763",
    "항목_12": "3",
    "항목_13": "3",
    "항목_14": "0000100475",
    "항목_15": "학점",
    "항목_16": "분반",
    "항목_17": "교과목 구분",
    "항목_18": "교과목명",
    "항목_19": "고체역학 2",
    "항목_20": "학과/학년",
    "항목_21": "기계설계(기계설계) 3",
    "항목_22": "상담가능시간",
    "월 14": "00-17:00",
    "항목_24": "1. 강의 기본정보",
    "항목_25": "강의실",
    "전주": "공과대학 9호관 205",
    "항목_27": "요일/시간",
    "항목_28": "화 3-A,화 3-B,목 1-A,목 1-B,목 2-A,목 2-B",
    "항목_29": "수업목표",
    "항목_30": "고체역학은 기계장치나 구조물을 설계하는데 있어서 부재의 강도 및 변형과 관련된 기본적인 정보를 제공한다. 부재에 걸리는 하중은 부재의 형상과 크기에 따라 내부에 내력(응력)을 유발시키며 이러한 내력은 재료의 종류에 따라 적절한 변형을 만들어 낸다. 따라서 부하로 인해 부재에 생기는 응력과 변형률은 장치 설계에서 매우 중요한 설계 파라메터가 된다. 이미 고체역학1 및 연습에서는 응력과 변형률의 개념에 대해 설명하였고 기계 구조물중 가장 많은 부분을 차지하는 보요소에 다양한 형식의 하중이 작용할 때 보의 변형을 유발시키는 전단력과 굽힘모우멘트에 대해서도 공부하였다. 고체역학2 및 연습에서는 이들 하중형식에 의해 보에서 발생하는 처짐, 그리고 보와 유사성이 큰 기둥과 관련된 이론에 대해 공부하며, 특히 3차원 응력상태에서 응력과 변형률 사이의 관계에 대해 조사한다. 이 교과목을 통해 설계의 기본이 되는 많은 지식들을 쌓을 수 있을 것으로 기대한다."
  },
  "평가방법": {
    "항목_0": "A(%)",
    "항목_1": "A+B(%)",
    "항목_2": "C이하(%)",
    "항목_3": "총비율",
    "항목_4": "100",
    "항목_5": "100",
    "항목_6": "0",
    "항목_7": "100%",
    "항목_8": "절대평가 기준",
    "항목_9": "상대평가 비율",
    "항목_10": "상대평가Ⅱ",
    "항목_11": "- 강의",
    "항목_12": "√",
    "기타": "",
    "항목_14": "- 과제",
    "항목_15": "* 장애학생 교수학습지원 사항",
    "항목_16": "- 평가",
    "항목_17": "참고\n사항",
    "항목_18": "강의 파일, 자료 등 제공",
    "항목_19": "좌석배치(지정좌석) 조정",
    "항목_20": "과제 제출기한 연장",
    "항목_21": "대안적 과제 제시",
    "항목_22": "시험시간 연장",
    "항목_23": "별도의 시험 장소 제공",
    "항목_24": "※ 위 지원사항 등을 포함한 강의, 과제, 시험 등 학습과정에서 장애로 인하여 추가 지원이\n     필요한 경우 개강전 담당강사 및 장애학습 지원센터를 통해 문의 바랍니다.",
    "그 외(필요시 자유로이 추가 기술)": "",
    "항목_26": "주별",
    "항목_27": "수업목표",
    "항목_28": "수업내용",
    "항목_29": "수업방식",
    "항목_30": "주별 강의내용",
    "항목_31": "자료, 과제 및\n기타 참고사항",
    "항목_32": "온라인",
    "항목_33": "오프라인",
    "항목_34": "수업방식별시간"
  },
  "핵심역량": {
    "항목_0": "직전강의평가\n및\nCQI반영사항",
    "항목_1": "1. 강의 자료를 제공함\n2. 요청 학생에 한해 수업 이외의 개인 상담을 받음\n3. 부족한 기초로 애먹는 학생들을 위해 매 단원 필요한 사항들을 교육함\n4. 능동적 수업을 위해 되도록 많은 질문을 함",
    "항목_2": "구분",
    "항목_3": "소통역량",
    "항목_4": "창의역량",
    "항목_5": "인성역량",
    "항목_6": "실무역량",
    "항목_7": "도전역량",
    "항목_8": "문화역량",
    "항목_9": "합계",
    "항목_10": "대표역량",
    "항목_11": "비율(%)",
    "항목_12": "10",
    "항목_13": "75",
    "항목_14": "0",
    "항목_15": "15",
    "항목_16": "0",
    "항목_17": "0",
    "항목_18": "100",
    "항목_19": "교과목간의\n연계성",
    "항목_20": "주교재",
    "항목_21": "저자",
    "항목_22": "참고자료",
    "항목_23": "고승기 외 7명 옮김",
    "항목_24": "출판사",
    "항목_25": "McGraw-Hill Education",
    "항목_26": "출판년도",
    "항목_27": "2022",
    "항목_28": "교재언어",
    "항목_29": "권장 선수과목",
    "항목_30": "강의언어",
    "항목_31": "한국어",
    "항목_32": "필요 기자재",
    "항목_33": "고체역학1",
    "항목_34": "권장 후수과목",
    "항목_35": "DA",
    "항목_36": "수업방식\n(복수가능√)",
    "항목_37": "강의",
    "항목_38": "발표/토론",
    "항목_39": "PBL",
    "항목_40": "플립러닝",
    "항목_41": "LMS활용",
    "항목_42": "실험실습",
    "항목_43": "기타",
    "항목_44": "√",
    "항목_45": "수업운영방향",
    "항목_46": "평가계획\n(100%)",
    "항목_47": "중간",
    "항목_48": "기말",
    "항목_49": "출석",
    "항목_50": "과제물",
    "항목_51": "안전교육",
    "항목_52": "발표/토론",
    "항목_53": "수업태도",
    "항목_54": "기타",
    "항목_55": "30%",
    "항목_56": "30%",
    "항목_57": "20%",
    "항목_58": "20%",
    "항목_59": "%",
    "항목_60": "%",
    "항목_61": "%",
    "항목_62": "%",
    "항목_63": "평가참고사항"
  }
}