{
  "기본정보": {
    "항목_0": "1 / 2",
    "항목_1": "전북대학교 강의계획서 (2025년 1학기)",
    "항목_2": "교과목 코드",
    "항목_3": "E-mail",
    "항목_4": "-",
    "항목_5": "전공선택",
    "항목_6": "연구실",
    "항목_7": "담당교수명",
    "항목_8": "연락처",
    "항목_9": "1",
    "항목_10": "3",
    "항목_11": "0000123473",
    "항목_12": "학점",
    "항목_13": "분반",
    "항목_14": "교과목 구분",
    "항목_15": "교과목명",
    "항목_16": "창의적종합설계",
    "항목_17": "학과/학년",
    "항목_18": "융합기술공학부(IT융합기전공학)(재) 4",
    "항목_19": "상담가능시간",
    "항목_20": "1. 강의 기본정보",
    "항목_21": "강의실",
    "새만금": "캠퍼스관 102",
    "항목_23": "요일/시간",
    "항목_24": "수 10-A,수 10-B,수 11-A,수 11-B,수 12-A,수 12-B,수 13-A,수 13-B",
    "항목_25": "수업목표",
    "항목_26": "공학설계 입문 교육과정과 전공지식을 바탕으로 창의적인 아이디를 도출하여 시제품 개발을 위한 연구계획서 작성기법을 함양하고 창의적 종합설계 능력을 배양하여 산업현장에서의 적응력을 향상한다"
  },
  "평가방법": {
    "항목_0": "A(%)",
    "항목_1": "A+B(%)",
    "항목_2": "C이하(%)",
    "항목_3": "총비율",
    "항목_4": "0",
    "항목_5": "0",
    "항목_6": "0",
    "항목_7": "100%",
    "항목_8": "절대평가 기준",
    "항목_9": "상대평가 비율",
    "항목_10": "상대평가Ⅰ(A40%)",
    "항목_11": "- 강의",
    "항목_12": "√",
    "항목_13": "√",
    "기타": "",
    "항목_15": "- 과제",
    "항목_16": "√",
    "항목_17": "* 장애학생 교수학습지원 사항",
    "항목_18": "- 평가",
    "항목_19": "√",
    "항목_20": "참고\n사항",
    "항목_21": "강의 파일, 자료 등 제공",
    "항목_22": "좌석배치(지정좌석) 조정",
    "항목_23": "과제 제출기한 연장",
    "항목_24": "대안적 과제 제시",
    "항목_25": "시험시간 연장",
    "항목_26": "별도의 시험 장소 제공",
    "항목_27": "※ 위 지원사항 등을 포함한 강의, 과제, 시험 등 학습과정에서 장애로 인하여 추가 지원이\n     필요한 경우 개강전 담당강사 및 장애학습 지원센터를 통해 문의 바랍니다.",
    "그 외(필요시 자유로이 추가 기술)": "",
    "항목_29": "주별",
    "항목_30": "수업목표",
    "항목_31": "수업내용",
    "항목_32": "수업방식",
    "항목_33": "주별 강의내용",
    "항목_34": "자료, 과제 및\n기타 참고사항",
    "항목_35": "온라인",
    "항목_36": "오프라인",
    "항목_37": "수업방식별시간",
    "항목_38": "1주",
    "항목_39": "창의적 종합설계란 무엇인가를 설명할 수가 있다.",
    "항목_40": "OT 및 창의적 종합설계 교과목소개",
    "항목_41": "이론강의",
    "항목_42": "AutoCAD & Fusion360 or Inventor"
  },
  "핵심역량": {
    "항목_0": "직전강의평가\n및\nCQI반영사항",
    "항목_1": "반영사항 없음",
    "항목_2": "구분",
    "항목_3": "소통역량",
    "항목_4": "창의역량",
    "항목_5": "인성역량",
    "항목_6": "실무역량",
    "항목_7": "도전역량",
    "항목_8": "문화역량",
    "항목_9": "합계",
    "항목_10": "대표역량",
    "항목_11": "비율(%)",
    "항목_12": "20",
    "항목_13": "40",
    "항목_14": "0",
    "항목_15": "40",
    "항목_16": "0",
    "항목_17": "0",
    "항목_18": "100",
    "항목_19": "교과목간의\n연계성",
    "항목_20": "주교재",
    "항목_21": "창의공학설계",
    "항목_22": "저자",
    "항목_23": "참고자료",
    "항목_24": "전산응용기계제도(CAD) 도면집/ 김석민/ 지오북스/2024.02",
    "항목_25": "김대수",
    "항목_26": "출판사",
    "항목_27": "생능출판",
    "항목_28": "출판년도",
    "항목_29": "2023.12",
    "항목_30": "교재언어",
    "항목_31": "권장 선수과목",
    "항목_32": "한국어",
    "항목_33": "강의언어",
    "항목_34": "한국어",
    "항목_35": "필요 기자재",
    "항목_36": "컴퓨터 및 빔 프로젝트",
    "항목_37": "재료역학, 유체역학, 열역학, 정역학, 동역학, 제어공학",
    "항목_38": "권장 후수과목",
    "항목_39": "DA",
    "항목_40": "수업방식\n(복수가능√)",
    "항목_41": "강의",
    "항목_42": "발표/토론",
    "항목_43": "PBL",
    "항목_44": "플립러닝",
    "항목_45": "LMS활용",
    "항목_46": "실험실습",
    "항목_47": "기타",
    "항목_48": "√",
    "항목_49": "√",
    "항목_50": "√",
    "항목_51": "√",
    "항목_52": "수업운영방향",
    "항목_53": "평가계획\n(100%)",
    "항목_54": "중간",
    "항목_55": "기말",
    "항목_56": "출석",
    "항목_57": "과제물",
    "항목_58": "안전교육",
    "항목_59": "발표/토론",
    "항목_60": "수업태도",
    "항목_61": "기타",
    "항목_62": "20%",
    "항목_63": "20%",
    "항목_64": "10%",
    "항목_65": "40%",
    "항목_66": "0%",
    "항목_67": "10%",
    "항목_68": "0%",
    "항목_69": "0%",
    "항목_70": "평가참고사항",
    "항목_71": "중간고사, 기말고사, 참여도(발표자료), 최종성과물 평가 등의 종합적인 평가를 실시함."
  }
}