{
  "기본정보": {
    "항목_0": "1 / 2",
    "항목_1": "전북대학교 강의계획서 (2025년 1학기)",
    "항목_2": "교과목 코드",
    "항목_3": "E-mail",
    "항목_4": "ckyu@jbnu.ac.kr",
    "항목_5": "전공선택",
    "항목_6": "연구실",
    "항목_7": "담당교수명",
    "항목_8": "연락처",
    "항목_9": "정창규",
    "항목_10": "2380 (내선번호 발신만 받습니다)",
    "항목_11": "1",
    "항목_12": "3",
    "항목_13": "0000128968",
    "항목_14": "학점",
    "항목_15": "분반",
    "항목_16": "교과목 구분",
    "항목_17": "교과목명",
    "항목_18": "전자세라믹소재",
    "항목_19": "학과/학년",
    "항목_20": "신소재(전자재료) 4",
    "항목_21": "상담가능시간",
    "항목_22": "메일로 별도 요청바람",
    "항목_23": "1. 강의 기본정보",
    "항목_24": "강의실",
    "전주": "공과대학 5호관 303",
    "항목_26": "요일/시간",
    "항목_27": "화 8-A,화 8-B,화 9-A,화 9-B,목 6-A,목 6-B",
    "항목_28": "수업목표",
    "유전체, 강유전체, 자성체 (선택) 등 다양한 전자세라믹스에 대한 이론을 학습하고 이에 따른 응용분에 대하여 조사하고 알아본다. 최종적으로 이에 대한 학습자의 생각을 정리하여 발표하고 그에 따른 실험을 설계하여 본다. \n주요 실험 내용": "1. 강유전체 및 압전 세라믹 박막 및 후막 코팅\n2. 열처리\n3. 전극 증착\n4. 유전 및 강유전 특성 측정 및 분석 \n5. 응용 소자 측정 및 관전"
  },
  "평가방법": {
    "항목_0": "A(%)",
    "항목_1": "A+B(%)",
    "항목_2": "C이하(%)",
    "항목_3": "총비율",
    "항목_4": "30",
    "항목_5": "80",
    "항목_6": "20",
    "항목_7": "100%",
    "항목_8": "절대평가 기준",
    "항목_9": "상대평가 비율",
    "항목_10": "상대평가Ⅱ",
    "항목_11": "- 강의",
    "항목_12": "√",
    "기타": "",
    "항목_14": "- 과제",
    "항목_15": "√",
    "항목_16": "√",
    "항목_17": "* 장애학생 교수학습지원 사항",
    "항목_18": "- 평가",
    "항목_19": "√",
    "항목_20": "√",
    "항목_21": "참고\n사항",
    "항목_22": "강의 파일, 자료 등 제공",
    "항목_23": "좌석배치(지정좌석) 조정",
    "항목_24": "과제 제출기한 연장",
    "항목_25": "대안적 과제 제시",
    "항목_26": "시험시간 연장",
    "항목_27": "별도의 시험 장소 제공",
    "항목_28": "※ 위 지원사항 등을 포함한 강의, 과제, 시험 등 학습과정에서 장애로 인하여 추가 지원이\n     필요한 경우 개강전 담당강사 및 장애학습 지원센터를 통해 문의 바랍니다.",
    "그 외(필요시 자유로이 추가 기술)": ""
  },
  "핵심역량": {
    "항목_0": "직전강의평가\n및\nCQI반영사항",
    "항목_1": "N/A",
    "항목_2": "구분",
    "항목_3": "소통역량",
    "항목_4": "창의역량",
    "항목_5": "인성역량",
    "항목_6": "실무역량",
    "항목_7": "도전역량",
    "항목_8": "문화역량",
    "항목_9": "합계",
    "항목_10": "대표역량",
    "항목_11": "비율(%)",
    "항목_12": "0",
    "항목_13": "20",
    "항목_14": "20",
    "항목_15": "60",
    "항목_16": "0",
    "항목_17": "0",
    "항목_18": "100",
    "항목_19": "교과목간의\n연계성",
    "항목_20": "주교재",
    "항목_21": "Fundamentals of Electroceramics (단, 강의노트 위주로 진행됩니다.)",
    "항목_22": "저자",
    "항목_23": "참고자료",
    "항목_24": "부교재\n1. Electroceramics - A.J.Moulson, J.M.Herbert (Wiley)\n2. Fundamentals of Ceramics - Michel W. Barsoum (Institute of Physics)",
    "항목_25": "R.K.Pandey",
    "항목_26": "출판사",
    "항목_27": "American Ceramic Society",
    "항목_28": "출판년도",
    "항목_29": "2018",
    "항목_30": "교재언어",
    "항목_31": "권장 선수과목",
    "항목_32": "한국어",
    "항목_33": "강의언어",
    "항목_34": "한국어",
    "항목_35": "필요 기자재",
    "사용기자재": "만능재료시험기(공대5호관 402호 실험실) / 강의노트로 진행",
    "항목_37": "세라믹스공학2, 재료과학2, 반도체재료, 반도체소자",
    "항목_38": "권장 후수과목",
    "항목_39": "DA",
    "항목_40": "수업방식\n(복수가능√)",
    "항목_41": "강의",
    "항목_42": "발표/토론",
    "항목_43": "PBL",
    "항목_44": "플립러닝",
    "항목_45": "LMS활용",
    "항목_46": "실험실습",
    "항목_47": "기타",
    "항목_48": "√",
    "항목_49": "√",
    "항목_50": "√",
    "항목_51": "√",
    "항목_52": "√",
    "항목_53": "수업운영방향",
    "항목_54": "평가계획\n(100%)",
    "항목_55": "중간",
    "항목_56": "기말",
    "항목_57": "출석",
    "항목_58": "과제물",
    "항목_59": "안전교육",
    "항목_60": "발표/토론",
    "항목_61": "수업태도",
    "항목_62": "기타",
    "항목_63": "40%",
    "항목_64": "40%",
    "항목_65": "10%",
    "항목_66": "10%",
    "항목_67": "0%",
    "항목_68": "0%",
    "항목_69": "0%",
    "항목_70": "0%",
    "항목_71": "평가참고사항",
    "항목_72": "평가계획은 변동 될 수 있음"
  }
}