{
  "기본정보": {
    "항목_0": "1 / 2",
    "항목_1": "전북대학교 강의계획서 (2025년 1학기)",
    "항목_2": "교과목 코드",
    "항목_3": "E-mail",
    "항목_4": "semikim@jbnu.ac.kr",
    "항목_5": "전공필수",
    "항목_6": "연구실",
    "항목_7": "공대 7505호",
    "항목_8": "담당교수명",
    "항목_9": "연락처",
    "항목_10": "김성미",
    "항목_11": "063-270-2409",
    "항목_12": "3",
    "항목_13": "3",
    "항목_14": "0000104848",
    "항목_15": "학점",
    "항목_16": "분반",
    "항목_17": "교과목 구분",
    "항목_18": "교과목명",
    "항목_19": "전자회로실험",
    "항목_20": "학과/학년",
    "항목_21": "전자공학부 3",
    "항목_22": "상담가능시간",
    "수요일 15": "00 ~ 17:00",
    "항목_24": "1. 강의 기본정보",
    "항목_25": "강의실",
    "전주": "공과대학 8호관 310",
    "항목_27": "요일/시간",
    "항목_28": "화 1-A,화 1-B,화 2-A,화 2-B,목 3-A,목 3-B,목 4-A,목 4-B",
    "항목_29": "수업목표",
    "항목_30": "전자회로에서 학습한 이론을 실험을 통하여 확인함으로써 이론에 대한 이해를 깊게 하며, 이론과 측정치의 차이를 규명함으로써 간략화된 이론 및 측정 오차 등의 한계를 인식하도록 한다. 또한 피측정 회로의 설계 방법 및 구현 방법, 부품에 대한 이해, 측정 장비의 사용법 등을 익혀 전자회로의 구현 능력을 배양한다."
  },
  "평가방법": {
    "항목_0": "A(%)",
    "항목_1": "A+B(%)",
    "항목_2": "C이하(%)",
    "항목_3": "총비율",
    "항목_4": "0",
    "항목_5": "0",
    "항목_6": "0",
    "항목_7": "100%",
    "항목_8": "절대평가 기준",
    "항목_9": "상대평가 비율",
    "항목_10": "성취도 80%이상 시 A이상, 60이상~80%미만 시 B이상, 60%미만 시 C+이하",
    "항목_11": "절대평가",
    "항목_12": "- 강의",
    "항목_13": "√",
    "항목_14": "√",
    "기타": "",
    "항목_16": "- 과제",
    "항목_17": "* 장애학생 교수학습지원 사항",
    "항목_18": "- 평가",
    "항목_19": "참고\n사항",
    "항목_20": "강의 파일, 자료 등 제공",
    "항목_21": "좌석배치(지정좌석) 조정",
    "항목_22": "과제 제출기한 연장",
    "항목_23": "대안적 과제 제시",
    "항목_24": "시험시간 연장",
    "항목_25": "별도의 시험 장소 제공",
    "항목_26": "※ 위 지원사항 등을 포함한 강의, 과제, 시험 등 학습과정에서 장애로 인하여 추가 지원이\n     필요한 경우 개강전 담당강사 및 장애학습 지원센터를 통해 문의 바랍니다.",
    "그 외(필요시 자유로이 추가 기술)": "",
    "항목_28": "주별",
    "항목_29": "수업목표",
    "항목_30": "수업내용",
    "항목_31": "수업방식",
    "항목_32": "주별 강의내용",
    "항목_33": "자료, 과제 및\n기타 참고사항",
    "항목_34": "온라인",
    "항목_35": "오프라인",
    "항목_36": "수업방식별시간",
    "항목_37": "1주",
    "항목_38": "전자회로실험 과목의 이해",
    "항목_39": "과목 소개 및 조 편성\nPre-course test",
    "항목_40": "이론 및 실험"
  },
  "핵심역량": {
    "항목_0": "직전강의평가\n및\nCQI반영사항",
    "항목_1": "없음",
    "항목_2": "구분",
    "항목_3": "소통역량",
    "항목_4": "창의역량",
    "항목_5": "인성역량",
    "항목_6": "실무역량",
    "항목_7": "도전역량",
    "항목_8": "문화역량",
    "항목_9": "합계",
    "항목_10": "대표역량",
    "항목_11": "비율(%)",
    "항목_12": "10",
    "항목_13": "80",
    "항목_14": "0",
    "항목_15": "10",
    "항목_16": "0",
    "항목_17": "0",
    "항목_18": "100",
    "항목_19": "교과목간의\n연계성",
    "항목_20": "주교재",
    "항목_21": "전자회로실험 (정항근, 백흥기)---",
    "항목_22": "저자",
    "항목_23": "참고자료",
    "항목_24": "정항근,백흥기",
    "항목_25": "출판사",
    "항목_26": "교문사",
    "항목_27": "출판년도",
    "항목_28": "2002",
    "항목_29": "교재언어",
    "항목_30": "권장 선수과목",
    "항목_31": "한국어",
    "항목_32": "강의언어",
    "항목_33": "한국어",
    "항목_34": "필요 기자재",
    "항목_35": "전자회로 1",
    "항목_36": "권장 후수과목",
    "항목_37": "DA",
    "항목_38": "수업방식\n(복수가능√)",
    "항목_39": "강의",
    "항목_40": "발표/토론",
    "항목_41": "PBL",
    "항목_42": "플립러닝",
    "항목_43": "LMS활용",
    "항목_44": "실험실습",
    "항목_45": "기타",
    "항목_46": "√",
    "항목_47": "√",
    "항목_48": "수업운영방향",
    "항목_49": "평가계획\n(100%)",
    "항목_50": "중간",
    "항목_51": "기말",
    "항목_52": "출석",
    "항목_53": "과제물",
    "항목_54": "안전교육",
    "항목_55": "발표/토론",
    "항목_56": "수업태도",
    "항목_57": "기타",
    "항목_58": "20%",
    "항목_59": "20%",
    "항목_60": "10%",
    "항목_61": "20%",
    "항목_62": "0%",
    "항목_63": "0%",
    "항목_64": "0%",
    "항목_65": "30%",
    "항목_66": "평가참고사항",
    "항목_67": "설계 및 실험 시험 진행"
  }
}