{
  "기본정보": {
    "항목_0": "1 / 2",
    "항목_1": "전북대학교 강의계획서 (2025년 1학기)",
    "항목_2": "교과목 코드",
    "항목_3": "E-mail",
    "항목_4": "mhryu@jbnu.ac.kr",
    "항목_5": "전공필수",
    "항목_6": "연구실",
    "항목_7": "공대 1호관 351호",
    "항목_8": "담당교수명",
    "항목_9": "연락처",
    "항목_10": "유문호",
    "항목_11": "063-270-4067",
    "항목_12": "1",
    "항목_13": "3",
    "항목_14": "0000130071",
    "항목_15": "학점",
    "항목_16": "분반",
    "항목_17": "교과목 구분",
    "항목_18": "교과목명",
    "항목_19": "의료기기앱설계및실습 1",
    "항목_20": "학과/학년",
    "항목_21": "바이오(헬스케어기기) 3,바이오(메디컬AI) 3,바이오(헬스케어정보) 3",
    "항목_22": "상담가능시간",
    "항목_23": "월금 전일, 수 오후",
    "항목_24": "1. 강의 기본정보",
    "항목_25": "강의실",
    "전주": "공과대학 1호관 302 전주:공과대학 1호관 158",
    "항목_27": "요일/시간",
    "항목_28": "화 1-A,화 1-B,화 2-A,화 2-B,목 4-A,목 4-B,목 5-A,목 5-B",
    "항목_29": "수업목표",
    "항목_30": "임베디드 시스템 (embedded system)이란 특정한 목적만을 수행하기 위해 컴퓨터의 하드웨어와 소프트웨어가 결합하여 내장된 (embedded) 시스템 (system)을 말한다. 최근 Google사에서 발표한 Android OS가 스마트폰 등에 많이 사용되고 있다. 본 과목에서는 Android 환경에 대한 소개와 응용 프로그램 개발 방법을 학습하고 실습한다. 특히, 바이오메디컬공학부의 특성에 맞도록 의료기기, 생체정보 처리에 관한 term project를 진행하여 평가에 반영한다."
  },
  "평가방법": {
    "항목_0": "A(%)",
    "항목_1": "A+B(%)",
    "항목_2": "C이하(%)",
    "항목_3": "총비율",
    "항목_4": "50",
    "항목_5": "80",
    "항목_6": "20",
    "항목_7": "100%",
    "항목_8": "절대평가 기준",
    "항목_9": "상대평가 비율",
    "항목_10": "상대평가Ⅱ",
    "항목_11": "- 강의",
    "항목_12": "√",
    "항목_13": "√",
    "기타": "",
    "항목_15": "- 과제",
    "항목_16": "√",
    "항목_17": "√",
    "항목_18": "* 장애학생 교수학습지원 사항",
    "항목_19": "- 평가",
    "항목_20": "√",
    "항목_21": "√",
    "항목_22": "√",
    "항목_23": "참고\n사항",
    "항목_24": "강의 파일, 자료 등 제공",
    "항목_25": "좌석배치(지정좌석) 조정",
    "항목_26": "과제 제출기한 연장",
    "항목_27": "대안적 과제 제시",
    "항목_28": "시험시간 연장",
    "항목_29": "별도의 시험 장소 제공",
    "항목_30": "※ 위 지원사항 등을 포함한 강의, 과제, 시험 등 학습과정에서 장애로 인하여 추가 지원이\n     필요한 경우 개강전 담당강사 및 장애학습 지원센터를 통해 문의 바랍니다.",
    "그 외(필요시 자유로이 추가 기술)": "",
    "항목_32": "주별",
    "항목_33": "수업목표",
    "항목_34": "수업내용",
    "항목_35": "수업방식",
    "항목_36": "주별 강의내용",
    "항목_37": "자료, 과제 및\n기타 참고사항",
    "항목_38": "온라인",
    "항목_39": "오프라인",
    "항목_40": "수업방식별시간",
    "항목_41": "1주",
    "항목_42": "안드로이드 개요",
    "항목_43": "수업 내용 및 안드로이드 소개 (교재 첫째마당 01장)",
    "항목_44": "대면수업"
  },
  "핵심역량": {
    "항목_0": "직전강의평가\n및\nCQI반영사항",
    "항목_1": "- 프로그래밍에 필요한 자바 언어 병행 설명.",
    "항목_2": "구분",
    "항목_3": "소통역량",
    "항목_4": "창의역량",
    "항목_5": "인성역량",
    "항목_6": "실무역량",
    "항목_7": "도전역량",
    "항목_8": "문화역량",
    "항목_9": "합계",
    "항목_10": "대표역량",
    "항목_11": "비율(%)",
    "항목_12": "20",
    "항목_13": "20",
    "항목_14": "10",
    "항목_15": "30",
    "항목_16": "10",
    "항목_17": "10",
    "항목_18": "100",
    "항목_19": "교과목간의\n연계성",
    "항목_20": "주교재",
    "항목_21": "Do It! 안드로이드 앱 프로그래밍 (변경 가능성이 있습니다. 첫 수업 후 구매 바랍니다.) (전면 개정 8판) (개정 5, 6, 7판 정도의 이전 개정판도 사용 가능합니다.)",
    "항목_22": "저자",
    "항목_23": "참고자료",
    "항목_24": "스마트폰과 태블릿 PC 개발을 위한 안드로이드 프로그래밍의 이해 (개정판), 우종정/부기동, 생능출판사",
    "항목_25": "정재곤",
    "항목_26": "출판사",
    "항목_27": "이지스퍼블리싱",
    "항목_28": "출판년도",
    "항목_29": "2021",
    "항목_30": "교재언어",
    "항목_31": "권장 선수과목",
    "항목_32": "한국어",
    "항목_33": "강의언어",
    "항목_34": "한국어",
    "항목_35": "필요 기자재",
    "항목_36": "Java 언어 (권장), C 언어 (권장), 비주얼 프로그램밍 (권장)",
    "항목_37": "권장 후수과목",
    "항목_38": "DA",
    "항목_39": "수업방식\n(복수가능√)",
    "항목_40": "강의",
    "항목_41": "발표/토론",
    "항목_42": "PBL",
    "항목_43": "플립러닝",
    "항목_44": "LMS활용",
    "항목_45": "실험실습",
    "항목_46": "기타",
    "항목_47": "√",
    "항목_48": "√",
    "항목_49": "수업운영방향",
    "항목_50": "평가계획\n(100%)",
    "항목_51": "중간",
    "항목_52": "기말",
    "항목_53": "출석",
    "항목_54": "과제물",
    "항목_55": "안전교육",
    "항목_56": "발표/토론",
    "항목_57": "수업태도",
    "항목_58": "기타",
    "항목_59": "0%",
    "항목_60": "50%",
    "항목_61": "20%",
    "항목_62": "30%",
    "항목_63": "0%",
    "항목_64": "0%",
    "항목_65": "0%",
    "항목_66": "0%",
    "항목_67": "평가참고사항",
    "항목_68": "과제물에는 기말 앱 개발 및 이에 대한 설명 제출이 포함되고 전체의 20% 비율을 반영할 예정입니다."
  }
}