{
  "기본정보": {
    "항목_0": "1 / 2",
    "항목_1": "전북대학교 강의계획서 (2025년 1학기)",
    "항목_2": "교과목 코드",
    "항목_3": "E-mail",
    "항목_4": "huhuh8@gmail.com",
    "항목_5": "전공필수",
    "항목_6": "연구실",
    "항목_7": "담당교수명",
    "항목_8": "연락처",
    "항목_9": "허현",
    "항목_10": "010-9442-7313",
    "항목_11": "8",
    "항목_12": "3",
    "항목_13": "0000106700",
    "항목_14": "학점",
    "항목_15": "분반",
    "항목_16": "교과목 구분",
    "항목_17": "교과목명",
    "항목_18": "회로이론 1",
    "항목_19": "학과/학년",
    "항목_20": "전자공학부 2",
    "항목_21": "상담가능시간",
    "항목_22": "화, 8교시",
    "항목_23": "1. 강의 기본정보",
    "항목_24": "강의실",
    "전주": "공과대학 3호관 408",
    "항목_26": "요일/시간",
    "항목_27": "화 6-A,화 6-B,화 7-A,화 7-B,목 8-A,목 8-B",
    "항목_28": "수업목표",
    "항목_29": "회로 이론은 전자정보공학 모든 분야의 기본이 되는 기초 학문으로서 이에 대한 확고한 개념을 파악하고 있어야만 더욱 심화된 전공 분야를 이해할 수 있다. 이를 위해 본 과정에서는 전자공학부 연계 교과목을 공부하는데 필요한 회로의 기초개념과 해석법을 이해시키고, 실전에 요구되는 공학적 회로문제 해결 역량을 제고함을 목표로 함."
  },
  "평가방법": {
    "항목_0": "A(%)",
    "항목_1": "A+B(%)",
    "항목_2": "C이하(%)",
    "항목_3": "총비율",
    "항목_4": "40",
    "항목_5": "80",
    "항목_6": "20",
    "항목_7": "100%",
    "항목_8": "절대평가 기준",
    "항목_9": "상대평가 비율",
    "항목_10": "상대평가Ⅱ",
    "항목_11": "- 강의",
    "항목_12": "√",
    "기타": "",
    "항목_14": "- 과제",
    "항목_15": "√",
    "항목_16": "* 장애학생 교수학습지원 사항",
    "항목_17": "- 평가",
    "항목_18": "√",
    "항목_19": "참고\n사항",
    "항목_20": "강의 파일, 자료 등 제공",
    "항목_21": "좌석배치(지정좌석) 조정",
    "항목_22": "과제 제출기한 연장",
    "항목_23": "대안적 과제 제시",
    "항목_24": "시험시간 연장",
    "항목_25": "별도의 시험 장소 제공",
    "항목_26": "※ 위 지원사항 등을 포함한 강의, 과제, 시험 등 학습과정에서 장애로 인하여 추가 지원이\n     필요한 경우 개강전 담당강사 및 장애학습 지원센터를 통해 문의 바랍니다.",
    "그 외(필요시 자유로이 추가 기술)": "",
    "항목_28": "주별",
    "항목_29": "수업목표",
    "항목_30": "수업내용",
    "항목_31": "수업방식",
    "항목_32": "주별 강의내용",
    "항목_33": "자료, 과제 및\n기타 참고사항",
    "항목_34": "온라인",
    "항목_35": "오프라인",
    "항목_36": "수업방식별시간",
    "항목_37": "1주",
    "항목_38": "Class Overview & Introduction, test",
    "항목_39": "기초 진단 평가(전기수학 기초, 전기물리 개념 및 용어 정의) 용어 및 기본 개념에 대한 이해가 부족하다고 판단되어 기본 개념에 대한 보충 설명을 할 계획임.",
    "항목_40": "Lecture"
  },
  "핵심역량": {
    "항목_0": "직전강의평가\n및\nCQI반영사항",
    "항목_1": "- 3시간 연속 수업에 따른 학생들의 집중력 저하 고려하여, 주 2회 분할 수업 진행\n- 학생들간 성취도 및 학습역량 격차를 완화하기 위하여 단위 수업별 기초문제 해결내용 포함 교수학습 진행",
    "항목_2": "구분",
    "항목_3": "소통역량",
    "항목_4": "창의역량",
    "항목_5": "인성역량",
    "항목_6": "실무역량",
    "항목_7": "도전역량",
    "항목_8": "문화역량",
    "항목_9": "합계",
    "항목_10": "대표역량",
    "항목_11": "비율(%)",
    "항목_12": "10",
    "항목_13": "60",
    "항목_14": "0",
    "항목_15": "20",
    "항목_16": "10",
    "항목_17": "0",
    "항목_18": "100",
    "항목_19": "교과목간의\n연계성",
    "항목_20": "주교재",
    "항목_21": "회로이론 9판(개정판) , Introduction to Electronic Circuits",
    "항목_22": "저자",
    "항목_23": "참고자료",
    "항목_24": "CIRCUITS, Ulaby & Maharbiz, NTS PRESS, 2012",
    "항목_25": "James A. Svoboda , Richard C. Dorf 저자/김용권 , 김갑일 , 변경수 , 임준홍 , 장성필 번역",
    "항목_26": "출판사",
    "항목_27": "퍼스트북",
    "항목_28": "출판년도",
    "항목_29": "2020",
    "항목_30": "교재언어",
    "항목_31": "권장 선수과목",
    "항목_32": "한국어",
    "항목_33": "강의언어",
    "항목_34": "한국어",
    "항목_35": "필요 기자재",
    "항목_36": "선형대수학, 미분방정식",
    "항목_37": "권장 후수과목",
    "항목_38": "DA",
    "항목_39": "수업방식\n(복수가능√)",
    "항목_40": "강의",
    "항목_41": "발표/토론",
    "항목_42": "PBL",
    "항목_43": "플립러닝",
    "항목_44": "LMS활용",
    "항목_45": "실험실습",
    "항목_46": "기타",
    "항목_47": "√",
    "항목_48": "√",
    "항목_49": "수업운영방향",
    "항목_50": "평가계획\n(100%)",
    "항목_51": "중간",
    "항목_52": "기말",
    "항목_53": "출석",
    "항목_54": "과제물",
    "항목_55": "안전교육",
    "항목_56": "발표/토론",
    "항목_57": "수업태도",
    "항목_58": "기타",
    "항목_59": "40%",
    "항목_60": "50%",
    "항목_61": "0%",
    "항목_62": "0%",
    "항목_63": "0%",
    "항목_64": "0%",
    "항목_65": "0%",
    "항목_66": "10%",
    "항목_67": "평가참고사항",
    "항목_68": "기타 평가는 진단평가 등 수업 참여도, 과제 및 퀴즈 등을 통해 평가"
  }
}