{
  "기본정보": {
    "항목_0": "1 / 2",
    "항목_1": "전북대학교 강의계획서 (2025년 1학기)",
    "항목_2": "교과목 코드",
    "항목_3": "E-mail",
    "항목_4": "kihyun.kim@jbnu.ac.kr",
    "항목_5": "전공필수",
    "항목_6": "연구실",
    "항목_7": "공대7호관 328호",
    "항목_8": "담당교수명",
    "항목_9": "연락처",
    "항목_10": "김기현",
    "항목_11": "063-270-2403",
    "항목_12": "2",
    "항목_13": "3",
    "항목_14": "0000104848",
    "항목_15": "학점",
    "항목_16": "분반",
    "항목_17": "교과목 구분",
    "항목_18": "교과목명",
    "항목_19": "전자회로실험",
    "항목_20": "학과/학년",
    "항목_21": "전자공학부 3",
    "항목_22": "상담가능시간",
    "항목_23": "매주 금요일 10시~11시 50분",
    "항목_24": "1. 강의 기본정보",
    "항목_25": "강의실",
    "전주": "공과대학 7호관 110",
    "항목_27": "요일/시간",
    "항목_28": "화 1-A,화 1-B,화 2-A,화 2-B,목 3-A,목 3-B,목 4-A,목 4-B",
    "항목_29": "수업목표",
    "항목_30": "전자회로에서 학습한 이론을 실험을 통하여 확인함으로써 이론에 대한 이해도를 깊게 하며, 이론과 측정치의 차이를 규명함으로써 간략화된 이론 및 측정 오차 등의 한계를 인식하도록 한다. 또한  회로의 설계 방법 및 구현 방법, 부품에 대한 이해, 측정 장비의 사용법 등을 익혀 전자회로의 구현 능력을 배양한다. 4차 산업혁명의 핵심부품으로 스마트 센서가 각광받고 있으며 스마트팜, 미래 자동차, 가전기기 등 다양한 분야로 적용이 확대되고 있다. 본 강의에서는 최신 기술과 관련한 실무능력 함양을 위해 센서 신호를 처리하기 위한 전자회로 설계(ROIC 설계)에 대해서도 학습한다. 또한 반도체 칩을 활용하여 측정분석 실습을 진행하여 반도체 테스트 분석 역량을 기르도록 한다."
  },
  "평가방법": {
    "항목_0": "A(%)",
    "항목_1": "A+B(%)",
    "항목_2": "C이하(%)",
    "항목_3": "총비율",
    "항목_4": "0",
    "항목_5": "0",
    "항목_6": "0",
    "항목_7": "100%",
    "항목_8": "절대평가 기준",
    "항목_9": "상대평가 비율",
    "항목_10": "성취도 80%이상 시 A이상, 60이상~80%미만 시 B이상, 60%미만 시 C+이하",
    "항목_11": "절대평가",
    "항목_12": "- 강의",
    "항목_13": "√",
    "기타": "",
    "항목_15": "- 과제",
    "항목_16": "√",
    "항목_17": "* 장애학생 교수학습지원 사항",
    "항목_18": "- 평가",
    "항목_19": "√",
    "항목_20": "참고\n사항",
    "항목_21": "강의 파일, 자료 등 제공",
    "항목_22": "좌석배치(지정좌석) 조정",
    "항목_23": "과제 제출기한 연장",
    "항목_24": "대안적 과제 제시",
    "항목_25": "시험시간 연장",
    "항목_26": "별도의 시험 장소 제공",
    "항목_27": "※ 위 지원사항 등을 포함한 강의, 과제, 시험 등 학습과정에서 장애로 인하여 추가 지원이\n     필요한 경우 개강전 담당강사 및 장애학습 지원센터를 통해 문의 바랍니다.",
    "그 외(필요시 자유로이 추가 기술)": "",
    "항목_29": "주별",
    "항목_30": "수업목표",
    "항목_31": "수업내용",
    "항목_32": "수업방식",
    "항목_33": "주별 강의내용",
    "항목_34": "자료, 과제 및\n기타 참고사항",
    "항목_35": "온라인",
    "항목_36": "오프라인",
    "항목_37": "수업방식별시간"
  },
  "핵심역량": {
    "항목_0": "직전강의평가\n및\nCQI반영사항",
    "항목_1": "- 팀활동시 팀원간의 협력을 활성화하기 위해 팀구성 방법을 다양화 함\n- 반도체 테스트 분석 역량 함양을 위해 반도체 칩을 활용한 측정분석 실습을 강의에 추가",
    "항목_2": "구분",
    "항목_3": "소통역량",
    "항목_4": "창의역량",
    "항목_5": "인성역량",
    "항목_6": "실무역량",
    "항목_7": "도전역량",
    "항목_8": "문화역량",
    "항목_9": "합계",
    "항목_10": "대표역량",
    "항목_11": "비율(%)",
    "항목_12": "10",
    "항목_13": "80",
    "항목_14": "0",
    "항목_15": "10",
    "항목_16": "0",
    "항목_17": "0",
    "항목_18": "100",
    "항목_19": "교과목간의\n연계성",
    "항목_20": "주교재",
    "항목_21": "마이크로전자회로(Microelectronics, 번역판)",
    "항목_22": "저자",
    "항목_23": "참고자료",
    "항목_24": "김철우, 김종선, 노정욱",
    "항목_25": "출판사",
    "항목_26": "한티에듀",
    "항목_27": "출판년도",
    "항목_28": "2023",
    "항목_29": "교재언어",
    "항목_30": "권장 선수과목",
    "항목_31": "한국어",
    "항목_32": "강의언어",
    "항목_33": "한국어",
    "항목_34": "필요 기자재",
    "항목_35": "회로이론, 전자회로 1",
    "항목_36": "권장 후수과목",
    "항목_37": "DA",
    "항목_38": "수업방식\n(복수가능√)",
    "항목_39": "강의",
    "항목_40": "발표/토론",
    "항목_41": "PBL",
    "항목_42": "플립러닝",
    "항목_43": "LMS활용",
    "항목_44": "실험실습",
    "항목_45": "기타",
    "항목_46": "√",
    "항목_47": "√",
    "항목_48": "√",
    "항목_49": "수업운영방향",
    "항목_50": "평가계획\n(100%)",
    "항목_51": "중간",
    "항목_52": "기말",
    "항목_53": "출석",
    "항목_54": "과제물",
    "항목_55": "안전교육",
    "항목_56": "발표/토론",
    "항목_57": "수업태도",
    "항목_58": "기타",
    "항목_59": "0%",
    "항목_60": "40%",
    "항목_61": "5%",
    "항목_62": "15%",
    "항목_63": "5%",
    "항목_64": "20%",
    "항목_65": "15%",
    "항목_66": "0%",
    "항목_67": "평가참고사항"
  }
}