{
  "기본정보": {
    "항목_0": "1 / 2",
    "항목_1": "전북대학교 강의계획서 (2025년 1학기)",
    "항목_2": "교과목 코드",
    "항목_3": "E-mail",
    "항목_4": "cjyoo@jbnu.ac.kr",
    "항목_5": "전공필수",
    "항목_6": "연구실",
    "항목_7": "공과대학 5호관 510호실",
    "항목_8": "담당교수명",
    "항목_9": "연락처",
    "항목_10": "유철중",
    "항목_11": "063-270-3383",
    "항목_12": "1",
    "항목_13": "3",
    "항목_14": "0000125113",
    "항목_15": "학점",
    "항목_16": "분반",
    "항목_17": "교과목 구분",
    "항목_18": "교과목명",
    "항목_19": "소프트웨어공학개론 1",
    "항목_20": "학과/학년",
    "항목_21": "소프트웨어공학과(재) 2",
    "항목_22": "상담가능시간",
    "매주 월요일 18": "00~18:50",
    "항목_24": "1. 강의 기본정보",
    "항목_25": "강의실",
    "전주": "공과대학 5호관 509-1",
    "항목_27": "요일/시간",
    "항목_28": "수 11-A,수 11-B,수 12-A,수 12-B,수 13-A,수 13-B",
    "항목_29": "수업목표",
    "항목_30": "소프트웨어공학은 신뢰성있는 고품질의 소프트웨어를 효율적인 비용으로 개발하고 이를 운용·유지보수·폐기하는 전 과정에 적용되는 시스템적 접근 방안을 의미한다. 소프트웨어공학의 영역은 소프트웨어 개발에 관련된 소프트웨어 요구사항, 설계, 개발, 테스트, 유지보수 영역과 개발 지원 및 조직화와 관련된 형상관리, 프로젝트 관리, 소프트웨어 프로세스, 품질 등으로 구성된다. 소프트웨어공학의 기본 개념과 원리를 소개하고, 둘째로는 현재 사용되고 있는 기법과 도구들을 소개하며, 셋째로는 새로운 소프트웨어 개발 방법론인 객체 지향 소프트웨어공학 기법과 소프트웨어 공학의 주요 과제들을 소개함으로서 소프트웨어공학에 관한 이해를 증진시킨다."
  },
  "평가방법": {
    "항목_0": "A(%)",
    "항목_1": "A+B(%)",
    "항목_2": "C이하(%)",
    "항목_3": "총비율",
    "항목_4": "0",
    "항목_5": "0",
    "항목_6": "0",
    "항목_7": "100%",
    "항목_8": "절대평가 기준",
    "항목_9": "상대평가 비율",
    "항목_10": "상대평가Ⅰ(A40%)",
    "항목_11": "- 강의",
    "기타": "",
    "항목_13": "- 과제",
    "항목_14": "* 장애학생 교수학습지원 사항",
    "항목_15": "- 평가",
    "항목_16": "참고\n사항",
    "항목_17": "강의 파일, 자료 등 제공",
    "항목_18": "좌석배치(지정좌석) 조정",
    "항목_19": "과제 제출기한 연장",
    "항목_20": "대안적 과제 제시",
    "항목_21": "시험시간 연장",
    "항목_22": "별도의 시험 장소 제공",
    "항목_23": "※ 위 지원사항 등을 포함한 강의, 과제, 시험 등 학습과정에서 장애로 인하여 추가 지원이\n     필요한 경우 개강전 담당강사 및 장애학습 지원센터를 통해 문의 바랍니다.",
    "항목_24": "√",
    "그 외(필요시 자유로이 추가 기술)": "",
    "항목_26": "주별",
    "항목_27": "수업목표",
    "항목_28": "수업내용",
    "항목_29": "수업방식",
    "항목_30": "주별 강의내용",
    "항목_31": "자료, 과제 및\n기타 참고사항",
    "항목_32": "온라인",
    "항목_33": "오프라인",
    "항목_34": "수업방식별시간"
  },
  "핵심역량": {
    "항목_0": "직전강의평가\n및\nCQI반영사항",
    "항목_1": "(1) 소프트웨어공학에 대한 이해가 기초부터 잘 이루어지도록 구체적이고 반복적으로 학습하도록 하는 것이 필요함(학습량 증대)\n(2) 1장~6장과 관련한  정보처리기사 1급 문제풀이와 최신용어 해설 과제 제출이 필요함(계속 사항)\n(3) 예습쪽지 질문 내용에 대한 답변 시간 확대",
    "항목_2": "구분",
    "항목_3": "소통역량",
    "항목_4": "창의역량",
    "항목_5": "인성역량",
    "항목_6": "실무역량",
    "항목_7": "도전역량",
    "항목_8": "문화역량",
    "항목_9": "합계",
    "항목_10": "대표역량",
    "항목_11": "비율(%)",
    "항목_12": "10",
    "항목_13": "10",
    "항목_14": "0",
    "항목_15": "80",
    "항목_16": "0",
    "항목_17": "0",
    "항목_18": "100",
    "항목_19": "교과목간의\n연계성",
    "항목_20": "주교재",
    "항목_21": "객체지향 소프트웨어공학",
    "항목_22": "저자",
    "항목_23": "참고자료",
    "항목_24": "1) 소프트웨어공학-이론 및 실제, 유철중 외 공역, 도서출판 한산, 2013.\n2) Software Engineering a Practitioner's Approach(7th Edition), Roger S. Pressman, McGraw Hill, 2010.",
    "항목_25": "최은만",
    "항목_26": "출판사",
    "항목_27": "한빛아카데미",
    "항목_28": "출판년도",
    "항목_29": "2018",
    "항목_30": "교재언어",
    "항목_31": "권장 선수과목",
    "항목_32": "한국어",
    "항목_33": "강의언어",
    "항목_34": "한국어",
    "항목_35": "필요 기자재",
    "항목_36": "컴퓨터, 빔 프로젝터, (필요 시 온라인 ZOOM 강의 1회 정도-아이패드 활용)",
    "항목_37": "해당사항 없음",
    "항목_38": "권장 후수과목",
    "항목_39": "DA",
    "항목_40": "수업방식\n(복수가능√)",
    "항목_41": "강의",
    "항목_42": "발표/토론",
    "항목_43": "PBL",
    "항목_44": "플립러닝",
    "항목_45": "LMS활용",
    "항목_46": "실험실습",
    "항목_47": "기타",
    "항목_48": "√",
    "항목_49": "√",
    "항목_50": "√",
    "항목_51": "√",
    "항목_52": "수업운영방향",
    "항목_53": "평가계획\n(100%)",
    "항목_54": "중간",
    "항목_55": "기말",
    "항목_56": "출석",
    "항목_57": "과제물",
    "항목_58": "안전교육",
    "항목_59": "발표/토론",
    "항목_60": "수업태도",
    "항목_61": "기타",
    "항목_62": "30%",
    "항목_63": "30%",
    "항목_64": "10%",
    "항목_65": "20%",
    "항목_66": "0%",
    "항목_67": "5%",
    "항목_68": "5%",
    "항목_69": "0%",
    "항목_70": "평가참고사항",
    "항목_71": "정해진 시간에 출석 강조, 중간 및 기말고사 시 시험준비 충실히 하도록 지속적인 강조, 정보처리기사 교과목 관련 문제를 학습하도록 지도"
  }
}