{
  "기본정보": {
    "항목_0": "1 / 3",
    "항목_1": "전북대학교 강의계획서 (2025년 1학기)",
    "항목_2": "교과목 코드",
    "항목_3": "E-mail",
    "항목_4": "biomed@jbnu.ac.kr",
    "항목_5": "전공선택",
    "항목_6": "연구실",
    "항목_7": "공과대학 1호관 310호",
    "항목_8": "담당교수명",
    "항목_9": "연락처",
    "항목_10": "김동욱",
    "항목_11": "270-4060",
    "항목_12": "1",
    "항목_13": "3",
    "항목_14": "0000107472",
    "항목_15": "학점",
    "항목_16": "분반",
    "항목_17": "교과목 구분",
    "항목_18": "교과목명",
    "항목_19": "생체계측및실험 1",
    "항목_20": "학과/학년",
    "항목_21": "바이오(헬스케어기기) 3,바이오(메디컬AI) 3,바이오(헬스케어정보) 3",
    "항목_22": "상담가능시간",
    "항목_23": "1. 강의 기본정보",
    "항목_24": "강의실",
    "전주": "공과대학 1호관 147",
    "항목_26": "요일/시간",
    "항목_27": "월 3-A,월 3-B,월 4-A,월 4-B,수 3-A,수 3-B",
    "항목_28": "수업목표",
    "항목_29": "- 인체에서 발생되는 다양한 해부, 생리적 현상을 정량적으로 파악하기 위한 이론 및 기술 습득.\n- 생체신호 측정 장비 및 임상에서 사용되고 있는 의료기기의 원리, 구성과 쓰임에 대한 이해를 통해, 개발에 관련된 연구를 수행할 수 있는 지식을 습득."
  },
  "평가방법": {
    "항목_0": "A(%)",
    "항목_1": "A+B(%)",
    "항목_2": "C이하(%)",
    "항목_3": "총비율",
    "항목_4": "50",
    "항목_5": "80",
    "항목_6": "20",
    "항목_7": "100%",
    "항목_8": "절대평가 기준",
    "항목_9": "상대평가 비율",
    "항목_10": "상대평가Ⅱ",
    "항목_11": "- 강의",
    "항목_12": "√",
    "기타": "",
    "항목_14": "- 과제",
    "항목_15": "√",
    "항목_16": "* 장애학생 교수학습지원 사항",
    "항목_17": "- 평가",
    "항목_18": "√",
    "항목_19": "참고\n사항",
    "항목_20": "강의 파일, 자료 등 제공",
    "항목_21": "좌석배치(지정좌석) 조정",
    "항목_22": "과제 제출기한 연장",
    "항목_23": "대안적 과제 제시",
    "항목_24": "시험시간 연장",
    "항목_25": "별도의 시험 장소 제공",
    "항목_26": "※ 위 지원사항 등을 포함한 강의, 과제, 시험 등 학습과정에서 장애로 인하여 추가 지원이\n     필요한 경우 개강전 담당강사 및 장애학습 지원센터를 통해 문의 바랍니다.",
    "그 외(필요시 자유로이 추가 기술)": "",
    "항목_28": "주별",
    "항목_29": "수업목표",
    "항목_30": "수업내용",
    "항목_31": "수업방식",
    "항목_32": "주별 강의내용",
    "항목_33": "자료, 과제 및\n기타 참고사항",
    "항목_34": "온라인",
    "항목_35": "오프라인",
    "항목_36": "수업방식별시간",
    "항목_37": "1주",
    "- 강의개요": "이론 및 실험 내용 소개",
    "항목_39": "-인체시스템의 해명 및 의학적인 진단을 목적으로 인체의 다양한 기능정보 및 형태정보가 취득됨.\n-BioPac Student Lab 소개",
    "항목_40": "."
  },
  "핵심역량": {
    "항목_0": "직전강의평가\n및\nCQI반영사항",
    "항목_1": "- 임상생체신호 실험 확대 \n- 레포트 제출 언어의 유연성 부여\n- 콘텐츠 강의 시청 기간 확대",
    "항목_2": "구분",
    "항목_3": "소통역량",
    "항목_4": "창의역량",
    "항목_5": "인성역량",
    "항목_6": "실무역량",
    "항목_7": "도전역량",
    "항목_8": "문화역량",
    "항목_9": "합계",
    "항목_10": "대표역량",
    "항목_11": "비율(%)",
    "항목_12": "17",
    "항목_13": "17",
    "항목_14": "17",
    "항목_15": "17",
    "항목_16": "16",
    "항목_17": "16",
    "항목_18": "100",
    "항목_19": "교과목간의\n연계성",
    "항목_20": "주교재",
    "항목_21": "의용계측설계(Introduction to Biomedical Equipment Technology)",
    "항목_22": "저자",
    "항목_23": "참고자료",
    "항목_24": "BIOPAC Student Lab Manual",
    "항목_25": "Joseph J. Carr, John M. Brown, 이명호 옮김",
    "항목_26": "출판사",
    "항목_27": "경문사(Prentice Hall)",
    "항목_28": "출판년도",
    "항목_29": "2010",
    "항목_30": "교재언어",
    "항목_31": "권장 선수과목",
    "항목_32": "한국어",
    "항목_33": "강의언어",
    "항목_34": "한국어",
    "항목_35": "필요 기자재",
    "항목_36": "BIOPAC Student Lab",
    "항목_37": "없음",
    "항목_38": "권장 후수과목",
    "항목_39": "DA",
    "항목_40": "수업방식\n(복수가능√)",
    "항목_41": "강의",
    "항목_42": "발표/토론",
    "항목_43": "PBL",
    "항목_44": "플립러닝",
    "항목_45": "LMS활용",
    "항목_46": "실험실습",
    "항목_47": "기타",
    "항목_48": "√",
    "항목_49": "√",
    "항목_50": "수업운영방향",
    "항목_51": "평가계획\n(100%)",
    "항목_52": "중간",
    "항목_53": "기말",
    "항목_54": "출석",
    "항목_55": "과제물",
    "항목_56": "안전교육",
    "항목_57": "발표/토론",
    "항목_58": "수업태도",
    "항목_59": "기타",
    "항목_60": "30%",
    "항목_61": "30%",
    "항목_62": "20%",
    "항목_63": "20%",
    "항목_64": "0%",
    "항목_65": "0%",
    "항목_66": "0%",
    "항목_67": "0%",
    "항목_68": "평가참고사항"
  }
}