{
  "기본정보": {
    "항목_0": "1 / 2",
    "항목_1": "전북대학교 강의계획서 (2025년 1학기)",
    "항목_2": "교과목 코드",
    "항목_3": "E-mail",
    "항목_4": "sori378@gmail.com",
    "항목_5": "전공선택",
    "항목_6": "연구실",
    "항목_7": "01066293378",
    "항목_8": "담당교수명",
    "항목_9": "연락처",
    "항목_10": "김현철",
    "항목_11": "0632523378",
    "항목_12": "1",
    "항목_13": "3",
    "항목_14": "0000128951",
    "항목_15": "학점",
    "항목_16": "분반",
    "항목_17": "교과목 구분",
    "항목_18": "교과목명",
    "항목_19": "건축계획및설계스튜디오 1",
    "항목_20": "학과/학년",
    "항목_21": "건축공 2",
    "항목_22": "상담가능시간",
    "항목_23": "금요일오후",
    "항목_24": "1. 강의 기본정보",
    "항목_25": "강의실",
    "전주": "공과대학 1호관 317",
    "항목_27": "요일/시간",
    "항목_28": "금 1-A,금 1-B,금 2-A,금 2-B,금 3-A,금 3-B,금 4-A,금 4-B",
    "항목_29": "수업목표",
    "항목_30": "건축공학과 학생들을 대상으로 건축계획 및 설계에 대한 다양한 지식과 경험을 습득할 수 있도록 한다. \n1.건축책, 건축도면, 기타자료, 답사등을 통한 다양하게 건축설계를 접함\n2.기존 건축물을 답사 도면화 프리젠테이션으로 표현\n3.조별 디스커스, 담당교수 크리틱을 통한 사고의 확장"
  },
  "평가방법": {
    "항목_0": "A(%)",
    "항목_1": "A+B(%)",
    "항목_2": "C이하(%)",
    "항목_3": "총비율",
    "항목_4": "100%",
    "항목_5": "절대평가 기준",
    "항목_6": "상대평가 비율",
    "항목_7": "상대평가Ⅰ(A30%)",
    "항목_8": "- 강의",
    "항목_9": "√",
    "항목_10": "√",
    "기타": "",
    "항목_12": "- 과제",
    "항목_13": "√",
    "항목_14": "√",
    "항목_15": "* 장애학생 교수학습지원 사항",
    "항목_16": "- 평가",
    "항목_17": "√",
    "항목_18": "참고\n사항",
    "항목_19": "강의 파일, 자료 등 제공",
    "항목_20": "좌석배치(지정좌석) 조정",
    "항목_21": "과제 제출기한 연장",
    "항목_22": "대안적 과제 제시",
    "항목_23": "시험시간 연장",
    "항목_24": "별도의 시험 장소 제공",
    "항목_25": "※ 위 지원사항 등을 포함한 강의, 과제, 시험 등 학습과정에서 장애로 인하여 추가 지원이\n     필요한 경우 개강전 담당강사 및 장애학습 지원센터를 통해 문의 바랍니다.",
    "그 외(필요시 자유로이 추가 기술)": "",
    "항목_27": "주별",
    "항목_28": "수업목표",
    "항목_29": "수업내용",
    "항목_30": "수업방식",
    "항목_31": "주별 강의내용",
    "항목_32": "자료, 과제 및\n기타 참고사항",
    "항목_33": "온라인",
    "항목_34": "오프라인",
    "항목_35": "수업방식별시간",
    "항목_36": "1주",
    "항목_37": "1. 건축설계에 대한 기초 O.T\n2. 사전이해도 조사\n3. 건축설계의 이해(건축과 치수)",
    "항목_38": "강의"
  },
  "핵심역량": {
    "항목_0": "직전강의평가\n및\nCQI반영사항",
    "항목_1": "공학과 설계의 접점 상관관계를 파악할 수 있는 관점을 제시하여 참여도 증진 및\n 자신이 고민하고 발견한 공간구성요소에 집중할 수 있도록 발표, pt구성을 제시하며, 공유할 수 있도록 한다.",
    "항목_2": "구분",
    "항목_3": "소통역량",
    "항목_4": "창의역량",
    "항목_5": "인성역량",
    "항목_6": "실무역량",
    "항목_7": "도전역량",
    "항목_8": "문화역량",
    "항목_9": "합계",
    "항목_10": "대표역량",
    "항목_11": "비율(%)",
    "항목_12": "20",
    "항목_13": "30",
    "항목_14": "10",
    "항목_15": "20",
    "항목_16": "10",
    "항목_17": "10",
    "항목_18": "100",
    "항목_19": "교과목간의\n연계성",
    "항목_20": "주교재",
    "항목_21": "저자",
    "항목_22": "참고자료",
    "항목_23": "출판사",
    "항목_24": "출판년도",
    "항목_25": "교재언어",
    "항목_26": "권장 선수과목",
    "항목_27": "강의언어",
    "항목_28": "한국어",
    "항목_29": "필요 기자재",
    "항목_30": "-",
    "항목_31": "권장 후수과목",
    "항목_32": "DA",
    "항목_33": "수업방식\n(복수가능√)",
    "항목_34": "강의",
    "항목_35": "발표/토론",
    "항목_36": "PBL",
    "항목_37": "플립러닝",
    "항목_38": "LMS활용",
    "항목_39": "실험실습",
    "항목_40": "기타",
    "항목_41": "√",
    "항목_42": "√",
    "항목_43": "수업운영방향",
    "항목_44": "평가계획\n(100%)",
    "항목_45": "중간",
    "항목_46": "기말",
    "항목_47": "출석",
    "항목_48": "과제물",
    "항목_49": "안전교육",
    "항목_50": "발표/토론",
    "항목_51": "수업태도",
    "항목_52": "기타",
    "항목_53": "%",
    "항목_54": "%",
    "항목_55": "20%",
    "항목_56": "40%",
    "항목_57": "%",
    "항목_58": "%",
    "항목_59": "%",
    "항목_60": "%",
    "항목_61": "평가참고사항"
  }
}