{
  "기본정보": {
    "항목_0": "1 / 2",
    "항목_1": "전북대학교 강의계획서 (2025년 1학기)",
    "항목_2": "교과목 코드",
    "항목_3": "E-mail",
    "항목_4": "@jbnu.ac.kr",
    "항목_5": "전공필수",
    "항목_6": "연구실",
    "항목_7": "공대7호관  326호",
    "항목_8": "담당교수명",
    "항목_9": "연락처",
    "항목_10": "김누리",
    "항목_11": "063-270-2477",
    "항목_12": "8",
    "항목_13": "3",
    "항목_14": "0000104848",
    "항목_15": "학점",
    "항목_16": "분반",
    "항목_17": "교과목 구분",
    "항목_18": "교과목명",
    "항목_19": "전자회로실험",
    "항목_20": "학과/학년",
    "항목_21": "전자공학부 3",
    "항목_22": "상담가능시간",
    "항목_23": "금 123",
    "항목_24": "1. 강의 기본정보",
    "항목_25": "강의실",
    "전주": "공과대학 7호관 110",
    "항목_27": "요일/시간",
    "항목_28": "월 8-A,월 8-B,월 9-A,월 9-B,수 8-A,수 8-B,수 9-A,수 9-B",
    "항목_29": "수업목표",
    "항목_30": "본 실험 수업에서는 기본 전자 소자의 원리를 이해하고, 이를 실험을 통해 직접 확인하는 것을 목표로 한다. 오실로스코프와 멀티미터 같은 계측 장비를 활용하여 회로의 동작을 측정하고 분석하는 능력을 기르고, 회로를 설계하고 문제를 해결하는 과정을 통해 전자 회로 설계의 기초를 익히는 데 중점을 둔다."
  },
  "평가방법": {
    "항목_0": "A(%)",
    "항목_1": "A+B(%)",
    "항목_2": "C이하(%)",
    "항목_3": "총비율",
    "항목_4": "0",
    "항목_5": "0",
    "항목_6": "0",
    "항목_7": "100%",
    "항목_8": "절대평가 기준",
    "항목_9": "상대평가 비율",
    "항목_10": "절대평가",
    "항목_11": "- 강의",
    "항목_12": "√",
    "기타": "",
    "항목_14": "- 과제",
    "항목_15": "√",
    "항목_16": "* 장애학생 교수학습지원 사항",
    "항목_17": "- 평가",
    "항목_18": "√",
    "항목_19": "참고\n사항",
    "항목_20": "강의 파일, 자료 등 제공",
    "항목_21": "좌석배치(지정좌석) 조정",
    "항목_22": "과제 제출기한 연장",
    "항목_23": "대안적 과제 제시",
    "항목_24": "시험시간 연장",
    "항목_25": "별도의 시험 장소 제공",
    "항목_26": "※ 위 지원사항 등을 포함한 강의, 과제, 시험 등 학습과정에서 장애로 인하여 추가 지원이\n     필요한 경우 개강전 담당강사 및 장애학습 지원센터를 통해 문의 바랍니다.",
    "그 외(필요시 자유로이 추가 기술)": "",
    "항목_28": "주별",
    "항목_29": "수업목표",
    "항목_30": "수업내용",
    "항목_31": "수업방식",
    "항목_32": "주별 강의내용",
    "항목_33": "자료, 과제 및\n기타 참고사항",
    "항목_34": "온라인",
    "항목_35": "오프라인",
    "항목_36": "수업방식별시간",
    "항목_37": "1주",
    "항목_38": "교과목 개요 및 운영방법 소개",
    "항목_39": "교과목 소개 및 조 편성\nPre-course test",
    "항목_40": "이론 강의",
    "항목_41": "팀 편성"
  },
  "핵심역량": {
    "항목_0": "직전강의평가\n및\nCQI반영사항",
    "항목_1": ".",
    "항목_2": "구분",
    "항목_3": "소통역량",
    "항목_4": "창의역량",
    "항목_5": "인성역량",
    "항목_6": "실무역량",
    "항목_7": "도전역량",
    "항목_8": "문화역량",
    "항목_9": "합계",
    "항목_10": "대표역량",
    "항목_11": "비율(%)",
    "항목_12": "10",
    "항목_13": "80",
    "항목_14": "0",
    "항목_15": "10",
    "항목_16": "0",
    "항목_17": "0",
    "항목_18": "100",
    "항목_19": "교과목간의\n연계성",
    "항목_20": "주교재",
    "항목_21": "대학 전자회로 실험",
    "항목_22": "저자",
    "항목_23": "참고자료",
    "항목_24": "신현철",
    "항목_25": "출판사",
    "항목_26": "한티미디어",
    "항목_27": "출판년도",
    "항목_28": "2023",
    "항목_29": "교재언어",
    "항목_30": "권장 선수과목",
    "항목_31": "한국어",
    "항목_32": "강의언어",
    "항목_33": "한국어",
    "항목_34": "필요 기자재",
    "항목_35": "회로이론, 기초회로실험, 전자회로 1",
    "항목_36": "권장 후수과목",
    "항목_37": "DA",
    "항목_38": "수업방식\n(복수가능√)",
    "항목_39": "강의",
    "항목_40": "발표/토론",
    "항목_41": "PBL",
    "항목_42": "플립러닝",
    "항목_43": "LMS활용",
    "항목_44": "실험실습",
    "항목_45": "기타",
    "항목_46": "√",
    "항목_47": "√",
    "항목_48": "√",
    "항목_49": "수업운영방향",
    "항목_50": "평가계획\n(100%)",
    "항목_51": "중간",
    "항목_52": "기말",
    "항목_53": "출석",
    "항목_54": "과제물",
    "항목_55": "안전교육",
    "항목_56": "발표/토론",
    "항목_57": "수업태도",
    "항목_58": "기타",
    "항목_59": "0%",
    "항목_60": "30%",
    "항목_61": "10%",
    "항목_62": "50%",
    "항목_63": "5%",
    "항목_64": "0%",
    "항목_65": "5%",
    "항목_66": "0%",
    "항목_67": "평가참고사항"
  }
}