{
  "기본정보": {
    "항목_0": "1 / 2",
    "항목_1": "전북대학교 강의계획서 (2025년 1학기)",
    "항목_2": "교과목 코드",
    "항목_3": "E-mail",
    "항목_4": "shlee66@jbnu.ac.kr",
    "항목_5": "전공선택",
    "항목_6": "연구실",
    "항목_7": "담당교수명",
    "항목_8": "연락처",
    "항목_9": "이수형",
    "항목_10": "063-270-2435",
    "항목_11": "3",
    "항목_12": "3",
    "항목_13": "0000100435",
    "항목_14": "학점",
    "항목_15": "분반",
    "항목_16": "교과목 구분",
    "항목_17": "교과목명",
    "항목_18": "고분자화학",
    "항목_19": "학과/학년",
    "항목_20": "화학공학부 3,화공부(생명) 3,화공부(나노) 3,화공부(에너지) 3",
    "항목_21": "상담가능시간",
    "항목_22": "화 13-14시",
    "항목_23": "1. 강의 기본정보",
    "항목_24": "강의실",
    "전주": "공과대학 6호관 B12",
    "항목_26": "요일/시간",
    "항목_27": "화 6-A,화 6-B,화 7-A,화 7-B,목 8-A,목 8-B",
    "항목_28": "수업목표",
    "항목_29": "1. 고분자의 특성 및 물성을 이해한다.\n2. 고분자 합성 반응 메카니즘 및 중합 공정을 이해한다.\n3. 고분자의 응용분야를 이해하고 습득한 지식을 현장에서 창의적으로 활용할 수 있는 엔지니어의 자질을 기른다."
  },
  "평가방법": {
    "항목_0": "A(%)",
    "항목_1": "A+B(%)",
    "항목_2": "C이하(%)",
    "항목_3": "총비율",
    "항목_4": "40",
    "항목_5": "80",
    "항목_6": "20",
    "항목_7": "100%",
    "항목_8": "절대평가 기준",
    "항목_9": "상대평가 비율",
    "항목_10": "상대평가Ⅱ",
    "항목_11": "- 강의",
    "항목_12": "√",
    "항목_13": "√",
    "기타": "",
    "항목_15": "- 과제",
    "항목_16": "√",
    "항목_17": "√",
    "항목_18": "* 장애학생 교수학습지원 사항",
    "항목_19": "- 평가",
    "항목_20": "√",
    "항목_21": "√",
    "항목_22": "참고\n사항",
    "항목_23": "강의 파일, 자료 등 제공",
    "항목_24": "좌석배치(지정좌석) 조정",
    "항목_25": "과제 제출기한 연장",
    "항목_26": "대안적 과제 제시",
    "항목_27": "시험시간 연장",
    "항목_28": "별도의 시험 장소 제공",
    "항목_29": "※ 위 지원사항 등을 포함한 강의, 과제, 시험 등 학습과정에서 장애로 인하여 추가 지원이\n     필요한 경우 개강전 담당강사 및 장애학습 지원센터를 통해 문의 바랍니다.",
    "그 외(필요시 자유로이 추가 기술)": "",
    "항목_31": "주별",
    "항목_32": "수업목표",
    "항목_33": "수업내용",
    "항목_34": "수업방식",
    "항목_35": "주별 강의내용",
    "항목_36": "자료, 과제 및\n기타 참고사항",
    "항목_37": "온라인",
    "항목_38": "오프라인",
    "항목_39": "수업방식별시간",
    "항목_40": "1주",
    "항목_41": "강의 소개 및 수강 인원 확인",
    "항목_42": "오리엔테이션"
  },
  "핵심역량": {
    "항목_0": "직전강의평가\n및\nCQI반영사항",
    "항목_1": "코로나 상황으로 인한 비대면수업의 문제점을 해결하기 위해 대면수업으로 전환 예정\n복수 전공 및 타학과, 전과, 전학 학생들의 경우 기초학습에 대한 부족으로 인해 수업을 따라오는 데 어려움이 있어 Q & A 등을 통해 추가 지도할 예정",
    "항목_2": "구분",
    "항목_3": "소통역량",
    "항목_4": "창의역량",
    "항목_5": "인성역량",
    "항목_6": "실무역량",
    "항목_7": "도전역량",
    "항목_8": "문화역량",
    "항목_9": "합계",
    "항목_10": "대표역량",
    "항목_11": "비율(%)",
    "항목_12": "50",
    "항목_13": "50",
    "항목_14": "0",
    "항목_15": "0",
    "항목_16": "0",
    "항목_17": "0",
    "항목_18": "100",
    "항목_19": "교과목간의\n연계성",
    "항목_20": "주교재",
    "항목_21": "저자",
    "항목_22": "참고자료",
    "항목_23": "출판사",
    "항목_24": "출판년도",
    "항목_25": "교재언어",
    "항목_26": "권장 선수과목",
    "항목_27": "강의언어",
    "항목_28": "한국어",
    "항목_29": "필요 기자재",
    "항목_30": "유기화학 2",
    "항목_31": "권장 후수과목",
    "항목_32": "DA",
    "항목_33": "수업방식\n(복수가능√)",
    "항목_34": "강의",
    "항목_35": "발표/토론",
    "항목_36": "PBL",
    "항목_37": "플립러닝",
    "항목_38": "LMS활용",
    "항목_39": "실험실습",
    "항목_40": "기타",
    "항목_41": "√",
    "항목_42": "수업운영방향",
    "항목_43": "평가계획\n(100%)",
    "항목_44": "중간",
    "항목_45": "기말",
    "항목_46": "출석",
    "항목_47": "과제물",
    "항목_48": "안전교육",
    "항목_49": "발표/토론",
    "항목_50": "수업태도",
    "항목_51": "기타",
    "항목_52": "40%",
    "항목_53": "40%",
    "항목_54": "10%",
    "항목_55": "10%",
    "항목_56": "%",
    "항목_57": "%",
    "항목_58": "0%",
    "항목_59": "%",
    "항목_60": "평가참고사항"
  }
}