{
  "기본정보": {
    "항목_0": "1 / 2",
    "항목_1": "전북대학교 강의계획서 (2025년 1학기)",
    "항목_2": "교과목 코드",
    "항목_3": "E-mail",
    "항목_4": "huyi0806@jbnu.ac.kr",
    "항목_5": "전공필수",
    "항목_6": "연구실",
    "항목_7": "공대 7호관 205호실",
    "항목_8": "담당교수명",
    "항목_9": "연락처",
    "항목_10": "정현기",
    "항목_11": "01092219381",
    "항목_12": "1",
    "항목_13": "3",
    "항목_14": "0000125108",
    "항목_15": "학점",
    "항목_16": "분반",
    "항목_17": "교과목 구분",
    "항목_18": "교과목명",
    "항목_19": "전기회로기초실험",
    "항목_20": "학과/학년",
    "항목_21": "전기공 2",
    "항목_22": "상담가능시간",
    "화 09": "00 ~ 12:00",
    "항목_24": "1. 강의 기본정보",
    "항목_25": "강의실",
    "전주": "공과대학 8호관 304",
    "항목_27": "요일/시간",
    "항목_28": "화 6-A,화 6-B,화 7-A,화 7-B,목 8-A,목 8-B,목 9-A,목 9-B",
    "항목_29": "수업목표",
    "항목_30": "전기공학전문 프로그램의 첫 번째 실험과목으로 실험실 안전과 실험도구 사용법 등을 익히고, 이를 바탕으로 전기회로를 이용한 기초실험을 수행할 수 있다."
  },
  "평가방법": {
    "항목_0": "A(%)",
    "항목_1": "A+B(%)",
    "항목_2": "C이하(%)",
    "항목_3": "총비율",
    "항목_4": "0",
    "항목_5": "0",
    "항목_6": "0",
    "항목_7": "100%",
    "항목_8": "절대평가 기준",
    "항목_9": "상대평가 비율",
    "항목_10": "절대평가",
    "항목_11": "- 강의",
    "항목_12": "√",
    "기타": "",
    "항목_14": "- 과제",
    "항목_15": "* 장애학생 교수학습지원 사항",
    "항목_16": "- 평가",
    "항목_17": "참고\n사항",
    "항목_18": "강의 파일, 자료 등 제공",
    "항목_19": "좌석배치(지정좌석) 조정",
    "항목_20": "과제 제출기한 연장",
    "항목_21": "대안적 과제 제시",
    "항목_22": "시험시간 연장",
    "항목_23": "별도의 시험 장소 제공",
    "항목_24": "※ 위 지원사항 등을 포함한 강의, 과제, 시험 등 학습과정에서 장애로 인하여 추가 지원이\n     필요한 경우 개강전 담당강사 및 장애학습 지원센터를 통해 문의 바랍니다.",
    "그 외(필요시 자유로이 추가 기술)": "",
    "항목_26": "주별",
    "항목_27": "수업목표",
    "항목_28": "수업내용",
    "항목_29": "수업방식",
    "항목_30": "주별 강의내용",
    "항목_31": "자료, 과제 및\n기타 참고사항",
    "항목_32": "온라인",
    "항목_33": "오프라인",
    "항목_34": "수업방식별시간",
    "항목_35": "1주",
    "항목_36": "기초학력테스트\n조편성 및 수업 내용 소개",
    "항목_37": "기초학력 평가"
  },
  "핵심역량": {
    "항목_0": "직전강의평가\n및\nCQI반영사항",
    "항목_1": "처음 실시하는 전공 실험 교과목으로써, 실험실 안전, 장비 사용법 등 실습 중심의 기초교육을 강화. \nCLO별 성취도 측정도구를 다양하게 활용.",
    "항목_2": "구분",
    "항목_3": "소통역량",
    "항목_4": "창의역량",
    "항목_5": "인성역량",
    "항목_6": "실무역량",
    "항목_7": "도전역량",
    "항목_8": "문화역량",
    "항목_9": "합계",
    "항목_10": "대표역량",
    "항목_11": "비율(%)",
    "항목_12": "20",
    "항목_13": "40",
    "항목_14": "0",
    "항목_15": "20",
    "항목_16": "10",
    "항목_17": "10",
    "항목_18": "100",
    "항목_19": "교과목간의\n연계성",
    "항목_20": "주교재",
    "항목_21": "저자",
    "항목_22": "참고자료",
    "항목_23": "홍순관",
    "항목_24": "출판사",
    "항목_25": "한빛 아카데미",
    "항목_26": "출판년도",
    "항목_27": "2023",
    "항목_28": "교재언어",
    "항목_29": "권장 선수과목",
    "항목_30": "강의언어",
    "항목_31": "한국어",
    "항목_32": "필요 기자재",
    "항목_33": "일반물리학실험2",
    "항목_34": "권장 후수과목",
    "항목_35": "DA",
    "항목_36": "수업방식\n(복수가능√)",
    "항목_37": "강의",
    "항목_38": "발표/토론",
    "항목_39": "PBL",
    "항목_40": "플립러닝",
    "항목_41": "LMS활용",
    "항목_42": "실험실습",
    "항목_43": "기타",
    "항목_44": "√",
    "항목_45": "√",
    "항목_46": "수업운영방향",
    "항목_47": "평가계획\n(100%)",
    "항목_48": "중간",
    "항목_49": "기말",
    "항목_50": "출석",
    "항목_51": "과제물",
    "항목_52": "안전교육",
    "항목_53": "발표/토론",
    "항목_54": "수업태도",
    "항목_55": "기타",
    "항목_56": "%",
    "항목_57": "40%",
    "항목_58": "5%",
    "항목_59": "15%",
    "항목_60": "5%",
    "항목_61": "%",
    "항목_62": "5%",
    "항목_63": "%",
    "항목_64": "평가참고사항"
  }
}