{
  "기본정보": {
    "항목_0": "1 / 2",
    "항목_1": "전북대학교 강의계획서 (2025년 1학기)",
    "항목_2": "교과목 코드",
    "항목_3": "E-mail",
    "항목_4": "taehwan@jbnu.ac.kr",
    "항목_5": "전공선택",
    "항목_6": "연구실",
    "항목_7": "담당교수명",
    "항목_8": "연락처",
    "항목_9": "김태환",
    "항목_10": "4996",
    "항목_11": "1",
    "항목_12": "3",
    "항목_13": "0000123761",
    "항목_14": "학점",
    "항목_15": "분반",
    "항목_16": "교과목 구분",
    "항목_17": "교과목명",
    "항목_18": "양자공학수학 1",
    "항목_19": "학과/학년",
    "항목_20": "양자시스템공학과 2",
    "항목_21": "상담가능시간",
    "항목_22": "월 오후",
    "항목_23": "1. 강의 기본정보",
    "항목_24": "강의실",
    "전주": "공과대학 9호관 202",
    "항목_26": "요일/시간",
    "항목_27": "월 3-A,월 3-B,월 4-A,월 4-B,수 3-A,수 3-B",
    "항목_28": "수업목표",
    "항목_29": "양자공학수학 1은 기초수학과목의 학습을 바탕으로, 양자시스템공학과에서 요구되는 전문지식의 원활한 이해를 위해, 공학에 널리 쓰이는 공학적 수학의 기초 및 응용을 배우며. 미분방정식, 행렬방정식, 라플라스 변환 및 복수함수의 해석,선형대수 및 벡터 미적분 등 공학전반에 요구되는 수학의 해석방법을 학습한다."
  },
  "평가방법": {
    "항목_0": "A(%)",
    "항목_1": "A+B(%)",
    "항목_2": "C이하(%)",
    "항목_3": "총비율",
    "항목_4": "100%",
    "항목_5": "절대평가 기준",
    "항목_6": "상대평가 비율",
    "항목_7": "상대평가Ⅰ(A30%)",
    "항목_8": "- 강의",
    "항목_9": "√",
    "기타": "",
    "항목_11": "- 과제",
    "항목_12": "* 장애학생 교수학습지원 사항",
    "항목_13": "- 평가",
    "항목_14": "√",
    "항목_15": "참고\n사항",
    "항목_16": "강의 파일, 자료 등 제공",
    "항목_17": "좌석배치(지정좌석) 조정",
    "항목_18": "과제 제출기한 연장",
    "항목_19": "대안적 과제 제시",
    "항목_20": "시험시간 연장",
    "항목_21": "별도의 시험 장소 제공",
    "항목_22": "※ 위 지원사항 등을 포함한 강의, 과제, 시험 등 학습과정에서 장애로 인하여 추가 지원이\n     필요한 경우 개강전 담당강사 및 장애학습 지원센터를 통해 문의 바랍니다.",
    "그 외(필요시 자유로이 추가 기술)": "",
    "항목_24": "주별",
    "항목_25": "수업목표",
    "항목_26": "수업내용",
    "항목_27": "수업방식",
    "항목_28": "주별 강의내용",
    "항목_29": "자료, 과제 및\n기타 참고사항",
    "항목_30": "온라인",
    "항목_31": "오프라인",
    "항목_32": "수업방식별시간",
    "항목_33": "1주",
    "항목_34": "양자공학수학소개",
    "항목_35": "양자공학수학 소개 및 미분 적분 Review",
    "항목_36": "대면강의우선, 코로나 상황에 따른 비대면 강의"
  },
  "핵심역량": {
    "항목_0": "직전강의평가\n및\nCQI반영사항",
    "항목_1": "해당사항없음",
    "항목_2": "구분",
    "항목_3": "소통역량",
    "항목_4": "창의역량",
    "항목_5": "인성역량",
    "항목_6": "실무역량",
    "항목_7": "도전역량",
    "항목_8": "문화역량",
    "항목_9": "합계",
    "항목_10": "대표역량",
    "항목_11": "비율(%)",
    "항목_12": "30",
    "항목_13": "30",
    "항목_14": "10",
    "항목_15": "10",
    "항목_16": "10",
    "항목_17": "10",
    "항목_18": "100",
    "항목_19": "교과목간의\n연계성",
    "항목_20": "주교재",
    "항목_21": "Kreyszig 공업수학 (상) 개정 10판",
    "항목_22": "저자",
    "항목_23": "참고자료",
    "항목_24": "서진헌 외 공역",
    "항목_25": "출판사",
    "항목_26": "범한서적주식회사",
    "항목_27": "출판년도",
    "항목_28": "2014",
    "항목_29": "교재언어",
    "항목_30": "권장 선수과목",
    "항목_31": "한국어",
    "항목_32": "강의언어",
    "항목_33": "한국어",
    "항목_34": "필요 기자재",
    "항목_35": "수학1, 대학수학",
    "항목_36": "권장 후수과목",
    "항목_37": "DA",
    "항목_38": "수업방식\n(복수가능√)",
    "항목_39": "강의",
    "항목_40": "발표/토론",
    "항목_41": "PBL",
    "항목_42": "플립러닝",
    "항목_43": "LMS활용",
    "항목_44": "실험실습",
    "항목_45": "기타",
    "항목_46": "√",
    "항목_47": "√",
    "항목_48": "수업운영방향",
    "항목_49": "평가계획\n(100%)",
    "항목_50": "중간",
    "항목_51": "기말",
    "항목_52": "출석",
    "항목_53": "과제물",
    "항목_54": "안전교육",
    "항목_55": "발표/토론",
    "항목_56": "수업태도",
    "항목_57": "기타",
    "항목_58": "40%",
    "항목_59": "40%",
    "항목_60": "10%",
    "항목_61": "10%",
    "항목_62": "0%",
    "항목_63": "0%",
    "항목_64": "0%",
    "항목_65": "0%",
    "항목_66": "평가참고사항"
  }
}