{
  "기본정보": {
    "항목_0": "1 / 2",
    "항목_1": "전북대학교 강의계획서 (2025년 1학기)",
    "항목_2": "교과목 코드",
    "항목_3": "E-mail",
    "항목_4": "hygijo@jbnu.ac.kr",
    "항목_5": "전공선택",
    "항목_6": "연구실",
    "항목_7": "공대 7호관 417호",
    "항목_8": "담당교수명",
    "항목_9": "연락처",
    "항목_10": "조형기",
    "항목_11": "063-270-2467",
    "항목_12": "1",
    "항목_13": "3",
    "항목_14": "0000104177",
    "항목_15": "학점",
    "항목_16": "분반",
    "항목_17": "교과목 구분",
    "항목_18": "교과목명",
    "항목_19": "인공지능",
    "항목_20": "학과/학년",
    "항목_21": "전자공학부 3",
    "항목_22": "상담가능시간",
    "항목_23": "1. 강의 기본정보",
    "항목_24": "강의실",
    "전주": "공과대학 7호관 112",
    "항목_26": "요일/시간",
    "항목_27": "월 3-A,월 3-B,월 4-A,월 4-B,수 3-A,수 3-B",
    "항목_28": "수업목표",
    "항목_29": "이 강의는 학부 학생들을 대상으로 인공지능(AI)의 기본 원리와 실질적 응용을 다루는 것을 목표로 한다. AI의 기초 이론부터 머신러닝, 딥러닝, 강화학습 등의 주요 기술을 이해하고, 이를 기반으로 한 실제 문제 해결 능력을 목표로 한다. 실습을 통해 이미지, 비디오, 음성을 포함한 데이터에서 예측 또는 결정을 내리는 수학적 모델 및 알고리즘을 개발한다. \n본 강의를 통해 4차 산업혁명의 기초인 인공지능의 기본 개념 및 응용 기술에 대해 이해하고 AI 알고리즘 설계와 구현 능력을 강화하고자 한다. 먼저, 선형 회귀, 로지스틱 회귀, 의사 결정 트리, 앙상블 학습, 차원 축소, 클러스터링과 같은 기계 학습 기초 알고리즘을 다룬다. 다음으로 이미지, 시계열 데이터 처리 방법과 이를 CNN, RNN, 강화학습과 같은 딥러닝에 적용하는 방법을 습득한다. 또한, 자연어 처리, 생성 모델 등 인공지능의 최신 기술에 대해 이해한다. \n\n1. 인공지능의 기본 개념과 역사, 현재 트렌드를 이해한다.\n2. 머신러닝과 딥러닝의 이론 및 알고리즘의 원리를 학습한다.\n3. Python과 주요 AI 프레임워크(TensorFlow, PyTorch 등)를 활용한 AI 모델 설계 및 구현 능력을 배양한다.\n4. AI의 다양한 응용 사례를 통해 문제 해결 능력을 기른다.\n5. 다양한 수학적 이론을 기반으로 하여 문제를 설계하고 데이터 맞춤형 인공지능을 개발한다.\n6. Deep Learning에 대한 손쉬운 실무 및 이론적 내용을 제공한다."
  },
  "평가방법": {
    "항목_0": "A(%)",
    "항목_1": "A+B(%)",
    "항목_2": "C이하(%)",
    "항목_3": "총비율",
    "항목_4": "40",
    "항목_5": "80",
    "항목_6": "20",
    "항목_7": "100%",
    "항목_8": "절대평가 기준",
    "항목_9": "상대평가 비율",
    "항목_10": "상대평가Ⅱ",
    "항목_11": "- 강의",
    "항목_12": "√",
    "기타": "",
    "항목_14": "- 과제",
    "항목_15": "√",
    "항목_16": "* 장애학생 교수학습지원 사항",
    "항목_17": "- 평가",
    "항목_18": "√",
    "항목_19": "참고\n사항",
    "항목_20": "강의 파일, 자료 등 제공",
    "항목_21": "좌석배치(지정좌석) 조정",
    "항목_22": "과제 제출기한 연장",
    "항목_23": "대안적 과제 제시",
    "항목_24": "시험시간 연장",
    "항목_25": "별도의 시험 장소 제공",
    "항목_26": "※ 위 지원사항 등을 포함한 강의, 과제, 시험 등 학습과정에서 장애로 인하여 추가 지원이\n     필요한 경우 개강전 담당강사 및 장애학습 지원센터를 통해 문의 바랍니다.",
    "그 외(필요시 자유로이 추가 기술)": ""
  },
  "핵심역량": {
    "항목_0": "직전강의평가\n및\nCQI반영사항",
    "항목_1": "다양한 데이터를 이용한 예제 학습",
    "항목_2": "구분",
    "항목_3": "소통역량",
    "항목_4": "창의역량",
    "항목_5": "인성역량",
    "항목_6": "실무역량",
    "항목_7": "도전역량",
    "항목_8": "문화역량",
    "항목_9": "합계",
    "항목_10": "대표역량",
    "항목_11": "비율(%)",
    "항목_12": "20",
    "항목_13": "30",
    "항목_14": "0",
    "항목_15": "50",
    "항목_16": "0",
    "항목_17": "0",
    "항목_18": "100",
    "항목_19": "교과목간의\n연계성",
    "항목_20": "주교재",
    "항목_21": "저자",
    "항목_22": "참고자료",
    "항목_23": "출판사",
    "항목_24": "출판년도",
    "항목_25": "교재언어",
    "항목_26": "권장 선수과목",
    "항목_27": "한국어",
    "항목_28": "강의언어",
    "항목_29": "한국어",
    "항목_30": "필요 기자재",
    "항목_31": "권장 후수과목",
    "항목_32": "DA",
    "항목_33": "수업방식\n(복수가능√)",
    "항목_34": "강의",
    "항목_35": "발표/토론",
    "항목_36": "PBL",
    "항목_37": "플립러닝",
    "항목_38": "LMS활용",
    "항목_39": "실험실습",
    "항목_40": "기타",
    "항목_41": "√",
    "항목_42": "√",
    "항목_43": "수업운영방향",
    "항목_44": "평가계획\n(100%)",
    "항목_45": "중간",
    "항목_46": "기말",
    "항목_47": "출석",
    "항목_48": "과제물",
    "항목_49": "안전교육",
    "항목_50": "발표/토론",
    "항목_51": "수업태도",
    "항목_52": "기타",
    "항목_53": "35%",
    "항목_54": "35%",
    "항목_55": "10%",
    "항목_56": "20%",
    "항목_57": "0%",
    "항목_58": "0%",
    "항목_59": "0%",
    "항목_60": "0%",
    "항목_61": "평가참고사항"
  }
}