{
  "기본정보": {
    "항목_0": "1 / 2",
    "항목_1": "전북대학교 강의계획서 (2025년 1학기)",
    "항목_2": "교과목 코드",
    "항목_3": "E-mail",
    "항목_4": "sjhee@jbnu.ac.kr",
    "항목_5": "전공선택",
    "항목_6": "연구실",
    "항목_7": "406호",
    "항목_8": "담당교수명",
    "항목_9": "연락처",
    "항목_10": "송준희",
    "항목_11": "063-472-2881",
    "항목_12": "1",
    "항목_13": "3",
    "항목_14": "0000127648",
    "항목_15": "학점",
    "항목_16": "분반",
    "항목_17": "교과목 구분",
    "항목_18": "교과목명",
    "항목_19": "프로젝트랩종합설계 1",
    "항목_20": "학과/학년",
    "항목_21": "융합기술공학부(IT융합기전공학)(재) 4",
    "항목_22": "상담가능시간",
    "항목_23": "금9~12시",
    "항목_24": "1. 강의 기본정보",
    "항목_25": "강의실",
    "전주": "공과대학 4호관 419",
    "항목_27": "요일/시간",
    "항목_28": "화 10-A,화 10-B,화 11-A,화 11-B,화 12-A,화 12-B,화 13-A,화 13-B",
    "항목_29": "수업목표",
    "항목_30": "프로젝트에 관련된 산업현장의 주제를 선정하고 그에 대한 이론적 지식을 바탕으로 설계 및 제작에 필요한 내용을 학습한다. 또한 관련된 기업체 및 기관과 협업을 조직하고 산학협력 연구를 수행한다. 주어진 프로젝트를 수행할 수 있도록 자료조사, 계획, 실행, 설계, 제작 등 다양한 실습을 병행한다."
  },
  "평가방법": {
    "항목_0": "A(%)",
    "항목_1": "A+B(%)",
    "항목_2": "C이하(%)",
    "항목_3": "총비율",
    "항목_4": "0",
    "항목_5": "0",
    "항목_6": "0",
    "항목_7": "100%",
    "항목_8": "절대평가 기준",
    "항목_9": "상대평가 비율",
    "항목_10": "상대평가Ⅰ(A40%)",
    "항목_11": "- 강의",
    "항목_12": "√",
    "기타": "",
    "항목_14": "- 과제",
    "항목_15": "* 장애학생 교수학습지원 사항",
    "항목_16": "- 평가",
    "항목_17": "참고\n사항",
    "항목_18": "강의 파일, 자료 등 제공",
    "항목_19": "좌석배치(지정좌석) 조정",
    "항목_20": "과제 제출기한 연장",
    "항목_21": "대안적 과제 제시",
    "항목_22": "시험시간 연장",
    "항목_23": "별도의 시험 장소 제공",
    "항목_24": "※ 위 지원사항 등을 포함한 강의, 과제, 시험 등 학습과정에서 장애로 인하여 추가 지원이\n     필요한 경우 개강전 담당강사 및 장애학습 지원센터를 통해 문의 바랍니다.",
    "그 외(필요시 자유로이 추가 기술)": "",
    "항목_26": "주별",
    "항목_27": "수업목표",
    "항목_28": "수업내용",
    "항목_29": "수업방식",
    "항목_30": "주별 강의내용",
    "항목_31": "자료, 과제 및\n기타 참고사항",
    "항목_32": "온라인",
    "항목_33": "오프라인",
    "항목_34": "수업방식별시간",
    "항목_35": "1주",
    "항목_36": "프로젝트 랩 응용에 관한 내용 전개 및 사례준비",
    "항목_37": "프로젝트 실제",
    "항목_38": "오프라인(추후 변경가능)",
    "항목_39": "0",
    "항목_40": "3"
  },
  "핵심역량": {
    "항목_0": "직전강의평가\n및\nCQI반영사항",
    "항목_1": "없음",
    "항목_2": "구분",
    "항목_3": "소통역량",
    "항목_4": "창의역량",
    "항목_5": "인성역량",
    "항목_6": "실무역량",
    "항목_7": "도전역량",
    "항목_8": "문화역량",
    "항목_9": "합계",
    "항목_10": "대표역량",
    "항목_11": "비율(%)",
    "항목_12": "20",
    "항목_13": "40",
    "항목_14": "0",
    "항목_15": "40",
    "항목_16": "0",
    "항목_17": "0",
    "항목_18": "100",
    "항목_19": "교과목간의\n연계성",
    "항목_20": "주교재",
    "항목_21": "창의적 공학설계",
    "항목_22": "저자",
    "항목_23": "참고자료",
    "항목_24": "창의적 공학설계\n사업계획서 작성 실무",
    "항목_25": "노승환",
    "항목_26": "출판사",
    "항목_27": "한빛아카데미",
    "항목_28": "출판년도",
    "항목_29": "2014",
    "항목_30": "교재언어",
    "항목_31": "권장 선수과목",
    "항목_32": "한국어",
    "항목_33": "강의언어",
    "항목_34": "한국어",
    "항목_35": "필요 기자재",
    "항목_36": "권장 후수과목",
    "항목_37": "DA",
    "항목_38": "수업방식\n(복수가능√)",
    "항목_39": "강의",
    "항목_40": "발표/토론",
    "항목_41": "PBL",
    "항목_42": "플립러닝",
    "항목_43": "LMS활용",
    "항목_44": "실험실습",
    "항목_45": "기타",
    "항목_46": "√",
    "항목_47": "√",
    "항목_48": "√",
    "항목_49": "√",
    "항목_50": "√",
    "항목_51": "수업운영방향",
    "항목_52": "평가계획\n(100%)",
    "항목_53": "중간",
    "항목_54": "기말",
    "항목_55": "출석",
    "항목_56": "과제물",
    "항목_57": "안전교육",
    "항목_58": "발표/토론",
    "항목_59": "수업태도",
    "항목_60": "기타",
    "항목_61": "0%",
    "항목_62": "40%",
    "항목_63": "20%",
    "항목_64": "30%",
    "항목_65": "10%",
    "항목_66": "0%",
    "항목_67": "0%",
    "항목_68": "0%",
    "항목_69": "평가참고사항"
  }
}