{
  "기본정보": {
    "항목_0": "1 / 2",
    "항목_1": "전북대학교 강의계획서 (2025년 1학기)",
    "항목_2": "교과목 코드",
    "항목_3": "E-mail",
    "항목_4": "seunghwayoo@jbnu.ac.kr",
    "항목_5": "전공선택",
    "항목_6": "연구실",
    "항목_7": "공대1호관 136호",
    "항목_8": "담당교수명",
    "항목_9": "연락처",
    "항목_10": "유승화",
    "항목_11": "063-270-4995",
    "항목_12": "1",
    "항목_13": "3",
    "항목_14": "0000128038",
    "항목_15": "학점",
    "항목_16": "분반",
    "항목_17": "교과목 구분",
    "항목_18": "교과목명",
    "항목_19": "양자시스템공학캡스톤프로젝트",
    "항목_20": "학과/학년",
    "항목_21": "양자시스템공학과 4",
    "항목_22": "상담가능시간",
    "항목_23": "수업시간 외 조율",
    "항목_24": "1. 강의 기본정보",
    "항목_25": "강의실",
    "전주": "공과대학 1호관 304",
    "항목_27": "요일/시간",
    "항목_28": "금 6-A,금 6-B,금 7-A,금 7-B,금 8-A,금 8-B,금 9-A,금 9-B",
    "항목_29": "수업목표",
    "항목_30": "- 양자시스템공학 전반(원자력,방사선 안전 및 규제 분야 포함) 참신한 종합설계 주제 도출\n- 팀 활동을 통한 협업 능력 향상 및 성과물 창출\n- 성과발표회를 통한 발표능력 향상"
  },
  "평가방법": {
    "항목_0": "A(%)",
    "항목_1": "A+B(%)",
    "항목_2": "C이하(%)",
    "항목_3": "총비율",
    "항목_4": "100%",
    "항목_5": "절대평가 기준",
    "항목_6": "상대평가 비율",
    "항목_7": "상대평가Ⅰ(A30%)",
    "항목_8": "- 강의",
    "항목_9": "√",
    "항목_10": "√",
    "기타": "",
    "항목_12": "- 과제",
    "항목_13": "√",
    "항목_14": "* 장애학생 교수학습지원 사항",
    "항목_15": "- 평가",
    "항목_16": "√",
    "항목_17": "참고\n사항",
    "항목_18": "강의 파일, 자료 등 제공",
    "항목_19": "좌석배치(지정좌석) 조정",
    "항목_20": "과제 제출기한 연장",
    "항목_21": "대안적 과제 제시",
    "항목_22": "시험시간 연장",
    "항목_23": "별도의 시험 장소 제공",
    "항목_24": "※ 위 지원사항 등을 포함한 강의, 과제, 시험 등 학습과정에서 장애로 인하여 추가 지원이\n     필요한 경우 개강전 담당강사 및 장애학습 지원센터를 통해 문의 바랍니다.",
    "그 외(필요시 자유로이 추가 기술)": "",
    "항목_26": "주별",
    "항목_27": "수업목표",
    "항목_28": "수업내용",
    "항목_29": "수업방식",
    "항목_30": "주별 강의내용",
    "항목_31": "자료, 과제 및\n기타 참고사항",
    "항목_32": "온라인",
    "항목_33": "오프라인",
    "항목_34": "수업방식별시간",
    "항목_35": "1주",
    "항목_36": "교과목 소개 및 팀 구성",
    "항목_37": "교과목 소개 및 팀 구성",
    "항목_38": "실습",
    "항목_39": "원자력, 방사선의 안전 및 규제에 관한 주제 가점, 학회 워크숍 등 발표 가점"
  },
  "핵심역량": {
    "항목_0": "직전강의평가\n및\nCQI반영사항",
    "항목_1": "해당 없음",
    "항목_2": "구분",
    "항목_3": "소통역량",
    "항목_4": "창의역량",
    "항목_5": "인성역량",
    "항목_6": "실무역량",
    "항목_7": "도전역량",
    "항목_8": "문화역량",
    "항목_9": "합계",
    "항목_10": "대표역량",
    "항목_11": "비율(%)",
    "항목_12": "10",
    "항목_13": "25",
    "항목_14": "10",
    "항목_15": "30",
    "항목_16": "20",
    "항목_17": "5",
    "항목_18": "100",
    "항목_19": "교과목간의\n연계성",
    "항목_20": "주교재",
    "항목_21": "연구실 별 학습자료",
    "항목_22": "저자",
    "항목_23": "참고자료",
    "항목_24": "연구실",
    "항목_25": "출판사",
    "항목_26": "전북대학교",
    "항목_27": "출판년도",
    "항목_28": "2023",
    "항목_29": "교재언어",
    "항목_30": "권장 선수과목",
    "항목_31": "한국어",
    "항목_32": "강의언어",
    "항목_33": "한국어",
    "항목_34": "필요 기자재",
    "항목_35": "권장 후수과목",
    "항목_36": "DA",
    "항목_37": "수업방식\n(복수가능√)",
    "항목_38": "강의",
    "항목_39": "발표/토론",
    "항목_40": "PBL",
    "항목_41": "플립러닝",
    "항목_42": "LMS활용",
    "항목_43": "실험실습",
    "항목_44": "기타",
    "항목_45": "√",
    "항목_46": "√",
    "항목_47": "수업운영방향",
    "항목_48": "평가계획\n(100%)",
    "항목_49": "중간",
    "항목_50": "기말",
    "항목_51": "출석",
    "항목_52": "과제물",
    "항목_53": "안전교육",
    "항목_54": "발표/토론",
    "항목_55": "수업태도",
    "항목_56": "기타",
    "항목_57": "0%",
    "항목_58": "0%",
    "항목_59": "10%",
    "항목_60": "90%",
    "항목_61": "0%",
    "항목_62": "0%",
    "항목_63": "0%",
    "항목_64": "0%",
    "항목_65": "평가참고사항"
  }
}