{
  "기본정보": {
    "항목_0": "1 / 2",
    "항목_1": "전북대학교 강의계획서 (2025년 1학기)",
    "항목_2": "교과목 코드",
    "항목_3": "E-mail",
    "항목_4": "hseo@jbnu.ac.kr",
    "항목_5": "전공선택",
    "항목_6": "연구실",
    "항목_7": "공대2호관 115-1호",
    "항목_8": "담당교수명",
    "항목_9": "연락처",
    "항목_10": "서희",
    "항목_11": "063-270-4230",
    "항목_12": "1",
    "항목_13": "3",
    "항목_14": "0000130093",
    "항목_15": "학점",
    "항목_16": "분반",
    "항목_17": "교과목 구분",
    "항목_18": "교과목명",
    "항목_19": "방사선의료공학",
    "항목_20": "학과/학년",
    "항목_21": "양자시스템공학과 4",
    "항목_22": "상담가능시간",
    "항목_23": "금 10~12시",
    "항목_24": "1. 강의 기본정보",
    "항목_25": "강의실",
    "전주": "공과대학 1호관 303",
    "항목_27": "요일/시간",
    "항목_28": "월 3-A,월 3-B,월 4-A,월 4-B,수 3-A,수 3-B",
    "항목_29": "수업목표",
    "항목_30": "본 교과목을 통해 질병의 진단 및 치료에 활용되는 방사선의 의료적 이용에 대해 살펴보고, 안전한 이용을 위한 방사선 차폐설계에 대해 이해하는 것을 목표로 한다."
  },
  "평가방법": {
    "항목_0": "A(%)",
    "항목_1": "A+B(%)",
    "항목_2": "C이하(%)",
    "항목_3": "총비율",
    "항목_4": "100%",
    "항목_5": "절대평가 기준",
    "항목_6": "상대평가 비율",
    "항목_7": "상대평가Ⅰ(A30%)",
    "항목_8": "- 강의",
    "항목_9": "√",
    "항목_10": "√",
    "기타": "",
    "항목_12": "- 과제",
    "항목_13": "* 장애학생 교수학습지원 사항",
    "항목_14": "- 평가",
    "항목_15": "참고\n사항",
    "항목_16": "강의 파일, 자료 등 제공",
    "항목_17": "좌석배치(지정좌석) 조정",
    "항목_18": "과제 제출기한 연장",
    "항목_19": "대안적 과제 제시",
    "항목_20": "시험시간 연장",
    "항목_21": "별도의 시험 장소 제공",
    "항목_22": "※ 위 지원사항 등을 포함한 강의, 과제, 시험 등 학습과정에서 장애로 인하여 추가 지원이\n     필요한 경우 개강전 담당강사 및 장애학습 지원센터를 통해 문의 바랍니다.",
    "그 외(필요시 자유로이 추가 기술)": "",
    "항목_24": "주별",
    "항목_25": "수업목표",
    "항목_26": "수업내용",
    "항목_27": "수업방식",
    "항목_28": "주별 강의내용",
    "항목_29": "자료, 과제 및\n기타 참고사항",
    "항목_30": "온라인",
    "항목_31": "오프라인",
    "항목_32": "수업방식별시간",
    "항목_33": "1주",
    "항목_34": "의료영상 기술",
    "항목_35": "의료영상기술 개요",
    "항목_36": "오프라인"
  },
  "핵심역량": {
    "항목_0": "직전강의평가\n및\nCQI반영사항",
    "항목_1": "해당사항 없음",
    "항목_2": "구분",
    "항목_3": "소통역량",
    "항목_4": "창의역량",
    "항목_5": "인성역량",
    "항목_6": "실무역량",
    "항목_7": "도전역량",
    "항목_8": "문화역량",
    "항목_9": "합계",
    "항목_10": "대표역량",
    "항목_11": "비율(%)",
    "항목_12": "10",
    "항목_13": "30",
    "항목_14": "10",
    "항목_15": "30",
    "항목_16": "10",
    "항목_17": "10",
    "항목_18": "100",
    "항목_19": "교과목간의\n연계성",
    "항목_20": "주교재",
    "항목_21": "Physics of Radiology",
    "항목_22": "저자",
    "항목_23": "참고자료",
    "항목_24": "- Faiz M. Khan, The Physics of Radiation Therapy, LIPPINCOTT WILLIAMS & WILKINS, 5th Ed. (2014)\n- 이재기, 방사선방호원론, 한국방사선진흥협회 (2016)",
    "항목_25": "Anthony B. Wolbarst",
    "항목_26": "출판사",
    "항목_27": "Prentice-Hall International",
    "항목_28": "출판년도",
    "항목_29": "1993",
    "항목_30": "교재언어",
    "항목_31": "권장 선수과목",
    "항목_32": "영어",
    "항목_33": "강의언어",
    "항목_34": "한국어",
    "항목_35": "필요 기자재",
    "항목_36": "권장 후수과목",
    "항목_37": "DA",
    "항목_38": "수업방식\n(복수가능√)",
    "항목_39": "강의",
    "항목_40": "발표/토론",
    "항목_41": "PBL",
    "항목_42": "플립러닝",
    "항목_43": "LMS활용",
    "항목_44": "실험실습",
    "항목_45": "기타",
    "항목_46": "√",
    "항목_47": "√",
    "항목_48": "수업운영방향",
    "항목_49": "평가계획\n(100%)",
    "항목_50": "중간",
    "항목_51": "기말",
    "항목_52": "출석",
    "항목_53": "과제물",
    "항목_54": "안전교육",
    "항목_55": "발표/토론",
    "항목_56": "수업태도",
    "항목_57": "기타",
    "항목_58": "40%",
    "항목_59": "40%",
    "항목_60": "10%",
    "항목_61": "10%",
    "항목_62": "0%",
    "항목_63": "0%",
    "항목_64": "0%",
    "항목_65": "0%",
    "항목_66": "평가참고사항"
  }
}