{
  "기본정보": {
    "항목_0": "1 / 2",
    "항목_1": "전북대학교 강의계획서 (2025년 1학기)",
    "항목_2": "교과목 코드",
    "항목_3": "E-mail",
    "항목_4": "minsik@jbnu.ac.kr",
    "항목_5": "전공필수",
    "항목_6": "연구실",
    "항목_7": "담당교수명",
    "항목_8": "연락처",
    "항목_9": "김민식",
    "항목_10": "2443",
    "항목_11": "1",
    "항목_12": "2",
    "항목_13": "0000123467",
    "항목_14": "학점",
    "항목_15": "분반",
    "항목_16": "교과목 구분",
    "항목_17": "교과목명",
    "항목_18": "환경공학실험 1",
    "항목_19": "학과/학년",
    "항목_20": "토목/환경/자원.에너지공학부(환경공학) 2",
    "항목_21": "상담가능시간",
    "항목_22": "1. 강의 기본정보",
    "항목_23": "강의실",
    "전주": "공과대학 6호관 516",
    "항목_25": "요일/시간",
    "항목_26": "화 6-A,화 6-B,화 7-A,화 7-B,화 8-A,화 8-B,화 9-A,화 9-B",
    "항목_27": "수업목표",
    "항목_28": "1. 수질오염공정시험기준, 대기오염공정시험기준, 폐기물오염공정시험기준, 토양오염공정시험기준을 참조하여 환경기초자료를 실험을 통하여 확보할 수 있다."
  },
  "평가방법": {
    "항목_0": "A(%)",
    "항목_1": "A+B(%)",
    "항목_2": "C이하(%)",
    "항목_3": "총비율",
    "항목_4": "0",
    "항목_5": "0",
    "항목_6": "0",
    "항목_7": "100%",
    "항목_8": "절대평가 기준",
    "항목_9": "상대평가 비율",
    "항목_10": ".",
    "항목_11": "절대평가",
    "항목_12": "- 강의",
    "기타": "",
    "항목_14": "- 과제",
    "항목_15": "√",
    "항목_16": "* 장애학생 교수학습지원 사항",
    "항목_17": "- 평가",
    "항목_18": "√",
    "항목_19": "참고\n사항",
    "항목_20": "강의 파일, 자료 등 제공",
    "항목_21": "좌석배치(지정좌석) 조정",
    "항목_22": "과제 제출기한 연장",
    "항목_23": "대안적 과제 제시",
    "항목_24": "시험시간 연장",
    "항목_25": "별도의 시험 장소 제공",
    "항목_26": "※ 위 지원사항 등을 포함한 강의, 과제, 시험 등 학습과정에서 장애로 인하여 추가 지원이\n     필요한 경우 개강전 담당강사 및 장애학습 지원센터를 통해 문의 바랍니다.",
    "그 외(필요시 자유로이 추가 기술)": "",
    "항목_28": "주별",
    "항목_29": "수업목표",
    "항목_30": "수업내용",
    "항목_31": "수업방식",
    "항목_32": "주별 강의내용",
    "항목_33": "자료, 과제 및\n기타 참고사항",
    "항목_34": "온라인",
    "항목_35": "오프라인",
    "항목_36": "수업방식별시간",
    "항목_37": "1주",
    "항목_38": "환경공학실험 1에 대한 개관 및 교과목 진행 일정 소개",
    "항목_39": "강의"
  },
  "핵심역량": {
    "항목_0": "직전강의평가\n및\nCQI반영사항",
    "항목_1": "예비 및 결과 실험보고서 작성 방식에 대한 자율화 (수기, 전자파일 등) 실시",
    "항목_2": "구분",
    "항목_3": "소통역량",
    "항목_4": "창의역량",
    "항목_5": "인성역량",
    "항목_6": "실무역량",
    "항목_7": "도전역량",
    "항목_8": "문화역량",
    "항목_9": "합계",
    "항목_10": "대표역량",
    "항목_11": "비율(%)",
    "항목_12": "20",
    "항목_13": "30",
    "항목_14": "0",
    "항목_15": "50",
    "항목_16": "0",
    "항목_17": "0",
    "항목_18": "100",
    "항목_19": "교과목간의\n연계성",
    "항목_20": "주교재",
    "항목_21": "저자",
    "항목_22": "참고자료",
    "항목_23": "출판사",
    "항목_24": "출판년도",
    "항목_25": "교재언어",
    "항목_26": "권장 선수과목",
    "항목_27": "강의언어",
    "항목_28": "한국어",
    "항목_29": "필요 기자재",
    "항목_30": "일반화학실험 2",
    "항목_31": "권장 후수과목",
    "항목_32": "DA",
    "항목_33": "수업방식\n(복수가능√)",
    "항목_34": "강의",
    "항목_35": "발표/토론",
    "항목_36": "PBL",
    "항목_37": "플립러닝",
    "항목_38": "LMS활용",
    "항목_39": "실험실습",
    "항목_40": "기타",
    "항목_41": "√",
    "항목_42": "√",
    "항목_43": "수업운영방향",
    "항목_44": "평가계획\n(100%)",
    "항목_45": "중간",
    "항목_46": "기말",
    "항목_47": "출석",
    "항목_48": "과제물",
    "항목_49": "안전교육",
    "항목_50": "발표/토론",
    "항목_51": "수업태도",
    "항목_52": "기타",
    "항목_53": "%",
    "항목_54": "20%",
    "항목_55": "%",
    "항목_56": "%",
    "항목_57": "%",
    "항목_58": "%",
    "항목_59": "%",
    "항목_60": "%",
    "항목_61": "평가참고사항"
  }
}