{
  "기본정보": {
    "항목_0": "1 / 2",
    "항목_1": "전북대학교 강의계획서 (2025년 1학기)",
    "항목_2": "교과목 코드",
    "항목_3": "E-mail",
    "항목_4": "misoh@jbnua.ckr",
    "항목_5": "전공선택",
    "항목_6": "연구실",
    "항목_7": "공대 4202호",
    "항목_8": "담당교수명",
    "항목_9": "연락처",
    "항목_10": "오민석",
    "항목_11": "063-270-2297",
    "항목_12": "2",
    "항목_13": "3",
    "항목_14": "0000117075",
    "항목_15": "학점",
    "항목_16": "분반",
    "항목_17": "교과목 구분",
    "항목_18": "교과목명",
    "항목_19": "캡스톤디자인",
    "항목_20": "학과/학년",
    "항목_21": "신소재(금속시스템) 4",
    "항목_22": "상담가능시간",
    "항목_23": "이메일로 상담시간 조율 후 실시",
    "항목_24": "1. 강의 기본정보",
    "항목_25": "강의실",
    "전주": "공과대학 4호관 402",
    "항목_27": "요일/시간",
    "항목_28": "수 8-A,수 8-B,수 9-A,수 9-B,수 10-A,수 10-B,목 8-A,목 8-B,목 9-A,목 9-B,목 1",
    "항목_29": "수업목표",
    "항목_30": "다양한 자료를 검색하고 이를 분석하여 설계목표를 설정하는 능력을 배양하고, 과제수행을 통한 팀웍, 제안서 작성과 보고서 작성 및 발표능력을 배양하며, 아이디어 도출과정에 적극적으로 참여함으로써 독창적인 아이디어 개발능력을 신장시키고, 실험실습을 통한 실무능력을 기르도록 함으로써 종합적 공학설계능력을 함양토록 함"
  },
  "평가방법": {
    "항목_0": "A(%)",
    "항목_1": "A+B(%)",
    "항목_2": "C이하(%)",
    "항목_3": "총비율",
    "항목_4": "100%",
    "항목_5": "절대평가 기준",
    "항목_6": "상대평가 비율",
    "항목_7": "상대평가Ⅰ(A30%)",
    "항목_8": "- 강의",
    "항목_9": "√",
    "기타": "",
    "항목_11": "- 과제",
    "항목_12": "√",
    "항목_13": "* 장애학생 교수학습지원 사항",
    "항목_14": "- 평가",
    "항목_15": "√",
    "항목_16": "참고\n사항",
    "항목_17": "강의 파일, 자료 등 제공",
    "항목_18": "좌석배치(지정좌석) 조정",
    "항목_19": "과제 제출기한 연장",
    "항목_20": "대안적 과제 제시",
    "항목_21": "시험시간 연장",
    "항목_22": "별도의 시험 장소 제공",
    "항목_23": "※ 위 지원사항 등을 포함한 강의, 과제, 시험 등 학습과정에서 장애로 인하여 추가 지원이\n     필요한 경우 개강전 담당강사 및 장애학습 지원센터를 통해 문의 바랍니다.",
    "그 외(필요시 자유로이 추가 기술)": "",
    "항목_25": "주별",
    "항목_26": "수업목표",
    "항목_27": "수업내용",
    "항목_28": "수업방식",
    "항목_29": "주별 강의내용",
    "항목_30": "자료, 과제 및\n기타 참고사항",
    "항목_31": "온라인",
    "항목_32": "오프라인",
    "항목_33": "수업방식별시간",
    "항목_34": "1주",
    "항목_35": "-？강의계획서？설명,？프로젝트？설명\n-？보고서？작성,？슬라이드？제작？및？구술발표？요령",
    "항목_36": "각 팀의 지도교수와 프로젝트 상담 및 직접 제작",
    "항목_37": "대면수업 중심이며 코로나 지침에 맞게 유동적으로 운영"
  },
  "핵심역량": {
    "항목_0": "직전강의평가\n및\nCQI반영사항",
    "항목_1": "학기 중간에 실질적인 학점 체크를 하도록 함.",
    "항목_2": "구분",
    "항목_3": "소통역량",
    "항목_4": "창의역량",
    "항목_5": "인성역량",
    "항목_6": "실무역량",
    "항목_7": "도전역량",
    "항목_8": "문화역량",
    "항목_9": "합계",
    "항목_10": "대표역량",
    "항목_11": "비율(%)",
    "항목_12": "10",
    "항목_13": "25",
    "항목_14": "10",
    "항목_15": "30",
    "항목_16": "20",
    "항목_17": "5",
    "항목_18": "100",
    "항목_19": "교과목간의\n연계성",
    "항목_20": "주교재",
    "항목_21": "창의적공학설계1,2(서영성외),？피어슨？에듀케이션코리아-서영성외-？피어슨？에듀케이션코리아-2007",
    "항목_22": "저자",
    "항목_23": "참고자료",
    "항목_24": "서영성외",
    "항목_25": "출판사",
    "항목_26": "？피어슨？에듀케이션코리아",
    "항목_27": "출판년도",
    "항목_28": "2007",
    "항목_29": "교재언어",
    "항목_30": "권장 선수과목",
    "항목_31": "한국어",
    "항목_32": "강의언어",
    "항목_33": "한국어",
    "항목_34": "필요 기자재",
    "항목_35": "공학설계입문",
    "항목_36": "권장 후수과목",
    "항목_37": "DA",
    "항목_38": "수업방식\n(복수가능√)",
    "항목_39": "강의",
    "항목_40": "발표/토론",
    "항목_41": "PBL",
    "항목_42": "플립러닝",
    "항목_43": "LMS활용",
    "항목_44": "실험실습",
    "항목_45": "기타",
    "항목_46": "√",
    "항목_47": "√",
    "항목_48": "수업운영방향",
    "항목_49": "평가계획\n(100%)",
    "항목_50": "중간",
    "항목_51": "기말",
    "항목_52": "출석",
    "항목_53": "과제물",
    "항목_54": "안전교육",
    "항목_55": "발표/토론",
    "항목_56": "수업태도",
    "항목_57": "기타",
    "항목_58": "0%",
    "항목_59": "10%",
    "항목_60": "30%",
    "항목_61": "50%",
    "항목_62": "10%",
    "항목_63": "0%",
    "항목_64": "0%",
    "항목_65": "0%",
    "항목_66": "평가참고사항"
  }
}