{
  "기본정보": {
    "항목_0": "1 / 2",
    "항목_1": "전북대학교 강의계획서 (2025년 1학기)",
    "항목_2": "교과목 코드",
    "항목_3": "E-mail",
    "항목_4": "01092461532@daum.net",
    "항목_5": "전공선택",
    "항목_6": "연구실",
    "항목_7": "담당교수명",
    "항목_8": "연락처",
    "항목_9": "안영신",
    "항목_10": "010.9246.1532",
    "항목_11": "1",
    "항목_12": "3",
    "항목_13": "0000120355",
    "항목_14": "학점",
    "항목_15": "분반",
    "항목_16": "교과목 구분",
    "항목_17": "교과목명",
    "항목_18": "모바일앱프로그래밍",
    "항목_19": "학과/학년",
    "항목_20": "소프트웨어공 3",
    "항목_21": "상담가능시간",
    "항목_22": "예약후 수시",
    "항목_23": "1. 강의 기본정보",
    "항목_24": "강의실",
    "전주": "공과대학 5호관 507",
    "항목_26": "요일/시간",
    "항목_27": "월 6-A,월 6-B,월 7-A,월 7-B,수 6-A,수 6-B",
    "항목_28": "수업목표",
    "항목_29": "모바일 앱프로그래밍 교과목은 다음의 수업목표를 갖고 있습니다. \n - 스마트 기기에서 가장 널리 사용되고 있는 안드로이드 운영체제의 특성에 대한 이해\n - Google에서 제공하는 안드로이드 SDK를 활용한 안드로이드 앱 프로그래밍을 위한 지식 학습\n - 실제 앱을 제작하여 안드로이드 프로그래밍 실력을 향상"
  },
  "평가방법": {
    "항목_0": "A(%)",
    "항목_1": "A+B(%)",
    "항목_2": "C이하(%)",
    "항목_3": "총비율",
    "항목_4": "0",
    "항목_5": "0",
    "항목_6": "0",
    "항목_7": "100%",
    "항목_8": "절대평가 기준",
    "항목_9": "상대평가 비율",
    "항목_10": "상대평가Ⅰ(A30%)",
    "항목_11": "- 강의",
    "기타": "",
    "항목_13": "- 과제",
    "항목_14": "* 장애학생 교수학습지원 사항",
    "항목_15": "- 평가",
    "항목_16": "참고\n사항",
    "항목_17": "강의 파일, 자료 등 제공",
    "항목_18": "좌석배치(지정좌석) 조정",
    "항목_19": "과제 제출기한 연장",
    "항목_20": "대안적 과제 제시",
    "항목_21": "시험시간 연장",
    "항목_22": "별도의 시험 장소 제공",
    "항목_23": "※ 위 지원사항 등을 포함한 강의, 과제, 시험 등 학습과정에서 장애로 인하여 추가 지원이\n     필요한 경우 개강전 담당강사 및 장애학습 지원센터를 통해 문의 바랍니다.",
    "항목_24": "√",
    "그 외(필요시 자유로이 추가 기술)": "",
    "항목_26": "주별",
    "항목_27": "수업목표",
    "항목_28": "수업내용",
    "항목_29": "수업방식",
    "항목_30": "주별 강의내용",
    "항목_31": "자료, 과제 및\n기타 참고사항",
    "항목_32": "온라인",
    "항목_33": "오프라인",
    "항목_34": "수업방식별시간",
    "항목_35": "1주",
    "항목_36": "강의 소개 및 사전이해도 조사",
    "항목_37": "안드로이드 개요",
    "항목_38": "강의",
    "항목_39": "첫시간 수업에 꼭 참석하기 바랍니다!!"
  },
  "핵심역량": {
    "항목_0": "직전강의평가\n및\nCQI반영사항",
    "항목_1": "학생 발표 후 중요한 부분을 정리할 필요가 있음.",
    "항목_2": "구분",
    "항목_3": "소통역량",
    "항목_4": "창의역량",
    "항목_5": "인성역량",
    "항목_6": "실무역량",
    "항목_7": "도전역량",
    "항목_8": "문화역량",
    "항목_9": "합계",
    "항목_10": "대표역량",
    "항목_11": "비율(%)",
    "항목_12": "20",
    "항목_13": "30",
    "항목_14": "0",
    "항목_15": "50",
    "항목_16": "0",
    "항목_17": "0",
    "항목_18": "100",
    "항목_19": "교과목간의\n연계성",
    "항목_20": "주교재",
    "항목_21": "Android Studio를 활용한 안드로이드 프로그래밍(9판)",
    "항목_22": "저자",
    "항목_23": "참고자료",
    "항목_24": "코틀린을 활용한 안드로이드 프로그래밍",
    "항목_25": "우재남, 박길식",
    "항목_26": "출판사",
    "항목_27": "한빛아카데미",
    "항목_28": "출판년도",
    "항목_29": "2024",
    "항목_30": "교재언어",
    "항목_31": "권장 선수과목",
    "항목_32": "한국어",
    "항목_33": "강의언어",
    "항목_34": "한국어",
    "항목_35": "필요 기자재",
    "항목_36": "JAVA 프로그래밍",
    "항목_37": "권장 후수과목",
    "항목_38": "DA",
    "항목_39": "수업방식\n(복수가능√)",
    "항목_40": "강의",
    "항목_41": "발표/토론",
    "항목_42": "PBL",
    "항목_43": "플립러닝",
    "항목_44": "LMS활용",
    "항목_45": "실험실습",
    "항목_46": "기타",
    "항목_47": "√",
    "항목_48": "√",
    "항목_49": "√",
    "항목_50": "수업운영방향",
    "항목_51": "평가계획\n(100%)",
    "항목_52": "중간",
    "항목_53": "기말",
    "항목_54": "출석",
    "항목_55": "과제물",
    "항목_56": "안전교육",
    "항목_57": "발표/토론",
    "항목_58": "수업태도",
    "항목_59": "기타",
    "항목_60": "15%",
    "항목_61": "30%",
    "항목_62": "10%",
    "항목_63": "25%",
    "항목_64": "0%",
    "항목_65": "10%",
    "항목_66": "10%",
    "항목_67": "0%",
    "항목_68": "평가참고사항"
  }
}