{
  "기본정보": {
    "항목_0": "1 / 2",
    "항목_1": "전북대학교 강의계획서 (2025년 1학기)",
    "항목_2": "교과목 코드",
    "항목_3": "E-mail",
    "항목_4": "hgjeong@jbnu.ac.kr",
    "항목_5": "전공선택",
    "항목_6": "연구실",
    "항목_7": "담당교수명",
    "항목_8": "연락처",
    "항목_9": "정항근",
    "항목_10": "3",
    "항목_11": "3",
    "항목_12": "0000127388",
    "항목_13": "학점",
    "항목_14": "분반",
    "항목_15": "교과목 구분",
    "항목_16": "교과목명",
    "항목_17": "반도체물리전자",
    "항목_18": "학과/학년",
    "항목_19": "전자공학부 3",
    "항목_20": "상담가능시간",
    "항목_21": "1. 강의 기본정보",
    "항목_22": "강의실",
    "전주": "공과대학 3호관 310",
    "항목_24": "요일/시간",
    "항목_25": "월 1-A,월 1-B,월 2-A,월 2-B,수 1-A,수 1-B",
    "항목_26": "수업목표",
    "항목_27": "본 과목의 궁극적 목표는 반도체 소자 동작의 이해이다. 이를 위하여 먼저 고체물리의 기본 개념을 공부한다. 이어서 에너지 밴드 이론, 캐리어 농도와 이동, 생성과 재결합, 연속 방정식을 이해한다. 이를 기초로 가장 기본적인 반도체 소자인 pn 접합의 동작 원리와 수학적 모델을 이해한다."
  },
  "평가방법": {
    "항목_0": "A(%)",
    "항목_1": "A+B(%)",
    "항목_2": "C이하(%)",
    "항목_3": "총비율",
    "항목_4": "40",
    "항목_5": "80",
    "항목_6": "20",
    "항목_7": "100%",
    "항목_8": "절대평가 기준",
    "항목_9": "상대평가 비율",
    "항목_10": "상대평가Ⅱ",
    "항목_11": "- 강의",
    "항목_12": "√",
    "항목_13": "√",
    "기타": "",
    "항목_15": "- 과제",
    "항목_16": "√",
    "항목_17": "* 장애학생 교수학습지원 사항",
    "항목_18": "- 평가",
    "항목_19": "√",
    "항목_20": "√",
    "항목_21": "√",
    "항목_22": "참고\n사항",
    "항목_23": "강의 파일, 자료 등 제공",
    "항목_24": "좌석배치(지정좌석) 조정",
    "항목_25": "과제 제출기한 연장",
    "항목_26": "대안적 과제 제시",
    "항목_27": "시험시간 연장",
    "항목_28": "별도의 시험 장소 제공",
    "항목_29": "※ 위 지원사항 등을 포함한 강의, 과제, 시험 등 학습과정에서 장애로 인하여 추가 지원이\n     필요한 경우 개강전 담당강사 및 장애학습 지원센터를 통해 문의 바랍니다.",
    "그 외(필요시 자유로이 추가 기술)": "",
    "항목_31": "주별",
    "항목_32": "수업목표",
    "항목_33": "수업내용",
    "항목_34": "수업방식",
    "항목_35": "주별 강의내용",
    "항목_36": "자료, 과제 및\n기타 참고사항",
    "항목_37": "온라인",
    "항목_38": "오프라인",
    "항목_39": "수업방식별시간",
    "항목_40": "1주",
    "항목_41": "Introduction, The Semiconductor Industry, Blackbody Radiation, Photoelectric Effect",
    "항목_42": "강의",
    "항목_43": "매 시간 퀴즈"
  },
  "핵심역량": {
    "항목_0": "직전강의평가\n및\nCQI반영사항",
    "항목_1": "숙제 비중 하향 조정",
    "항목_2": "구분",
    "항목_3": "소통역량",
    "항목_4": "창의역량",
    "항목_5": "인성역량",
    "항목_6": "실무역량",
    "항목_7": "도전역량",
    "항목_8": "문화역량",
    "항목_9": "합계",
    "항목_10": "대표역량",
    "항목_11": "비율(%)",
    "항목_12": "0",
    "항목_13": "0",
    "항목_14": "0",
    "항목_15": "100",
    "항목_16": "0",
    "항목_17": "0",
    "항목_18": "100",
    "항목_19": "교과목간의\n연계성",
    "항목_20": "주교재",
    "항목_21": "Modern Physics, 5th ed.",
    "항목_22": "저자",
    "항목_23": "참고자료",
    "항목_24": "Modern Semiconductor Devices for Integrated Circuits by Chenming Hu Ch1~Ch4",
    "항목_25": "Paul A. Tipler, Ralph A. Llewellyn",
    "항목_26": "출판사",
    "항목_27": "W. H. Freeman and Company",
    "항목_28": "출판년도",
    "항목_29": "5th Edition",
    "항목_30": "교재언어",
    "항목_31": "권장 선수과목",
    "항목_32": "영어",
    "항목_33": "강의언어",
    "항목_34": "한국어",
    "항목_35": "필요 기자재",
    "항목_36": "일반물리학\n대학수학",
    "항목_37": "권장 후수과목",
    "항목_38": "DA",
    "항목_39": "수업방식\n(복수가능√)",
    "항목_40": "강의",
    "항목_41": "발표/토론",
    "항목_42": "PBL",
    "항목_43": "플립러닝",
    "항목_44": "LMS활용",
    "항목_45": "실험실습",
    "항목_46": "기타",
    "항목_47": "√",
    "항목_48": "√",
    "항목_49": "수업운영방향",
    "항목_50": "평가계획\n(100%)",
    "항목_51": "중간",
    "항목_52": "기말",
    "항목_53": "출석",
    "항목_54": "과제물",
    "항목_55": "안전교육",
    "항목_56": "발표/토론",
    "항목_57": "수업태도",
    "항목_58": "기타",
    "항목_59": "40%",
    "항목_60": "40%",
    "항목_61": "0%",
    "항목_62": "5%",
    "항목_63": "0%",
    "항목_64": "0%",
    "항목_65": "0%",
    "항목_66": "15%",
    "항목_67": "평가참고사항"
  }
}