{
  "기본정보": {
    "항목_0": "1 / 2",
    "항목_1": "전북대학교 강의계획서 (2025년 1학기)",
    "항목_2": "교과목 코드",
    "항목_3": "E-mail",
    "항목_4": "goody0418@jbnu.ac.kr",
    "항목_5": "전공필수",
    "항목_6": "연구실",
    "항목_7": "공대1호관 328호",
    "항목_8": "담당교수명",
    "항목_9": "연락처",
    "항목_10": "유창호",
    "항목_11": "063-472-2898",
    "항목_12": "3",
    "항목_13": "3",
    "항목_14": "0000103697",
    "항목_15": "학점",
    "항목_16": "분반",
    "항목_17": "교과목 구분",
    "항목_18": "교과목명",
    "항목_19": "열역학",
    "항목_20": "학과/학년",
    "항목_21": "융합기술공학부(IT융합기전공학)(재) 3",
    "항목_22": "상담가능시간",
    "항목_23": "목, 금요일",
    "항목_24": "1. 강의 기본정보",
    "항목_25": "강의실",
    "전주": "공과대학 4호관 419",
    "항목_27": "요일/시간",
    "항목_28": "수 11-A,수 11-B,수 12-A,수 12-B,수 13-A,수 13-B",
    "항목_29": "수업목표",
    "항목_30": "열역학 분야의 개념과 정의들을 공학적인 관점에서 이해하고, 공학적인 관점에서 배운 개념과 정의들을 산업 현장에 적용할 수 있도록 한다. 또한 열역학을 기반으로 하여 열전달, 유체역학, 연소공학등에서 응용하여 문제 해결 능력을 배양할 수 있도록 한다. 또한,  '스마트제조고급인력양성'을 위한 이론지식을 배양하도록 한다."
  },
  "평가방법": {
    "항목_0": "A(%)",
    "항목_1": "A+B(%)",
    "항목_2": "C이하(%)",
    "항목_3": "총비율",
    "항목_4": "0",
    "항목_5": "0",
    "항목_6": "0",
    "항목_7": "100%",
    "항목_8": "절대평가 기준",
    "항목_9": "상대평가 비율",
    "항목_10": "상대평가Ⅰ(A40%)",
    "항목_11": "- 강의",
    "항목_12": "√",
    "기타": "",
    "항목_14": "- 과제",
    "항목_15": "√",
    "항목_16": "* 장애학생 교수학습지원 사항",
    "항목_17": "- 평가",
    "항목_18": "√",
    "항목_19": "참고\n사항",
    "항목_20": "강의 파일, 자료 등 제공",
    "항목_21": "좌석배치(지정좌석) 조정",
    "항목_22": "과제 제출기한 연장",
    "항목_23": "대안적 과제 제시",
    "항목_24": "시험시간 연장",
    "항목_25": "별도의 시험 장소 제공",
    "항목_26": "※ 위 지원사항 등을 포함한 강의, 과제, 시험 등 학습과정에서 장애로 인하여 추가 지원이\n     필요한 경우 개강전 담당강사 및 장애학습 지원센터를 통해 문의 바랍니다.",
    "그 외(필요시 자유로이 추가 기술)": "",
    "항목_28": "주별",
    "항목_29": "수업목표",
    "항목_30": "수업내용",
    "항목_31": "수업방식",
    "항목_32": "주별 강의내용",
    "항목_33": "자료, 과제 및\n기타 참고사항",
    "항목_34": "온라인",
    "항목_35": "오프라인",
    "항목_36": "수업방식별시간",
    "항목_37": "1주",
    "항목_38": "- 열역학 학습 목표 및 개요 설명\n- 역학의 기본 개념  (수학적 기초, 단위, 계 및 싸이클)",
    "항목_39": "- 열역학 학습 목표 및 개요 설명\n- 역학의 기본 개념  (수학적 기초, 단위, 계 및 싸이클)",
    "항목_40": "대면수업",
    "항목_41": "0",
    "항목_42": "3"
  },
  "핵심역량": {
    "항목_0": "직전강의평가\n및\nCQI반영사항",
    "항목_1": "반영사항 없음",
    "항목_2": "구분",
    "항목_3": "소통역량",
    "항목_4": "창의역량",
    "항목_5": "인성역량",
    "항목_6": "실무역량",
    "항목_7": "도전역량",
    "항목_8": "문화역량",
    "항목_9": "합계",
    "항목_10": "대표역량",
    "항목_11": "비율(%)",
    "항목_12": "20",
    "항목_13": "15",
    "항목_14": "20",
    "항목_15": "15",
    "항목_16": "15",
    "항목_17": "15",
    "항목_18": "100",
    "항목_19": "교과목간의\n연계성",
    "항목_20": "주교재",
    "열역학(제8판)": "Thermodynamics an Engineering Approach",
    "항목_22": "저자",
    "항목_23": "참고자료",
    "항목_24": "자체 제작한 수업자료 및 특강자료",
    "부준홍 외 7명, 원저": "Yunus A. Cengel",
    "항목_26": "출판사",
    "항목_27": "Mcgrawhill",
    "항목_28": "출판년도",
    "항목_29": "2015",
    "항목_30": "교재언어",
    "항목_31": "권장 선수과목",
    "항목_32": "한국어",
    "항목_33": "강의언어",
    "항목_34": "한국어",
    "항목_35": "필요 기자재",
    "항목_36": "공업역학",
    "항목_37": "권장 후수과목",
    "항목_38": "DA",
    "항목_39": "수업방식\n(복수가능√)",
    "항목_40": "강의",
    "항목_41": "발표/토론",
    "항목_42": "PBL",
    "항목_43": "플립러닝",
    "항목_44": "LMS활용",
    "항목_45": "실험실습",
    "항목_46": "기타",
    "항목_47": "√",
    "항목_48": "√",
    "항목_49": "√",
    "항목_50": "√",
    "항목_51": "수업운영방향",
    "항목_52": "평가계획\n(100%)",
    "항목_53": "중간",
    "항목_54": "기말",
    "항목_55": "출석",
    "항목_56": "과제물",
    "항목_57": "안전교육",
    "항목_58": "발표/토론",
    "항목_59": "수업태도",
    "항목_60": "기타",
    "항목_61": "40%",
    "항목_62": "40%",
    "항목_63": "10%",
    "항목_64": "0%",
    "항목_65": "0%",
    "항목_66": "0%",
    "항목_67": "0%",
    "항목_68": "10%",
    "항목_69": "평가참고사항",
    "항목_70": "참여도, 중간고사, 기말고사, 출석, 쪽지시험 등의 종합적인 평가를 실시함. 기타는 쪽지시험으로 대체함."
  }
}