{
  "기본정보": {
    "항목_0": "1 / 2",
    "항목_1": "전북대학교 강의계획서 (2025년 1학기)",
    "항목_2": "교과목 코드",
    "항목_3": "E-mail",
    "항목_4": "hmino@jbnu.ac.kr",
    "항목_5": "전공필수",
    "항목_6": "연구실",
    "항목_7": "공과대학5호관 504-1호",
    "항목_8": "담당교수명",
    "항목_9": "연락처",
    "항목_10": "노혜민",
    "항목_11": "063-270-3613",
    "항목_12": "1",
    "항목_13": "3",
    "항목_14": "0000125861",
    "항목_15": "학점",
    "항목_16": "분반",
    "항목_17": "교과목 구분",
    "항목_18": "교과목명",
    "항목_19": "소프트웨어시스템분석및설계",
    "항목_20": "학과/학년",
    "항목_21": "소프트웨어공학과(재) 3",
    "항목_22": "상담가능시간",
    "항목_23": "수요일 14시~18시",
    "항목_24": "1. 강의 기본정보",
    "항목_25": "강의실",
    "전주": "공과대학 5호관 507",
    "항목_27": "요일/시간",
    "항목_28": "토 8-A,토 8-B,토 9-A,토 9-B,토 10-A,토 10-B",
    "항목_29": "수업목표",
    "항목_30": "소프트웨어 시스템의 개발은 분석, 설계, 구현 3가지 단계의 반복적이고 점진적인 과정을 통해 이루어 진다. 본 강좌에서는 시스템을 분석하고 설계하는데 고려되어야 하는 이슈들과 함께 분석 및 설계를 위하여 사용되는 방법론들과 기법들에 대하여 다룬다. 특히 UML(Unified Modeling Language)을 이용한 객체 지향 소프트웨어 개발과 관련된 사항을 중점적으로 다루며, 실제 사례를 통한 학습을 통하여 시스템 전체에 대한 분석 및 설계가 가능한 인력 양성을 목표로 한다."
  },
  "평가방법": {
    "항목_0": "A(%)",
    "항목_1": "A+B(%)",
    "항목_2": "C이하(%)",
    "항목_3": "총비율",
    "항목_4": "0",
    "항목_5": "0",
    "항목_6": "0",
    "항목_7": "100%",
    "항목_8": "절대평가 기준",
    "항목_9": "상대평가 비율",
    "항목_10": "상대평가Ⅰ(A40%)",
    "항목_11": "- 강의",
    "항목_12": "√",
    "기타": "",
    "항목_14": "- 과제",
    "항목_15": "√",
    "항목_16": "* 장애학생 교수학습지원 사항",
    "항목_17": "- 평가",
    "항목_18": "참고\n사항",
    "항목_19": "강의 파일, 자료 등 제공",
    "항목_20": "좌석배치(지정좌석) 조정",
    "항목_21": "과제 제출기한 연장",
    "항목_22": "대안적 과제 제시",
    "항목_23": "시험시간 연장",
    "항목_24": "별도의 시험 장소 제공",
    "항목_25": "※ 위 지원사항 등을 포함한 강의, 과제, 시험 등 학습과정에서 장애로 인하여 추가 지원이\n     필요한 경우 개강전 담당강사 및 장애학습 지원센터를 통해 문의 바랍니다.",
    "그 외(필요시 자유로이 추가 기술)": "",
    "항목_27": "주별",
    "항목_28": "수업목표",
    "항목_29": "수업내용",
    "항목_30": "수업방식",
    "항목_31": "주별 강의내용",
    "항목_32": "자료, 과제 및\n기타 참고사항",
    "항목_33": "온라인",
    "항목_34": "오프라인",
    "항목_35": "수업방식별시간"
  },
  "핵심역량": {
    "항목_0": "직전강의평가\n및\nCQI반영사항",
    "항목_1": "수업 내용 피드백",
    "항목_2": "구분",
    "항목_3": "소통역량",
    "항목_4": "창의역량",
    "항목_5": "인성역량",
    "항목_6": "실무역량",
    "항목_7": "도전역량",
    "항목_8": "문화역량",
    "항목_9": "합계",
    "항목_10": "대표역량",
    "항목_11": "비율(%)",
    "항목_12": "0",
    "항목_13": "80",
    "항목_14": "0",
    "항목_15": "10",
    "항목_16": "10",
    "항목_17": "0",
    "항목_18": "100",
    "항목_19": "교과목간의\n연계성",
    "항목_20": "주교재",
    "항목_21": "Hassan Gomaa, Software Modeling and Design",
    "항목_22": "저자",
    "항목_23": "참고자료",
    "항목_24": "Hassan Gomaa, Software Modeling and Design, Cambridge University Press\nMaciaszek, Requirements Analysis and System Design, Addison Wesley\nRobert C. Martin, UML for JAVA Programmers, Prentice Hall\nQuatrani, Visual modeling with IBM Rational Software Architect and UML, Addison Wesley",
    "항목_25": "Hassan Gomaa",
    "항목_26": "출판사",
    "항목_27": "Cambridge University Press.",
    "항목_28": "출판년도",
    "항목_29": "2011",
    "항목_30": "교재언어",
    "항목_31": "권장 선수과목",
    "항목_32": "영어",
    "항목_33": "강의언어",
    "항목_34": "한국어",
    "항목_35": "필요 기자재",
    "항목_36": "JAVA, C++ 프로그래밍",
    "항목_37": "권장 후수과목",
    "항목_38": "DA",
    "항목_39": "수업방식\n(복수가능√)",
    "항목_40": "강의",
    "항목_41": "발표/토론",
    "항목_42": "PBL",
    "항목_43": "플립러닝",
    "항목_44": "LMS활용",
    "항목_45": "실험실습",
    "항목_46": "기타",
    "항목_47": "√",
    "항목_48": "√",
    "항목_49": "수업운영방향",
    "항목_50": "평가계획\n(100%)",
    "항목_51": "중간",
    "항목_52": "기말",
    "항목_53": "출석",
    "항목_54": "과제물",
    "항목_55": "안전교육",
    "항목_56": "발표/토론",
    "항목_57": "수업태도",
    "항목_58": "기타",
    "항목_59": "35%",
    "항목_60": "35%",
    "항목_61": "10%",
    "항목_62": "20%",
    "항목_63": "0%",
    "항목_64": "0%",
    "항목_65": "0%",
    "항목_66": "0%",
    "항목_67": "평가참고사항"
  }
}