{
  "기본정보": {
    "항목_0": "1 / 2",
    "항목_1": "전북대학교 강의계획서 (2025년 1학기)",
    "항목_2": "교과목 코드",
    "항목_3": "E-mail",
    "항목_4": "kihangwon@jbnu.ac.kr",
    "항목_5": "전공필수",
    "항목_6": "연구실",
    "항목_7": "공대4호관 322호",
    "항목_8": "담당교수명",
    "항목_9": "연락처",
    "항목_10": "이덕진",
    "항목_11": "270-4764",
    "항목_12": "1",
    "항목_13": "3",
    "항목_14": "0000127077",
    "항목_15": "학점",
    "항목_16": "분반",
    "항목_17": "교과목 구분",
    "항목_18": "교과목명",
    "항목_19": "제어계측공학",
    "항목_20": "학과/학년",
    "항목_21": "기계설계(기계설계) 3",
    "항목_22": "상담가능시간",
    "항목_23": "1. 강의 기본정보",
    "항목_24": "강의실",
    "전주": "공과대학 9호관 206",
    "항목_26": "요일/시간",
    "항목_27": "화 8-A,화 8-B,목 6-A,목 6-B,목 7-A,목 7-B",
    "항목_28": "수업목표",
    "항목_29": "제어공학은 우주선시스템, 미사일시스템, 로봇시스템과 같은 공학 및 과학분야의 학생에게 매우 중요한 교과목이다. 제어 공학의 기본 개념을 이해하고 실제문제에 응용하여 기본적인 제어기의 설계를 할 수 있는 능력을 기른다. \n그렇기 때문에, 제어 시스템 기초를 다루기 전, 반드시 직전학기에 수강하였던 전기전자공학기초에서 7장 이후 내용을 수강해야 한다. 따라서, 이번학기에서는 전기전자공학 7장부터 수업을 진행하고, 마지막 챕터까지 진행한 다음, 아래의 제어계측공학커리쿨럼을 진행할 계획이다."
  },
  "평가방법": {
    "항목_0": "A(%)",
    "항목_1": "A+B(%)",
    "항목_2": "C이하(%)",
    "항목_3": "총비율",
    "항목_4": "100",
    "항목_5": "100",
    "항목_6": "0",
    "항목_7": "100%",
    "항목_8": "절대평가 기준",
    "항목_9": "상대평가 비율",
    "항목_10": "상대평가Ⅱ",
    "항목_11": "- 강의",
    "항목_12": "√",
    "항목_13": "√",
    "기타": "",
    "항목_15": "- 과제",
    "항목_16": "* 장애학생 교수학습지원 사항",
    "항목_17": "- 평가",
    "항목_18": "참고\n사항",
    "항목_19": "강의 파일, 자료 등 제공",
    "항목_20": "좌석배치(지정좌석) 조정",
    "항목_21": "과제 제출기한 연장",
    "항목_22": "대안적 과제 제시",
    "항목_23": "시험시간 연장",
    "항목_24": "별도의 시험 장소 제공",
    "항목_25": "※ 위 지원사항 등을 포함한 강의, 과제, 시험 등 학습과정에서 장애로 인하여 추가 지원이\n     필요한 경우 개강전 담당강사 및 장애학습 지원센터를 통해 문의 바랍니다.",
    "그 외(필요시 자유로이 추가 기술)": "",
    "항목_27": "주별",
    "항목_28": "수업목표",
    "항목_29": "수업내용",
    "항목_30": "수업방식",
    "항목_31": "주별 강의내용",
    "항목_32": "자료, 과제 및\n기타 참고사항",
    "항목_33": "온라인",
    "항목_34": "오프라인",
    "항목_35": "수업방식별시간",
    "항목_36": "1주",
    "항목_37": "자동제어란?",
    "항목_38": "교수 강의(자동제어에 관한 전반적인 소개)",
    "항목_39": "강의/문제풀이"
  },
  "핵심역량": {
    "항목_0": "직전강의평가\n및\nCQI반영사항",
    "항목_1": "직전강의평가 요구사항 반영",
    "항목_2": "구분",
    "항목_3": "소통역량",
    "항목_4": "창의역량",
    "항목_5": "인성역량",
    "항목_6": "실무역량",
    "항목_7": "도전역량",
    "항목_8": "문화역량",
    "항목_9": "합계",
    "항목_10": "대표역량",
    "항목_11": "비율(%)",
    "항목_12": "20",
    "항목_13": "10",
    "항목_14": "10",
    "항목_15": "30",
    "항목_16": "20",
    "항목_17": "10",
    "항목_18": "100",
    "항목_19": "교과목간의\n연계성",
    "항목_20": "주교재",
    "항목_21": "저자",
    "항목_22": "참고자료",
    "항목_23": "김성중",
    "항목_24": "출판사",
    "항목_25": "한빛아카데미",
    "항목_26": "출판년도",
    "항목_27": "교재언어",
    "항목_28": "권장 선수과목",
    "항목_29": "영어",
    "항목_30": "강의언어",
    "항목_31": "한국어",
    "항목_32": "필요 기자재",
    "항목_33": "전기전자공학",
    "항목_34": "권장 후수과목",
    "항목_35": "DA",
    "항목_36": "수업방식\n(복수가능√)",
    "항목_37": "강의",
    "항목_38": "발표/토론",
    "항목_39": "PBL",
    "항목_40": "플립러닝",
    "항목_41": "LMS활용",
    "항목_42": "실험실습",
    "항목_43": "기타",
    "항목_44": "√",
    "항목_45": "√",
    "항목_46": "수업운영방향",
    "항목_47": "평가계획\n(100%)",
    "항목_48": "중간",
    "항목_49": "기말",
    "항목_50": "출석",
    "항목_51": "과제물",
    "항목_52": "안전교육",
    "항목_53": "발표/토론",
    "항목_54": "수업태도",
    "항목_55": "기타",
    "항목_56": "40%",
    "항목_57": "40%",
    "항목_58": "10%",
    "항목_59": "10%",
    "항목_60": "0%",
    "항목_61": "%",
    "항목_62": "0%",
    "항목_63": "0%",
    "항목_64": "평가참고사항"
  }
}