{
  "기본정보": {
    "항목_0": "1 / 2",
    "항목_1": "전북대학교 강의계획서 (2025년 1학기)",
    "항목_2": "교과목 코드",
    "항목_3": "E-mail",
    "항목_4": "karisma2508@nate.com",
    "항목_5": "전공선택",
    "항목_6": "연구실",
    "항목_7": "담당교수명",
    "항목_8": "연락처",
    "항목_9": "오주환",
    "항목_10": "1",
    "항목_11": "3",
    "항목_12": "0000130072",
    "항목_13": "학점",
    "항목_14": "분반",
    "항목_15": "교과목 구분",
    "항목_16": "교과목명",
    "항목_17": "운동역학활용및실습",
    "항목_18": "학과/학년",
    "항목_19": "바이오(헬스케어기기) 3",
    "항목_20": "상담가능시간",
    "항목_21": "1. 강의 기본정보",
    "항목_22": "강의실",
    "전주": "공과대학 1호관 146",
    "항목_24": "요일/시간",
    "항목_25": "목 10-A,목 10-B,목 11-A,목 11-B,목 12-A,목 12-B,목 13-A,목 13-B",
    "항목_26": "수업목표",
    "항목_27": "본 강의는 운동역학의 기초 원리를 이해하고, 이를 실습과 접목하여 신체 구조 및 움직임의 메커니즘을 체계적으로 학습하는 것을 목표로 합니다. 특히, 인체의 관절 및 근육 구조와 기능을 심도 있게 다루며, 각 신체 부위의 생체역학적 원리를 분석하여 실제 운동과 재활 프로그램 설계에 활용할 수 있도록 합니다."
  },
  "평가방법": {
    "항목_0": "A(%)",
    "항목_1": "A+B(%)",
    "항목_2": "C이하(%)",
    "항목_3": "총비율",
    "항목_4": "50",
    "항목_5": "80",
    "항목_6": "20",
    "항목_7": "100%",
    "항목_8": "절대평가 기준",
    "항목_9": "상대평가 비율",
    "항목_10": "상대평가Ⅱ",
    "항목_11": "- 강의",
    "항목_12": "√",
    "기타": "",
    "항목_14": "- 과제",
    "항목_15": "* 장애학생 교수학습지원 사항",
    "항목_16": "- 평가",
    "항목_17": "참고\n사항",
    "항목_18": "강의 파일, 자료 등 제공",
    "항목_19": "좌석배치(지정좌석) 조정",
    "항목_20": "과제 제출기한 연장",
    "항목_21": "대안적 과제 제시",
    "항목_22": "시험시간 연장",
    "항목_23": "별도의 시험 장소 제공",
    "항목_24": "※ 위 지원사항 등을 포함한 강의, 과제, 시험 등 학습과정에서 장애로 인하여 추가 지원이\n     필요한 경우 개강전 담당강사 및 장애학습 지원센터를 통해 문의 바랍니다.",
    "그 외(필요시 자유로이 추가 기술)": "",
    "항목_26": "주별",
    "항목_27": "수업목표",
    "항목_28": "수업내용",
    "항목_29": "수업방식",
    "항목_30": "주별 강의내용",
    "항목_31": "자료, 과제 및\n기타 참고사항",
    "항목_32": "온라인",
    "항목_33": "오프라인",
    "항목_34": "수업방식별시간",
    "항목_35": "1주",
    "항목_36": "강의의 전반적인 흐름과 목표를 이해하고, 운동역학의 기초 개념 및 중요성을 학습한다.",
    "항목_37": "운동역학의 정의, 학문적 범위, 뉴만 키네시올로지 서적 소개 및 활용 계획.",
    "항목_38": "설명식",
    "항목_39": "없음"
  },
  "핵심역량": {
    "항목_0": "직전강의평가\n및\nCQI반영사항",
    "항목_1": "수업내용에 대한 의미를 좀 더 쉽게 구성하고, 온라인 강의의 보조수단을 활용하여 복습과 수업의 질을 향상 시킬 수 있도록 수업을 구성",
    "항목_2": "구분",
    "항목_3": "소통역량",
    "항목_4": "창의역량",
    "항목_5": "인성역량",
    "항목_6": "실무역량",
    "항목_7": "도전역량",
    "항목_8": "문화역량",
    "항목_9": "합계",
    "항목_10": "대표역량",
    "항목_11": "비율(%)",
    "항목_12": "10",
    "항목_13": "10",
    "항목_14": "20",
    "항목_15": "50",
    "항목_16": "10",
    "항목_17": "0",
    "항목_18": "100",
    "항목_19": "교과목간의\n연계성",
    "항목_20": "주교재",
    "항목_21": "뉴만 키네시올로지",
    "항목_22": "저자",
    "항목_23": "참고자료",
    "항목_24": "도널도 뉴만",
    "항목_25": "출판사",
    "항목_26": "범문에듀케이션",
    "항목_27": "출판년도",
    "항목_28": "2018",
    "항목_29": "교재언어",
    "항목_30": "권장 선수과목",
    "항목_31": "한국어",
    "항목_32": "강의언어",
    "항목_33": "한국어",
    "항목_34": "필요 기자재",
    "항목_35": "권장 후수과목",
    "항목_36": "DA",
    "항목_37": "수업방식\n(복수가능√)",
    "항목_38": "강의",
    "항목_39": "발표/토론",
    "항목_40": "PBL",
    "항목_41": "플립러닝",
    "항목_42": "LMS활용",
    "항목_43": "실험실습",
    "항목_44": "기타",
    "항목_45": "√",
    "항목_46": "√",
    "항목_47": "수업운영방향",
    "항목_48": "평가계획\n(100%)",
    "항목_49": "중간",
    "항목_50": "기말",
    "항목_51": "출석",
    "항목_52": "과제물",
    "항목_53": "안전교육",
    "항목_54": "발표/토론",
    "항목_55": "수업태도",
    "항목_56": "기타",
    "항목_57": "35%",
    "항목_58": "35%",
    "항목_59": "20%",
    "항목_60": "0%",
    "항목_61": "0%",
    "항목_62": "0%",
    "항목_63": "10%",
    "항목_64": "0%",
    "항목_65": "평가참고사항"
  }
}