{
  "기본정보": {
    "항목_0": "1 / 2",
    "항목_1": "전북대학교 강의계획서 (2025년 1학기)",
    "항목_2": "교과목 코드",
    "항목_3": "E-mail",
    "항목_4": "kihan@jbnu.ac.kr",
    "항목_5": "전공선택",
    "항목_6": "연구실",
    "항목_7": "공대4호관 322호",
    "항목_8": "담당교수명",
    "항목_9": "연락처",
    "항목_10": "권기한",
    "항목_11": "270-4764",
    "항목_12": "1",
    "항목_13": "3",
    "항목_14": "0000130059",
    "항목_15": "학점",
    "항목_16": "분반",
    "항목_17": "교과목 구분",
    "항목_18": "교과목명",
    "항목_19": "미래차파워트레인설계",
    "항목_20": "학과/학년",
    "항목_21": "기계설계(기계설계) 4",
    "항목_22": "상담가능시간",
    "항목_23": "1. 강의 기본정보",
    "항목_24": "강의실",
    "전주": "공과대학 9호관 206",
    "항목_26": "요일/시간",
    "항목_27": "화 3-A,화 3-B,목 1-A,목 1-B,목 2-A,목 2-B",
    "항목_28": "수업목표",
    "항목_29": "차량 구동의 기본원리가 되는 파워트레인 시스템에 대한 이해와 미래 친환경차 파워트레인의 종류와 특징, 시스템 구성에 따른 차량 성능분석 방법을 학습, 최종적으로 이러한 친환경차의 성능향상을 위한 파워트레인 시스템의 설계방법에 대한 이해를 목표로 함."
  },
  "평가방법": {
    "항목_0": "A(%)",
    "항목_1": "A+B(%)",
    "항목_2": "C이하(%)",
    "항목_3": "총비율",
    "항목_4": "100",
    "항목_5": "100",
    "항목_6": "0",
    "항목_7": "100%",
    "항목_8": "절대평가 기준",
    "항목_9": "상대평가 비율",
    "항목_10": "상대평가Ⅱ",
    "항목_11": "- 강의",
    "항목_12": "√",
    "항목_13": "√",
    "기타": "",
    "항목_15": "- 과제",
    "항목_16": "* 장애학생 교수학습지원 사항",
    "항목_17": "- 평가",
    "항목_18": "참고\n사항",
    "항목_19": "강의 파일, 자료 등 제공",
    "항목_20": "좌석배치(지정좌석) 조정",
    "항목_21": "과제 제출기한 연장",
    "항목_22": "대안적 과제 제시",
    "항목_23": "시험시간 연장",
    "항목_24": "별도의 시험 장소 제공",
    "항목_25": "※ 위 지원사항 등을 포함한 강의, 과제, 시험 등 학습과정에서 장애로 인하여 추가 지원이\n     필요한 경우 개강전 담당강사 및 장애학습 지원센터를 통해 문의 바랍니다.",
    "그 외(필요시 자유로이 추가 기술)": "",
    "항목_27": "주별",
    "항목_28": "수업목표",
    "항목_29": "수업내용",
    "항목_30": "수업방식",
    "항목_31": "주별 강의내용",
    "항목_32": "자료, 과제 및\n기타 참고사항",
    "항목_33": "온라인",
    "항목_34": "오프라인",
    "항목_35": "수업방식별시간",
    "항목_36": "1주",
    "항목_37": "강의소개 / 물체의 운동",
    "항목_38": "이론강의",
    "항목_39": "강의/문제풀이"
  },
  "핵심역량": {
    "항목_0": "직전강의평가\n및\nCQI반영사항",
    "항목_1": "직전강의평가 요구사항 반영",
    "항목_2": "구분",
    "항목_3": "소통역량",
    "항목_4": "창의역량",
    "항목_5": "인성역량",
    "항목_6": "실무역량",
    "항목_7": "도전역량",
    "항목_8": "문화역량",
    "항목_9": "합계",
    "항목_10": "대표역량",
    "항목_11": "비율(%)",
    "항목_12": "20",
    "항목_13": "10",
    "항목_14": "10",
    "항목_15": "30",
    "항목_16": "20",
    "항목_17": "10",
    "항목_18": "100",
    "항목_19": "교과목간의\n연계성",
    "항목_20": "주교재",
    "항목_21": "저자",
    "항목_22": "참고자료",
    "항목_23": "출판사",
    "항목_24": "출판년도",
    "항목_25": "교재언어",
    "항목_26": "권장 선수과목",
    "항목_27": "영어",
    "항목_28": "강의언어",
    "항목_29": "한국어",
    "항목_30": "필요 기자재",
    "항목_31": "동역학, 전기전자공학개론, 제어계측공학, 기계요소설계",
    "항목_32": "권장 후수과목",
    "항목_33": "DA",
    "항목_34": "수업방식\n(복수가능√)",
    "항목_35": "강의",
    "항목_36": "발표/토론",
    "항목_37": "PBL",
    "항목_38": "플립러닝",
    "항목_39": "LMS활용",
    "항목_40": "실험실습",
    "항목_41": "기타",
    "항목_42": "√",
    "항목_43": "√",
    "항목_44": "수업운영방향",
    "항목_45": "평가계획\n(100%)",
    "항목_46": "중간",
    "항목_47": "기말",
    "항목_48": "출석",
    "항목_49": "과제물",
    "항목_50": "안전교육",
    "항목_51": "발표/토론",
    "항목_52": "수업태도",
    "항목_53": "기타",
    "항목_54": "30%",
    "항목_55": "30%",
    "항목_56": "10%",
    "항목_57": "30%",
    "항목_58": "0%",
    "항목_59": "%",
    "항목_60": "0%",
    "항목_61": "0%",
    "항목_62": "평가참고사항"
  }
}