{
  "기본정보": {
    "항목_0": "1 / 2",
    "항목_1": "전북대학교 강의계획서 (2025년 1학기)",
    "항목_2": "교과목 코드",
    "항목_3": "E-mail",
    "항목_4": "sjhee@jbnu.ac.kr",
    "항목_5": "전공필수",
    "항목_6": "연구실",
    "항목_7": "1호관 110-1호",
    "항목_8": "담당교수명",
    "항목_9": "연락처",
    "항목_10": "송준희",
    "항목_11": "472-2881",
    "항목_12": "1",
    "항목_13": "3",
    "항목_14": "0000111553",
    "항목_15": "학점",
    "항목_16": "분반",
    "항목_17": "교과목 구분",
    "항목_18": "교과목명",
    "항목_19": "기계공학및실험",
    "항목_20": "학과/학년",
    "항목_21": "융합기술공학부(IT융합기전차공학) 3",
    "항목_22": "상담가능시간",
    "항목_23": "월, 목, 금 1교시",
    "항목_24": "1. 강의 기본정보",
    "항목_25": "강의실",
    "새만금": "캠퍼스관 309",
    "항목_27": "요일/시간",
    "항목_28": "월 5-A,월 5-B,월 6-A,월 6-B,월 7-A,월 7-B,월 8-A,월 8-B",
    "항목_29": "수업목표",
    "항목_30": "기계공학 전공과 관련된 다양한 기초 실험을 수행함으로서 실험 수행 능력과 실험 결과를 해석하는 능력을 향상시킨고, 이를 통해 전공과목에서 배운 다양한 이론에 대한 이론의 이해를 높인다. 특히 현업에서 발생하는 다양한 예를 통해 이론과 실험이 실제 산업 현장에서 어떻게 적용이 되는지를 다양하게 이해 한다."
  },
  "평가방법": {
    "항목_0": "A(%)",
    "항목_1": "A+B(%)",
    "항목_2": "C이하(%)",
    "항목_3": "총비율",
    "항목_4": "0",
    "항목_5": "0",
    "항목_6": "0",
    "항목_7": "100%",
    "항목_8": "절대평가 기준",
    "항목_9": "상대평가 비율",
    "항목_10": "상대평가Ⅰ(A30%)",
    "항목_11": "- 강의",
    "항목_12": "√",
    "항목_13": "√",
    "기타": "",
    "항목_15": "- 과제",
    "항목_16": "* 장애학생 교수학습지원 사항",
    "항목_17": "- 평가",
    "항목_18": "참고\n사항",
    "항목_19": "강의 파일, 자료 등 제공",
    "항목_20": "좌석배치(지정좌석) 조정",
    "항목_21": "과제 제출기한 연장",
    "항목_22": "대안적 과제 제시",
    "항목_23": "시험시간 연장",
    "항목_24": "별도의 시험 장소 제공",
    "항목_25": "※ 위 지원사항 등을 포함한 강의, 과제, 시험 등 학습과정에서 장애로 인하여 추가 지원이\n     필요한 경우 개강전 담당강사 및 장애학습 지원센터를 통해 문의 바랍니다.",
    "그 외(필요시 자유로이 추가 기술)": "",
    "항목_27": "주별",
    "항목_28": "수업목표",
    "항목_29": "수업내용",
    "항목_30": "수업방식",
    "항목_31": "주별 강의내용",
    "항목_32": "자료, 과제 및\n기타 참고사항",
    "항목_33": "온라인",
    "항목_34": "오프라인",
    "항목_35": "수업방식별시간",
    "항목_36": "1주",
    "항목_37": "Orientation",
    "항목_38": "- 수업 목표\n- 교재 소개\n- 강의 소개",
    "항목_39": "강의"
  },
  "핵심역량": {
    "항목_0": "직전강의평가\n및\nCQI반영사항",
    "항목_1": "반영사항 없음.",
    "항목_2": "구분",
    "항목_3": "소통역량",
    "항목_4": "창의역량",
    "항목_5": "인성역량",
    "항목_6": "실무역량",
    "항목_7": "도전역량",
    "항목_8": "문화역량",
    "항목_9": "합계",
    "항목_10": "대표역량",
    "항목_11": "비율(%)",
    "항목_12": "20",
    "항목_13": "20",
    "항목_14": "10",
    "항목_15": "30",
    "항목_16": "20",
    "항목_17": "0",
    "항목_18": "100",
    "항목_19": "교과목간의\n연계성",
    "항목_20": "주교재",
    "항목_21": "기계공학실험",
    "항목_22": "저자",
    "항목_23": "참고자료",
    "항목_24": "1. 기계공학실험 / 금오공대 기계공학부 / 문운당\n2. 기계공학실험 / 군산대학교 기계자동차공학부 / 문운당\n3. 기계공학실험 / 김동권 외 / 한티미디어",
    "항목_25": "이도형 외",
    "항목_26": "출판사",
    "항목_27": "GS인터비전",
    "항목_28": "출판년도",
    "항목_29": "2017",
    "항목_30": "교재언어",
    "항목_31": "권장 선수과목",
    "항목_32": "한국어",
    "항목_33": "강의언어",
    "항목_34": "한국어",
    "항목_35": "필요 기자재",
    "항목_36": "만능시험기 / 충격 시험기 / 피로시험기 / 현미경",
    "항목_37": "고체역학, 정역학(공업역학)",
    "항목_38": "권장 후수과목",
    "항목_39": "DA",
    "항목_40": "수업방식\n(복수가능√)",
    "항목_41": "강의",
    "항목_42": "발표/토론",
    "항목_43": "PBL",
    "항목_44": "플립러닝",
    "항목_45": "LMS활용",
    "항목_46": "실험실습",
    "항목_47": "기타",
    "항목_48": "√",
    "항목_49": "√",
    "항목_50": "√",
    "항목_51": "√",
    "항목_52": "수업운영방향",
    "항목_53": "평가계획\n(100%)",
    "항목_54": "중간",
    "항목_55": "기말",
    "항목_56": "출석",
    "항목_57": "과제물",
    "항목_58": "안전교육",
    "항목_59": "발표/토론",
    "항목_60": "수업태도",
    "항목_61": "기타",
    "항목_62": "20%",
    "항목_63": "20%",
    "항목_64": "20%",
    "항목_65": "30%",
    "항목_66": "0%",
    "항목_67": "10%",
    "항목_68": "0%",
    "항목_69": "0%",
    "항목_70": "평가참고사항"
  }
}