{
  "기본정보": {
    "항목_0": "1 / 2",
    "항목_1": "전북대학교 강의계획서 (2025년 1학기)",
    "항목_2": "교과목 코드",
    "항목_3": "E-mail",
    "항목_4": "isseo@jbnu.ac.kr",
    "항목_5": "전공필수",
    "항목_6": "연구실",
    "항목_7": "담당교수명",
    "항목_8": "연락처",
    "항목_9": "서인석",
    "항목_10": "1",
    "항목_11": "3",
    "항목_12": "0000124550",
    "항목_13": "학점",
    "항목_14": "분반",
    "항목_15": "교과목 구분",
    "항목_16": "교과목명",
    "항목_17": "재료평가및분석",
    "항목_18": "학과/학년",
    "항목_19": "신소재(정보소재) 3",
    "항목_20": "상담가능시간",
    "항목_21": "1. 강의 기본정보",
    "항목_22": "강의실",
    "전주": "공과대학 4호관 418",
    "항목_24": "요일/시간",
    "항목_25": "화 8-A,화 8-B,목 6-A,목 6-B,목 7-A,목 7-B",
    "항목_26": "수업목표",
    "항목_27": "재료에 대한 물성을 잘 이해하고 분석함으로써 재료의 특성에 맞게 재료를 잘 응용하고 분석평가하는 능력을 배양하는데 그 목적이 있다."
  },
  "평가방법": {
    "항목_0": "A(%)",
    "항목_1": "A+B(%)",
    "항목_2": "C이하(%)",
    "항목_3": "총비율",
    "항목_4": "0",
    "항목_5": "0",
    "항목_6": "0",
    "항목_7": "100%",
    "항목_8": "절대평가 기준",
    "항목_9": "상대평가 비율",
    "항목_10": "1. 재료의 기초 개념 및 평가에 관한 이해도\n2. 광학 평가 장비의 이해도 및 평가 적용에 관한 이해도",
    "항목_11": "절대평가",
    "항목_12": "- 강의",
    "항목_13": "√",
    "항목_14": "√",
    "기타": "",
    "항목_16": "- 과제",
    "항목_17": "√",
    "항목_18": "√",
    "항목_19": "* 장애학생 교수학습지원 사항",
    "항목_20": "- 평가",
    "항목_21": "√",
    "항목_22": "√",
    "항목_23": "√",
    "항목_24": "참고\n사항",
    "항목_25": "강의 파일, 자료 등 제공",
    "항목_26": "좌석배치(지정좌석) 조정",
    "항목_27": "과제 제출기한 연장",
    "항목_28": "대안적 과제 제시",
    "항목_29": "시험시간 연장",
    "항목_30": "별도의 시험 장소 제공",
    "항목_31": "※ 위 지원사항 등을 포함한 강의, 과제, 시험 등 학습과정에서 장애로 인하여 추가 지원이\n     필요한 경우 개강전 담당강사 및 장애학습 지원센터를 통해 문의 바랍니다.",
    "그 외(필요시 자유로이 추가 기술)": "",
    "항목_33": "주별",
    "항목_34": "수업목표",
    "항목_35": "수업내용",
    "항목_36": "수업방식",
    "항목_37": "주별 강의내용",
    "항목_38": "자료, 과제 및\n기타 참고사항",
    "항목_39": "온라인",
    "항목_40": "오프라인",
    "항목_41": "수업방식별시간",
    "항목_42": "1주",
    "항목_43": "재료특성 평가 개요",
    "항목_44": "재료특성 평가 개요",
    "항목_45": "강의"
  },
  "핵심역량": {
    "항목_0": "직전강의평가\n및\nCQI반영사항",
    "항목_1": "학생들의 이해를 돕기 위해서 강의 자료를 시각화하고 더 자세하게 업데이트함",
    "항목_2": "구분",
    "항목_3": "소통역량",
    "항목_4": "창의역량",
    "항목_5": "인성역량",
    "항목_6": "실무역량",
    "항목_7": "도전역량",
    "항목_8": "문화역량",
    "항목_9": "합계",
    "항목_10": "대표역량",
    "항목_11": "비율(%)",
    "항목_12": "30",
    "항목_13": "30",
    "항목_14": "10",
    "항목_15": "10",
    "항목_16": "10",
    "항목_17": "10",
    "항목_18": "100",
    "항목_19": "교과목간의\n연계성",
    "항목_20": "주교재",
    "항목_21": "교재는 교수가 자체적으로 작성",
    "항목_22": "저자",
    "항목_23": "참고자료",
    "항목_24": "서인석",
    "항목_25": "출판사",
    "항목_26": "---",
    "항목_27": "출판년도",
    "항목_28": "2016",
    "항목_29": "교재언어",
    "항목_30": "권장 선수과목",
    "항목_31": "한국어",
    "항목_32": "강의언어",
    "항목_33": "한국어",
    "항목_34": "필요 기자재",
    "항목_35": "재료과학",
    "항목_36": "권장 후수과목",
    "항목_37": "DA",
    "항목_38": "수업방식\n(복수가능√)",
    "항목_39": "강의",
    "항목_40": "발표/토론",
    "항목_41": "PBL",
    "항목_42": "플립러닝",
    "항목_43": "LMS활용",
    "항목_44": "실험실습",
    "항목_45": "기타",
    "항목_46": "√",
    "항목_47": "√",
    "항목_48": "수업운영방향",
    "항목_49": "평가계획\n(100%)",
    "항목_50": "중간",
    "항목_51": "기말",
    "항목_52": "출석",
    "항목_53": "과제물",
    "항목_54": "안전교육",
    "항목_55": "발표/토론",
    "항목_56": "수업태도",
    "항목_57": "기타",
    "항목_58": "0%",
    "항목_59": "60%",
    "항목_60": "10%",
    "항목_61": "30%",
    "항목_62": "0%",
    "항목_63": "0%",
    "항목_64": "0%",
    "항목_65": "0%",
    "항목_66": "평가참고사항"
  }
}